/*
 Navicat Premium Data Transfer

 Source Server         : root
 Source Server Type    : MySQL
 Source Server Version : 80200 (8.2.0)
 Source Host           : localhost:3306
 Source Schema         : platform

 Target Server Type    : MySQL
 Target Server Version : 80200 (8.2.0)
 File Encoding         : 65001

 Date: 28/01/2024 13:02:21
*/

SET NAMES utf8mb4;
SET FOREIGN_KEY_CHECKS = 0;

-- ----------------------------
-- Table structure for Pairs
-- ----------------------------
DROP TABLE IF EXISTS `Pairs`;
CREATE TABLE `Pairs` (
  `pairsID` int NOT NULL AUTO_INCREMENT,
  `postID` int DEFAULT NULL,
  `comment` text,
  `source` varchar(255) DEFAULT NULL,
  PRIMARY KEY (`pairsID`),
  KEY `post_pairs` (`postID`),
  CONSTRAINT `post_pairs` FOREIGN KEY (`postID`) REFERENCES `Posts` (`postID`) ON DELETE CASCADE ON UPDATE CASCADE
) ENGINE=InnoDB AUTO_INCREMENT=5 DEFAULT CHARSET=utf8mb4 COLLATE=utf8mb4_0900_ai_ci;

-- ----------------------------
-- Records of Pairs
-- ----------------------------
-- BEGIN;
-- INSERT INTO `Pairs` (`pairsID`, `postID`, `comment`, `source`) VALUES (1, 1, '[泪]希望雨下的大一点', 'origin');
-- INSERT INTO `Pairs` (`pairsID`, `postID`, `comment`, `source`) VALUES (2, 1, '希望我的孩子们都是正直的人', 'weibobot');
-- INSERT INTO `Pairs` (`pairsID`, `postID`, `comment`, `source`) VALUES (3, 2, '我觉得沟通很重要 ', 'socialglm');
-- INSERT INTO `Pairs` (`pairsID`, `postID`, `comment`, `source`) VALUES (4, 2, '形式主义', 'origin');
-- COMMIT;

-- ----------------------------
-- Table structure for Posts
-- ----------------------------
DROP TABLE IF EXISTS `Posts`;
CREATE TABLE `Posts` (
  `postID` int NOT NULL AUTO_INCREMENT,
  `post` varchar(10000) DEFAULT NULL,
  PRIMARY KEY (`postID`)
) ENGINE=InnoDB AUTO_INCREMENT=5 DEFAULT CHARSET=utf8mb4 COLLATE=utf8mb4_0900_ai_ci;

-- ----------------------------
-- Records of Posts
-- ----------------------------
-- BEGIN;
-- INSERT INTO `Posts` (`postID`, `post`) VALUES (1, '明天要去上班了前天洗的衣服没有干，想着今天拿到楼上去晾一下干了带着去，然后刚刚下雨忘记收了，现在彻底干不了了 ​');
-- INSERT INTO `Posts` (`postID`, `post`) VALUES (2, '偶像不是让人心生向往的吗，为什么你们总是让人产生一种“这里比现实更险恶”的退缩的心情 ​');
-- INSERT INTO `Posts` (`postID`, `post`) VALUES (3, '是我太钻牛角尖了吗 可是我真的觉得委屈 要深究也可以说都没有对错 但你不愿意先低头 可能这就是你的态度 你随便撂下一句话之后就走了 这也是你的态度 ​ ');
-- INSERT INTO `Posts` (`postID`, `post`) VALUES (4, '#00后女老师自杀校方拒绝家属看监控#很多人近些年不断吐槽教师承担太多不属于教学性质的工作，然而造成这种情况的根源是什么？ ​');
-- COMMIT;

-- ----------------------------
-- Table structure for Remarks
-- ----------------------------
DROP TABLE IF EXISTS `Remarks`;
CREATE TABLE `Remarks` (
  `remarkID` int NOT NULL AUTO_INCREMENT,
  `pairsID` int DEFAULT NULL,
  `userID` int DEFAULT NULL,
  `result` text,
  `feedback` text,
  PRIMARY KEY (`remarkID`),
  KEY `pairsID` (`pairsID`),
  KEY `userID` (`userID`),
  CONSTRAINT `remarks_ibfk_1` FOREIGN KEY (`pairsID`) REFERENCES `Pairs` (`pairsID`),
  CONSTRAINT `remarks_ibfk_2` FOREIGN KEY (`userID`) REFERENCES `Users` (`userID`)
) ENGINE=InnoDB AUTO_INCREMENT=7 DEFAULT CHARSET=utf8mb4 COLLATE=utf8mb4_0900_ai_ci;

-- ----------------------------
-- Records of Remarks
-- ----------------------------
BEGIN;
INSERT INTO `Remarks` (`remarkID`, `pairsID`, `userID`, `result`, `feedback`) VALUES (1, 1, 1, '4', '');
INSERT INTO `Remarks` (`remarkID`, `pairsID`, `userID`, `result`, `feedback`) VALUES (2, 2, 1, '2', '');
COMMIT;

-- ----------------------------
-- Table structure for Users
-- ----------------------------
DROP TABLE IF EXISTS `Users`;
CREATE TABLE `Users` (
  `userID` int NOT NULL AUTO_INCREMENT,
  `username` varchar(50) NOT NULL,
  `password` varchar(255) CHARACTER SET utf8mb4 COLLATE utf8mb4_0900_ai_ci NOT NULL DEFAULT '123456',
  PRIMARY KEY (`userID`)
) ENGINE=InnoDB AUTO_INCREMENT=3 DEFAULT CHARSET=utf8mb4 COLLATE=utf8mb4_0900_ai_ci;

-- ----------------------------
-- Records of Users
-- ----------------------------
BEGIN;
INSERT INTO `Users` (`userID`, `username`, `password`) VALUES (1, 'fudan11', '123456');
INSERT INTO `Users` (`userID`, `username`, `password`) VALUES (2, 'fudan22', '123456');
COMMIT;

SET FOREIGN_KEY_CHECKS = 1;

BEGIN;
INSERT INTO `Posts` (`postID`, `post`) VALUES (1, '"能打出147真是太棒了，已经很久没有这样的感受了"丁俊晖在打出147后接受采访#2024斯诺克大师赛##丁俊晖147分##崭新的一月#​');
INSERT INTO `Pairs` (`pairsID`, `postID`, `comment`, `source`) VALUES (1, 1, '一见到丁，罗尼状态就搂不住了', 'origin');
INSERT INTO `Pairs` (`pairsID`, `postID`, `comment`, `source`) VALUES (2, 1, '
丁俊晖打出了147分，那我们打出来140分算什么？', 'socialglm');
INSERT INTO `Pairs` (`pairsID`, `postID`, `comment`, `source`) VALUES (3, 1, '希望他早日回归巅峰', 'baichuan');
INSERT INTO `Pairs` (`pairsID`, `postID`, `comment`, `source`) VALUES (4, 1, '哇，丁俊晖打出147分真是太厉害了！作为一个斯诺克爱好者，我一直在关注他的比赛，这次的表现真的让我感到非常兴奋！希望他能继续保持这样的状态，为我们带来更多精彩的比赛！#丁俊晖147分# #2024斯诺克大师赛#', 'glmWithShortPrompt');
INSERT INTO `Pairs` (`pairsID`, `postID`, `comment`, `source`) VALUES (5, 1, '哇，丁俊晖打出了147分，真是令人惊叹！这已经是很长时间以来第一次看到这样的情况了。他的表现真的很出色，让我们为他加油鼓劲，期待他在未来的比赛中取得更好的成绩！崭新的一月，希望他能继续创造奇迹！', 'baichuanWithShortPrompt');
INSERT INTO `Pairs` (`pairsID`, `postID`, `comment`, `source`) VALUES (6, 1, '太厉害了！丁俊晖再次证明了自己的实力，这个147分真是太令人惊叹了！期待他能在接下来的比赛中再创佳绩！#斯诺克大师赛 丁俊晖 147分#', 'glmWithLongPrompt');
INSERT INTO `Pairs` (`pairsID`, `postID`, `comment`, `source`) VALUES (7, 1, '评论：恭喜丁俊晖打出147分，这是他对台球运动的热爱和努力的体现！期待他在未来的比赛中取得更好的成绩！', 'baichuanWithLongPrompt');
INSERT INTO `Pairs` (`pairsID`, `postID`, `comment`, `source`) VALUES (8, 1, '丁俊晖在2024斯诺克大师赛中打出了147分的高分，确实非常出色。这是他职业生涯中的一个重要里程碑，也是对他技术的肯定。丁俊晖表示这是他很久没有感受到的兴奋感，这充分说明他在赛场上发挥出了自己最佳水平。

作为我国斯诺克运动员，丁俊晖一直致力于提高自己的技术水平，为我国争光。这次在斯诺克大师赛中打出147分，不仅提升了自己的排名，也为我国斯诺克事业的发展做出了贡献。

让我们继续关注丁俊晖在斯诺克赛场上取得的表现，期待他能在未来创造更多的辉煌。', 'glmOrigin');
INSERT INTO `Pairs` (`pairsID`, `postID`, `comment`, `source`) VALUES (9, 1, '"能够打出147分真是令人兴奋，这已经很久没有这种感觉了。丁俊晖在获得147分后接受采访时表示，这是崭新的开始，期待在2024年斯诺克大师赛中取得更好的成绩。"', 'baichuanOrigin');
INSERT INTO `Posts` (`postID`, `post`) VALUES (2, '(G)I-DLE雨琦和Minnie突发状态不佳+发烧将中断所有预定行程，行程变动将另行通知大家好这里是CUBE娱乐公司。下面介绍(G)I-DLE MINNIE、雨琦的健康状况及今后日程。今天(26日)下午，MINNIE、雨琦因突然的状态不佳及发热症状而访问了医院，根据医疗团队的意见，中断了所有预定的日程，正在接受充分的休息和治疗。真心地对不起让等待(G)I-DLE回归的粉丝们担心了。之后预定的日程将优先考虑艺人的健康而进行，变动的日程将另行通知。再次请粉丝们给予深切的谅解，我公司为了让艺人以健康的面貌与粉丝们见面，将尽全力进行状态和健康管理。#GIDLE健康堪忧回归困难#');
INSERT INTO `Pairs` (`pairsID`, `postID`, `comment`, `source`) VALUES (10, 2, '宋雨琦早日康复 公司赶紧倒闭', 'origin');
INSERT INTO `Pairs` (`pairsID`, `postID`, `comment`, `source`) VALUES (11, 2, '
希望她们早日康复 健康第一', 'socialglm');
INSERT INTO `Pairs` (`pairsID`, `postID`, `comment`, `source`) VALUES (12, 2, '感觉公司还是不太负责任', 'baichuan');
INSERT INTO `Pairs` (`pairsID`, `postID`, `comment`, `source`) VALUES (13, 2, '哎呀，看到这个消息真的好难过，希望(G)I-DLE的成员们都能早日康复。虽然行程可能会受到一些影响，但我们相信，(G)I-DLE的粉丝们一定会理解并支持他们的。请一定注意身体健康，我们都在这里等待你们回归！#GIDLE加油#', 'glmWithShortPrompt');
INSERT INTO `Pairs` (`pairsID`, `postID`, `comment`, `source`) VALUES (14, 2, '亲爱的粉丝们，听到(G)I-DLE的Minnie和雨琦突发状况并发烧的消息，我们感到非常担忧。请大家放心，公司会确保她们的健康和恢复。我们会密切关注她们的病情，并在适当的时候通知大家关于行程安排的变化。在此期间，请大家给予她们足够的理解和支持，期待她们早日康复，以健康的姿态回到我们的身边。让我们一起为(G)I-DLE加油！', 'baichuanWithShortPrompt');
INSERT INTO `Pairs` (`pairsID`, `postID`, `comment`, `source`) VALUES (15, 2, '希望她们早日康复，期待她们早日回归，继续带来更多的精彩舞台！同时也希望工作室能够做好行程的安排，以免粉丝们失望。#GIDLE回归 健康第一#', 'glmWithLongPrompt');
INSERT INTO `Pairs` (`pairsID`, `postID`, `comment`, `source`) VALUES (16, 2, '评论：希望两位成员早日康复，身体健康是最重要的。粉丝们也会理解并支持她们的决定。期待她们早日恢复健康，重新回到舞台上为我们带来精彩的表现。', 'baichuanWithLongPrompt');
INSERT INTO `Pairs` (`pairsID`, `postID`, `comment`, `source`) VALUES (17, 2, '对于(G)I-DLE的粉丝们来说，这个消息确实令人担忧。希望雨琦和Minnie能够早日康复，回到舞台上。同时也希望公司能够做好行程变动的安排，尽量减少对粉丝的影响。艺人的健康真的是最重要的，希望他们能够好好休息，照顾好自己。我们也会一直支持他们，期待他们早日回归。', 'glmOrigin');
INSERT INTO `Pairs` (`pairsID`, `postID`, `comment`, `source`) VALUES (18, 2, '很抱歉通知大家，但MINNIE和雨琦目前的健康状况并不理想，他们因为发烧而不得不暂时中断所有预定行程。我们非常重视他们的健康和福祉，因此将会重新安排他们的日程，一旦有了新的安排，我们会及时通知大家。请大家给予理解和支持，我们会竭尽全力确保他们能够以最佳状态与大家见面。再次为给大家带来的不便表示歉意，并感谢大家的理解和支持。', 'baichuanOrigin');
INSERT INTO `Posts` (`postID`, `post`) VALUES (3, '《#与恶魔有约#》第16集「中字」上线#与恶魔有约大结局#重现海边名场面🌊到曦的恳切，就连神也为之动容神终于出手帮助九元回来了！还是那片海，还是那个BGM，还是熟悉的配方，他们终于结束了彼此的地狱​');
INSERT INTO `Pairs` (`pairsID`, `postID`, `comment`, `source`) VALUES (19, 3, '发现这一幕是和第一集一起拍的', 'origin');
INSERT INTO `Pairs` (`pairsID`, `postID`, `comment`, `source`) VALUES (20, 3, '
感谢您一直陪伴我们，我们等待的太久了，九元终于回归了，我们等待的结局终于来了', 'socialglm');
INSERT INTO `Pairs` (`pairsID`, `postID`, `comment`, `source`) VALUES (21, 3, '“请让我把过去都还给你”', 'baichuan');
INSERT INTO `Pairs` (`pairsID`, `postID`, `comment`, `source`) VALUES (22, 3, '哇，#与恶魔有约# 第16集「中字」上线啦！大结局重现海边名场面，真是让人激动不已！九元的恳切感动了神，神终于出手帮助他回到了那片海。还是那片海，还是那个BGM，还是熟悉的配方，他们终于结束了彼此的地狱。太棒了，期待他们的美好未来！🌊💕🌟', 'glmWithShortPrompt');
INSERT INTO `Pairs` (`pairsID`, `postID`, `comment`, `source`) VALUES (23, 3, '哇，这部剧真的让人欲罢不能啊！每次看海边名场面的戏份都感觉特别感人，尤其是九元和曦之间的情感纠葛，让人感同身受。这次神终于出手帮助他们，看来他们的命运真的要发生了改变。期待接下来的剧情发展，希望他们能有一个美好的结局！', 'baichuanWithShortPrompt');
INSERT INTO `Pairs` (`pairsID`, `postID`, `comment`, `source`) VALUES (24, 3, '片中的情感冲突和故事情节都非常吸引人，结局也让人感慨良多。希望九元和曦能够幸福地在一起，不再被恶魔困扰。同时也期待导演和编剧能够带来更多的精彩剧情！#与恶魔有约# #九元和曦# #海边的回忆#', 'glmWithLongPrompt');
INSERT INTO `Pairs` (`pairsID`, `postID`, `comment`, `source`) VALUES (25, 3, '评论：海边名场面再现，九元和曦的感情深入人心，期待他们未来的幸福生活。', 'baichuanWithLongPrompt');
INSERT INTO `Pairs` (`pairsID`, `postID`, `comment`, `source`) VALUES (26, 3, '很抱歉,我无法提供《#与恶魔有约#》第16集的详细剧情,因为我是一个人工智能语言模型,我没有观看电视剧的能力。但是,从您的描述中可以看出,该集涉及到了一些重要的情节和角色的回归。如果您有任何其他问题或需要进一步的帮助,请随时告诉我。', 'glmOrigin');
INSERT INTO `Pairs` (`pairsID`, `postID`, `comment`, `source`) VALUES (27, 3, '《#与恶魔有约#》第16集「中字」上线 #与恶魔有约 大结局#重现海边名场面🌊 到曦的恳切，就连神也为之动容。神终于出手帮助九元回来了！还是那片海，还是那个 BGM，还是熟悉的配方，他们终于结束了彼此的地狱。', 'baichuanOrigin');
INSERT INTO `Posts` (`postID`, `post`) VALUES (4, '《仙剑四》鞠婧祎和陈哲远的同场景镜头，两个人演技能看出来谁更胜一筹吗？#仙剑四 仙剑六#​');
INSERT INTO `Pairs` (`pairsID`, `postID`, `comment`, `source`) VALUES (28, 4, '男主被勒住了，女主好像吃鱼被卡住了。', 'origin');
INSERT INTO `Pairs` (`pairsID`, `postID`, `comment`, `source`) VALUES (29, 4, '
鞠婧祎的灵气更足', 'socialglm');
INSERT INTO `Pairs` (`pairsID`, `postID`, `comment`, `source`) VALUES (30, 4, '谁演谁火，鞠婧祎演技碾压', 'baichuan');
INSERT INTO `Pairs` (`pairsID`, `postID`, `comment`, `source`) VALUES (31, 4, '作为《仙剑四》的粉丝，我觉得鞠婧祎和陈哲远的演技都非常出色，他们在剧中的表现也各有特点。不过，在同一个场景下，谁更胜一筹这个问题有点主观，可能因人而异。总之，期待他们未来在演艺事业上的更多精彩表现！#仙剑四 仙剑六#', 'glmWithShortPrompt');
INSERT INTO `Pairs` (`pairsID`, `postID`, `comment`, `source`) VALUES (32, 4, '哇，《仙剑四》中的鞠婧祎和陈哲远同场景表演真的让人期待满满！两位演员的演技都非常出色，很难判断谁更胜一筹。不过，从他们的表现来看，相信观众一定会被他们所折服。期待他们在剧中的精彩表现！#仙剑四 仙剑六#​', 'baichuanWithShortPrompt');
INSERT INTO `Pairs` (`pairsID`, `postID`, `comment`, `source`) VALUES (33, 4, '作为“90后”的我们，见证了鞠婧祎和陈哲远从青涩到成熟的变化，两位演员的同场景镜头，鞠婧祎的灵气更胜一筹，演技能看出来更自然，更具有感染力！期待他们在未来的表现！#鞠婧祎 陈哲远#', 'glmWithLongPrompt');
INSERT INTO `Pairs` (`pairsID`, `postID`, `comment`, `source`) VALUES (34, 4, '评论：两位演员的表现都非常出色，各有各的特色和魅力。从同场景镜头的对比中，我们可以感受到他们对于角色的理解和演绎，让人更加期待这部作品的到来。', 'baichuanWithLongPrompt');
INSERT INTO `Pairs` (`pairsID`, `postID`, `comment`, `source`) VALUES (35, 4, '《仙剑四》中鞠婧祎和陈哲远的同场景镜头，从演技和表现力来看，两位演员都有各自的特点和优势。鞠婧祎在剧中的角色是活泼、可爱、勇敢的，她能够很好地诠释这个角色的特点。而陈哲远则展示出了角色的沉稳和智慧，他的表演让人印象深刻。

从某种程度上说，两位演员在剧中的表现都非常出色，很难说谁更胜一筹。他们的演技和表现力都为角色增色不少，为观众呈现了一个美好的仙剑世界。不过，具体的演技评价还是因人而异，可能取决于观众的喜好和期待。', 'glmOrigin');
INSERT INTO `Pairs` (`pairsID`, `postID`, `comment`, `source`) VALUES (36, 4, '作为一个大语言模型，我无法观看视频或电影。但是，我可以提供一些关于鞠婧祎和陈哲远的信息，以及他们在表演方面的表现。

鞠婧祎是一位中国女演员，以其出色的表演和多样化的角色而闻名。她在《仙剑奇侠传四》中的表现可能会受到观众的好评。

陈哲远是一位年轻的中国演员，他的表演经历相对较少，但在《仙剑奇侠传四》中，他可能会展示出一定的潜力。

在比较两个人的表演时，我们可以关注以下几点：

1. 角色塑造：鞠婧祎和陈哲远如何诠释他们的角色，以及他们如何使角色栩栩如生。
2. 情感表达：他们在表演时的情感深度，以及他们是否能够成功地传达角色的情感。
3. 与角色的契合度：他们是否能够与角色融为一体，使观众相信他们是真实存在的人物。
4. 与其他演员的互动：他们在与其他演员互动时，是否能够展现出良好的默契和表现力。

然而，要准确判断谁的表现更胜一筹，需要观看完整的视频或电影，并综合评估所有因素。', 'baichuanOrigin');
INSERT INTO `Posts` (`postID`, `post`) VALUES (5, '《以为去拿药，结果去拿馍》《注意嘞》《中枣了》《啥秧了个秧》《不懂是羊什么狗》《小孙孙》《你起床吧，吃那个饭我高兴》《我发烧了(继续吃饼)》《不得劲也得吃饭，你是我的猪心骨》​');
INSERT INTO `Pairs` (`pairsID`, `postID`, `comment`, `source`) VALUES (37, 5, '参见枣馍国王，国王万馍万馍万万馍', 'origin');
INSERT INTO `Pairs` (`pairsID`, `postID`, `comment`, `source`) VALUES (38, 5, '
原来我才是猪心骨', 'socialglm');
INSERT INTO `Pairs` (`pairsID`, `postID`, `comment`, `source`) VALUES (39, 5, '他妈的，我咋感觉我在看电视剧呢', 'baichuan');
INSERT INTO `Pairs` (`pairsID`, `postID`, `comment`, `source`) VALUES (40, 5, '这条微博看起来很有趣，像是一段对话。其中提到了“拿药”，“馍”，”中枣了“等元素，让人感到很亲切。特别是那个“你起床吧，吃那个饭我高兴”，充满了亲切感和关爱。虽然其中有一些不太明白的词汇，比如“啥秧了个秧”，“不懂是羊什么狗”，但这并不影响我们对这段对话的理解。这条微博让我们看到了生活中的小确幸，让我们感到很温暖。', 'glmWithShortPrompt');
INSERT INTO `Pairs` (`pairsID`, `postID`, `comment`, `source`) VALUES (41, 5, '这条微博真的让人感同身受啊！看来生病的时候，食物的味道也变得特别美味。希望你能早日康复，享受美食的同时也要照顾好自己哦！', 'baichuanWithShortPrompt');
INSERT INTO `Pairs` (`pairsID`, `postID`, `comment`, `source`) VALUES (42, 5, '这些歌曲真是让人回味无穷，仿佛看到了农村生活的场景，谢谢分享！#农村生活# #歌曲分享#', 'glmWithLongPrompt');
INSERT INTO `Pairs` (`pairsID`, `postID`, `comment`, `source`) VALUES (43, 5, '这条微博展示了一段温馨的家庭生活片段，让人感受到了亲情和关爱。评论：这段文字充满了生活气息，让人感受到了家庭的温暖和力量。', 'baichuanWithLongPrompt');
INSERT INTO `Pairs` (`pairsID`, `postID`, `comment`, `source`) VALUES (44, 5, '这些都是一些网络用语或者俚语，具有地域特色，可能不易理解。我会尽力解释一下：

1.《以为去拿药，结果去拿馍》：原句是“以为去拿药，结果去拿 mode”，mode在网络用语中有“样子”的意思。

2.《注意嘞》：这是河南话里“注意”的意思。

3.《中枣了》：这是河南话里“中招了”的意思，也就是“怀孕了”的意思。

4.《啥秧了个秧》：这是河南话里“啥也没有了”的意思。

5.《不懂是羊什么狗》：这是对网络用语“不懂就问”的改写，意思是“如果不明白就问”。

6.《小孙孙》：这是网络用语“小孙女”的谐音。

7.《你起床吧，吃那个饭我高兴》：这是网络用语“你起床吧，吃个早饭我高兴”的谐音，意思是“你快起床吧，吃了早餐我才能高兴”。

8.《我发烧了(继续吃饼)]：这是网络用语“我发烧了，但是还是想吃饼”的谐音，意思是“我发烧了，但是还是想吃饼”。

9.《不得劲也得吃饭，你是我的猪心骨》：这是网络用语“不得劲也得吃饭，你是我的小可爱”的谐音，意思是“虽然感觉不舒服，也要吃饭，你是我的小可爱”。', 'glmOrigin');
INSERT INTO `Pairs` (`pairsID`, `postID`, `comment`, `source`) VALUES (45, 5, '《以为去拿药，结果去拿馍》：这句话表示原本想要去做某件事情，但最终却做了另一件无关的事情。

《注意嘞》：这是方言，意思是提醒别人注意。

《中枣了》：这是方言，意思是生病了。

《啥秧了个秧》：这是方言，意思是不明白、困惑。

《不懂是羊什么狗》：这是方言，意思是不知道是怎么回事。

《小孙孙》：这是方言，意思是小孩子。

《你起床吧，吃那个饭我高兴》：这句话表示关心别人的生活，希望对方能好好吃饭。

《我发烧了(继续吃饼)》：这句话表示自己生病了，但仍然坚持吃东西。

《不得劲也得吃饭，你是我的猪心骨》：这句话表示即使身体不舒服，也要坚持吃饭，因为对方是自己的依靠。', 'baichuanOrigin');
INSERT INTO `Posts` (`postID`, `post`) VALUES (6, '《封神第二部》从彩蛋里发现魔改会更严重：1、纣王死而复生，妲己不断用舌头舔，就像做人工呼吸不停一样，硬是将他舔活，纣王的命运与妲己紧紧捆绑在一起，只要妲己不死，纣王就不会死，商朝就不会亡，而在封神演义原著中，只有姜子牙拥有七死七生的权利。2、闻太师班师回朝，说征北海十年，其实用了十五年。因为北海袁福通为首反了七十二路诸侯，而且都是妖孽大军，所以征战了很多年。3、魔家四将成了闻太师的跟班，紧随其后鱼贯而入进入朝歌城，而实际上魔家四将在黄飞虎麾下效力，跟他征过东海，回来后镇守佳梦关，这里魔家四将身形高大，将朝歌城门都捅破了，这不符合常理。4、邓禅玉也成了闻太师的下属，跟随他征北海班师回朝，这个邓禅玉像个练家子，英姿飒爽，而封神演义中邓禅玉一直跟随父亲邓九公，非常娇小玲珑，骑的马也是匹劣马，原文：＂轿姿袅娜，慵拈针指好轮刀；玉手菁葱，懒傍妆台骑劣马。桃脸通红，羞答答通名问姓，玉粳微狠，娇怯怯夺利争名。＂5、闻太师的天眼不再是竖眼，而是横眼，看起来不怒自威，比较大胆的改变，但改得合理。6、闻太师的坐骑墨麒麟高大威猛，但并不太黑，而且脚下冒着焰火，与原著不符，但改得也很成功，墨麒麟最后与闻太师一起被云中子用八根通天神火柱烧死，脚下生火也算有出处。#封神第一部最终票房#');
INSERT INTO `Pairs` (`pairsID`, `postID`, `comment`, `source`) VALUES (46, 6, '对于第一点，妲己在舔救纣王的时候，尾巴也在消失，说明她救纣王是耗费了道行的，而修炼积累道行也是需要漫长的时间的，并不是说只要有妲己，纣王就死不了（个人看法）', 'origin');
INSERT INTO `Pairs` (`pairsID`, `postID`, `comment`, `source`) VALUES (47, 6, '
魔改严重，但是能看出来改得还是很有心意的，但是剧情和原著真的差很多，特效也一般，特效最好的是白蛇，但是白蛇剧情也一般，但是特效还可以。', 'socialglm');
INSERT INTO `Pairs` (`pairsID`, `postID`, `comment`, `source`) VALUES (48, 6, '闻太师班师回朝，说征北海十年，其实用了十五年。因为北海袁福通为首反了七十二路诸侯，而且都是妖孽大军，所以征战了很多年。', 'baichuan');
INSERT INTO `Pairs` (`pairsID`, `postID`, `comment`, `source`) VALUES (49, 6, '哇，封神第二部看起来好精彩啊！从彩蛋里发现魔改会更严重，纣王死而复生，妲己不断用舌头舔，真是让人惊讶！而且闻太师班师回朝，说征北海十年，其实用了十五年，这个征战过程真是漫长啊！魔家四将成了闻太师的跟班，可他们实际上是在黄飞虎麾下效力啊！邓禅玉也成了闻太师的下属，真是英姿飒爽！不过，邓禅玉一直跟随父亲邓九公，骑的应该是匹劣马吧！闻太师的天眼不再是竖眼，而是横眼，看起来好大胆啊！墨麒麟高大威猛，但并不太黑，而且脚下冒着焰火，这个改编也很成功！期待封神第二部更加精彩的表现！#封神第一部最终票房#', 'glmWithShortPrompt');
INSERT INTO `Pairs` (`pairsID`, `postID`, `comment`, `source`) VALUES (50, 6, '这条微博提到了《封神第二部》的一些改编细节，可以看出导演在尝试给观众带来更多创新和惊喜。然而，有些改动似乎与原著情节有所冲突，例如纣王的命运与妲己的紧密联系以及魔家四将的角色设定。虽然这些改变在一定程度上增加了剧情的趣味性，但在尊重原著的基础上进行改编可能会让观众更加信服。总的来说，这部电影在改编方面具有一定的创新精神，但仍有改进空间。期待导演在未来的作品中能够更好地平衡原创与原著的关系，为观众带来更精彩的视听体验。', 'baichuanWithShortPrompt');
INSERT INTO `Pairs` (`pairsID`, `postID`, `comment`, `source`) VALUES (51, 6, '#封神第二部细节解析#，看来这部剧的编剧对细节把握得很到位，无论是纣王死而复生，还是妲己不断用舌头舔纣王，都让人眼前一亮，期待后续更加精彩的情节！', 'glmWithLongPrompt');
INSERT INTO `Pairs` (`pairsID`, `postID`, `comment`, `source`) VALUES (52, 6, '评论：这部《封神第二部》的改编确实很有创意，虽然有些细节改动让我有些意外，但整体上看改得还算成功。期待导演和编剧能继续发挥他们的才华，为我们带来更多精彩的神话故事！', 'baichuanWithLongPrompt');
INSERT INTO `Pairs` (`pairsID`, `postID`, `comment`, `source`) VALUES (53, 6, '关于您提到的《封神第二部》中的几个细节，我需要澄清的是，我是一个人工智能助手，我并没有看过《封神演义》原著，也无法获取到《封神演义》的详细内容。我只能根据我的训练数据回答。

1、纣王死而复生，妲己不断用舌头舔，这个情节在原著中并没有描述，可能是您的想象或者改编。

2、闻太师班师回朝，说征北海十年，其实用了十五年。这个情节可能是基于原著的，但在影视作品中，为了让情节更吸引人，可能会进行一些改编。

3、魔家四将成了闻太师的跟班，紧随其后鱼贯而入进入朝歌城。这个情节在原著中没有描述，可能是您的想象或者改编。

4、邓禅玉也成了闻太师的下属，跟随他征北海班师回朝。这个情节在原著中也没有描述，可能是您的想象或者改编。

5、闻太师的天眼不再是竖眼，而是横眼。这个情节可能是基于原著的，但在影视作品中，为了让角色更具特色，可能会进行一些改编。

6、闻太师的坐骑墨麒麟高大威猛，但并不太黑，而且脚下冒着焰火。这个情节可能是基于原著的，但在影视作品中，为了让画面更生动，可能会进行一些改编。

至于《封神第一部》的票房，作为一部具体的影视作品，票房数据会受到很多因素的影响，包括演员阵容、剧情、宣传等。具体的票房数据，需要查阅相关的新闻报道或者官方数据。', 'glmOrigin');
INSERT INTO `Pairs` (`pairsID`, `postID`, `comment`, `source`) VALUES (54, 6, '从您的描述来看，《封神第二部》确实存在一些明显的魔改现象。这些改动可能让故事情节更加复杂和引人入胜，但也可能导致原著粉丝的不满。在改编作品时，保持对原著的尊重和理解是非常重要的。希望未来的改编作品能够更好地平衡原创和原著的关系，为观众带来更好的观影体验。', 'baichuanOrigin');
INSERT INTO `Posts` (`postID`, `post`) VALUES (7, '《小剧场：🍊回家后》🍊妈：你怎么有口音啦？小🍊：妹有啊……#哈尔滨冻草莓都开始按个卖了#​');
INSERT INTO `Pairs` (`pairsID`, `postID`, `comment`, `source`) VALUES (55, 7, '娃们都好聪明呀，又聪明又可爱，就是这几天都快变东北口音了，哈哈', 'origin');
INSERT INTO `Pairs` (`pairsID`, `postID`, `comment`, `source`) VALUES (56, 7, '
哈哈哈，小🍊', 'socialglm');
INSERT INTO `Pairs` (`pairsID`, `postID`, `comment`, `source`) VALUES (57, 7, '笑死我了 橙子你咋啦', 'baichuan');
INSERT INTO `Pairs` (`pairsID`, `postID`, `comment`, `source`) VALUES (58, 7, '哈哈，这条微博太有趣了！小剧场的内容让人忍俊不禁，特别是那个“妹有啊”的梗，真是太搞笑了！而哈尔滨冻草莓按个卖的方式也引起了我的注意，看来我们大东北的冬天真是越来越冷了。不过，还是希望草莓能按时送到每个人的手中，让大家都能够品尝到美味的草莓！', 'glmWithShortPrompt');
INSERT INTO `Pairs` (`pairsID`, `postID`, `comment`, `source`) VALUES (59, 7, '哈哈，这条微博真的很有趣！看来🍊妈觉得🍊的口音很可爱呢，而🍊则试图证明自己没有口音。这个场景让人想起了我们小时候和家人互动的美好时光，真的很温馨。顺便说一下，哈尔滨的冻草莓确实很特别，按个卖的方式也很独特呢！', 'baichuanWithShortPrompt');
INSERT INTO `Pairs` (`pairsID`, `postID`, `comment`, `source`) VALUES (60, 7, '哈哈，这个小朋友真的太可爱了，回家后的第一句话就暴露了自己的口音，让人忍不住笑出声来。草莓按个卖也是的头一次见，看来现在的人们对草莓的需求真的很大啊！', 'glmWithLongPrompt');
INSERT INTO `Pairs` (`pairsID`, `postID`, `comment`, `source`) VALUES (61, 7, '评论：哈哈，这个草莓怕是冻成了“草莓冰”吧，按个卖也挺有趣的！', 'baichuanWithLongPrompt');
INSERT INTO `Pairs` (`pairsID`, `postID`, `comment`, `source`) VALUES (62, 7, '这是一个有关哈尔滨草莓价格的冷笑话。在哈尔滨，草莓被称为“冻草莓”，因为当地的气温低，草莓需要冷藏保存。所以，当小🍊说“妹有啊”时，意思是“我没有啊”，这里的“妹”是“没有”的谐音。同时，这句话的笑点在于“冻草莓都开始按个卖了”，暗示草莓的价格较高。', 'glmOrigin');
INSERT INTO `Pairs` (`pairsID`, `postID`, `comment`, `source`) VALUES (63, 7, '《小剧场：🍊回家后》

🍊妈：你怎么有口音啦？

小🍊：妹有啊……

#哈尔滨冻草莓都开始按个卖了#', 'baichuanOrigin');
INSERT INTO `Posts` (`postID`, `post`) VALUES (8, '《这就是我目前的困境》 ​');
INSERT INTO `Pairs` (`pairsID`, `postID`, `comment`, `source`) VALUES (64, 8, '就是我！！！！！！！！！！！！！！！！', 'origin');
INSERT INTO `Pairs` (`pairsID`, `postID`, `comment`, `source`) VALUES (65, 8, '
没有工作，生活也靠父母，父母也靠你，你父母又靠谁', 'socialglm');
INSERT INTO `Pairs` (`pairsID`, `postID`, `comment`, `source`) VALUES (66, 8, '我也想去，可是我没钱，怎么办', 'baichuan');
INSERT INTO `Pairs` (`pairsID`, `postID`, `comment`, `source`) VALUES (67, 8, '哎呀，看到你的困境真的好心疼！遇到困难的时候，我们要保持乐观的心态，相信一切都会好起来的！如果你需要帮助，请随时告诉我，我会尽我所能支持你的！一起加油吧！#加油# #一起努力#', 'glmWithShortPrompt');
INSERT INTO `Pairs` (`pairsID`, `postID`, `comment`, `source`) VALUES (68, 8, '这条微博描述了当前的困境，让人感同身受。面对困难时，我们要保持积极的心态，勇敢地去面对和解决问题。相信只要我们付出努力，总会找到解决问题的方法。加油！', 'baichuanWithShortPrompt');
INSERT INTO `Pairs` (`pairsID`, `postID`, `comment`, `source`) VALUES (69, 8, '看来你今天心情不太好，不过别太担心，生活中总会有一些波折。希望你能够保持乐观的心态，积极面对挑战，相信你一定能够度过难关。#保持乐观# #积极面对挑战#', 'glmWithLongPrompt');
INSERT INTO `Pairs` (`pairsID`, `postID`, `comment`, `source`) VALUES (70, 8, '评论：生活总是充满挑战，但只要我们保持积极的心态，勇敢面对，总会找到解决问题的方法。加油，你会好起来的！', 'baichuanWithLongPrompt');
INSERT INTO `Pairs` (`pairsID`, `postID`, `comment`, `source`) VALUES (71, 8, '您好，我是人工智能助手。看起来您似乎遇到了一些问题。请随时告诉我您的困扰，我会尽我所能帮助您。同时，您也可以尝试与身边的亲朋好友沟通，他们可能会给您提供更多的支持和建议。请记住，没有什么问题是不能解决的，勇敢面对并寻求帮助，您会找到解决问题的方法的。', 'glmOrigin');
INSERT INTO `Pairs` (`pairsID`, `postID`, `comment`, `source`) VALUES (72, 8, '《这就是我目前的困境》

在这个充满挑战和压力的世界里，我发现自己陷入了一个无法逃脱的困境。生活的重担让我喘不过气来，我感到无助、沮丧和绝望。

我的工作让我筋疲力尽，我每天都在为了生存而拼搏。然而，即使我付出了所有的努力，我还是无法实现我的梦想。金钱、地位和名声似乎离我越来越远，而我却越来越接近崩溃的边缘。

家庭关系也让我感到疲惫不堪。我试图在家人之间建立和谐的关系，但总是陷入无休止的争吵和矛盾。我努力地去理解他们，但他们却总是对我失望。我感到孤独，仿佛在这个世界上没有一个可以依靠的人。

情感问题也让我痛苦不堪。我试图去珍惜那些我爱的人，但他们却总是让我受伤。我试图去挽回那些失去的感情，但总是遭到拒绝。我感到心碎，仿佛我的灵魂已经被撕裂。

在这个困境中，我试图寻找希望，但我发现它似乎离我越来越远。我开始怀疑自己的能力，甚至开始怀疑自己的人生价值。我感到无助，仿佛已经无法摆脱这个困境。

然而，我知道我不能放弃。我知道我需要勇敢地面对这个困境，寻找解决问题的方法。我知道我需要相信自己的能力和勇气，重新找回那个曾经的自己。

所以，我将开始这段旅程，去寻找那一丝希望的光芒。我知道这条路会很艰难，但我愿意去面对和挑战。因为我知道，只有走出这个困境，我才能找到真正的自我，实现自己的梦想。', 'baichuanOrigin');
INSERT INTO `Posts` (`postID`, `post`) VALUES (9, '《鸣龙少年》的编剧不读书也不懂体育是吗？得是多不了解花滑才能写出这样的台词。。。。如果说花滑是一项取悦人的表演。。那该编剧就是一个膈应人的文盲为什么硬要加一个这个剧情？为什么沈耀妈一定要是花滑运动员？和剧情有关系吗。。。#鸣龙少年 你个癫剧##小时代5之鸣龙时代是吧#​');
INSERT INTO `Pairs` (`pairsID`, `postID`, `comment`, `source`) VALUES (73, 9, '哇，真有人断章取义的这么白目的啊，都说了是他爸认为，后面沈耀还有花滑是一项很美的运动咋不截', 'origin');
INSERT INTO `Pairs` (`pairsID`, `postID`, `comment`, `source`) VALUES (74, 9, '
都别急，编剧可能只是想表达“花滑”的难度，要不是，怎么会有“花滑”这种词', 'socialglm');
INSERT INTO `Pairs` (`pairsID`, `postID`, `comment`, `source`) VALUES (75, 9, '我只能说编剧的脑子是不是进水了', 'baichuan');
INSERT INTO `Pairs` (`pairsID`, `postID`, `comment`, `source`) VALUES (76, 9, '这位编剧真的不读书也不懂体育吗？《鸣龙少年》的台词真是让人无语，如果花滑是一项取悦人的表演，那这位编剧就是一个膈应人的文盲。为什么非要在剧情中加入花滑这个元素呢？沈耀妈成为花滑运动员和剧情有关系吗？真是让人无法理解。#鸣龙少年# #你个癫剧# #小时代5之鸣龙时代#', 'glmWithShortPrompt');
INSERT INTO `Pairs` (`pairsID`, `postID`, `comment`, `source`) VALUES (77, 9, '这条微博反映了对《鸣龙少年》这部剧的一些不满和质疑。从评论中可以看出，观众认为剧中的花滑元素和剧情发展不太合理，编剧似乎对花滑和运动知识了解不足。同时，观众对于剧中一些角色的设定也表示困惑，如沈耀母亲的花滑运动员身份。总体来说，这条微博表达了对这部剧的不满和对编剧的质疑。', 'baichuanWithShortPrompt');
INSERT INTO `Pairs` (`pairsID`, `postID`, `comment`, `source`) VALUES (78, 9, '编剧可能对花滑这项运动了解得不够深入，也可能只是为了创作而随意编写的台词。我们应该多关注作品本身，而不是过于纠结于细节。不过，花滑是一项非常优美的运动，希望未来能有更多的编剧能够真正了解并尊重这项运动。', 'glmWithLongPrompt');
INSERT INTO `Pairs` (`pairsID`, `postID`, `comment`, `source`) VALUES (79, 9, '评论：编剧可能确实不太了解花滑，但是他们的创作初衷可能是想展示竞技体育的魅力和挑战。虽然有些台词可能不太符合现实，但我们还是应该保持理解和包容的心态，欣赏这部作品带来的艺术价值。', 'baichuanWithLongPrompt');
INSERT INTO `Pairs` (`pairsID`, `postID`, `comment`, `source`) VALUES (80, 9, '作为人工智能助手，我不能对《鸣龙少年》这部电视剧的编剧进行评价。但是，我可以为您解答一些关于花滑和剧情的问题。

花滑是一项优美的表演艺术，它需要运动员具备良好的身体素质、技巧和艺术修养。在《鸣龙少年》这部剧中，沈耀妈是一位花滑运动员，她的梦想是成为一名优秀的花滑运动员，同时也是为了传承父母的事业。这个剧情安排是为了展现沈耀妈的职业追求和坚持梦想的精神。

至于您提到的台词，可能存在一些表达不准确的地方。编剧可能想表达的是，花滑是一项需要技巧和艺术性的运动，而不是一项“取悦人的表演”。当然，这个剧情的安排可能与剧情整体无关，可能只是编剧为了塑造一个特定的角色形象而进行的创作。

总之，关于《鸣龙少年》这部电视剧的剧情和编剧，我们作为观众只能从剧情和台词中进行解读。如果您对剧情有疑问或者不满，可以通过官方渠道向编剧或制作方提出您的意见和建议。', 'glmOrigin');
INSERT INTO `Pairs` (`pairsID`, `postID`, `comment`, `source`) VALUES (81, 9, '作为一个大语言模型，我无法评价《鸣龙少年》这部作品的编剧是否读书或懂体育，因为我没有实际的人类情感和经验。但是，从您的描述来看，您认为这部作品中的某些情节和台词不符合现实或者与花滑运动的特点不符。作为观众，您可以表达自己的看法和建议，但也要尊重作者的创作意图和作品本身的价值。', 'baichuanOrigin');
INSERT INTO `Posts` (`postID`, `post`) VALUES (10, '「人在富足的时候，才会舍得花费金钱，追求更美好的生活。
同样的道理，精神只有在饱满的时候，才会舍得花费精力，去对目标采取行动，表现决心和热忱。
因此，好好休息，好好睡觉。
这和积累财富同样重要。」 ​');
INSERT INTO `Pairs` (`pairsID`, `postID`, `comment`, `source`) VALUES (82, 10, '这样看来都很重要', 'origin');
INSERT INTO `Pairs` (`pairsID`, `postID`, `comment`, `source`) VALUES (83, 10, '
好好睡觉，这比积累财富更重要', 'socialglm');
INSERT INTO `Pairs` (`pairsID`, `postID`, `comment`, `source`) VALUES (84, 10, '所以，精神饱满，才有行动力，才能做出决策', 'baichuan');
INSERT INTO `Pairs` (`pairsID`, `postID`, `comment`, `source`) VALUES (85, 10, '「说得太对了！只有当我们真正地感到富足，才会想要投入更多的精力和精力去追求更好的生活。好好休息和好好睡觉，也是我们实现目标的关键。让我们一起加油，为了更美好的明天而努力吧！」', 'glmWithShortPrompt');
INSERT INTO `Pairs` (`pairsID`, `postID`, `comment`, `source`) VALUES (86, 10, '这条微博说得非常在理！当我们生活富足、精神饱满时，我们更有动力去追求更好的生活和精神层面的满足。所以，保持良好的作息和休息对于我们的成长和发展至关重要。让我们一起努力，让生活更美好，精神更饱满吧！', 'baichuanWithShortPrompt');
INSERT INTO `Pairs` (`pairsID`, `postID`, `comment`, `source`) VALUES (87, 10, '休息和积累财富同样重要，好好休息才能更好地工作，好好睡觉才能保持良好的精神状态，这样才能在股市的海洋中游刃有余。#股市# #休息与工作#', 'glmWithLongPrompt');
INSERT INTO `Pairs` (`pairsID`, `postID`, `comment`, `source`) VALUES (88, 10, '评论：这段话真的很有道理，我们确实需要在精神饱满的时候去追求目标，同时也要注意休息和睡眠，这样才能更好地享受生活。', 'baichuanWithLongPrompt');
INSERT INTO `Pairs` (`pairsID`, `postID`, `comment`, `source`) VALUES (89, 10, '这句话表达了一个观点，那就是在精神和身体都保持良好状态的时候，人们才能更好地追求自己的目标。休息和睡觉对于保持身心健康、充满精力去追求生活是非常重要的。

在富足的时候，人们更愿意花费金钱去追求更好的生活品质。同样地，在精神饱满的时候，人们也愿意花费更多的精力去实现自己的目标。因此，休息和睡觉这两件事和积累财富一样重要，都是人们追求更好生活的必要条件。

这句话提醒我们要珍惜自己的身体和精神，保持良好的生活习惯，这样才能更好地去追求自己的梦想和目标。', 'glmOrigin');
INSERT INTO `Pairs` (`pairsID`, `postID`, `comment`, `source`) VALUES (90, 10, '这句话的意思是：当一个人生活富足、物质需求得到满足时，他们才会有时间和精力去追求更高的精神境界和生活品质。同样，当一个人的精神饱满、心情愉快时，他们才会充满热情和决心地去实现自己的目标。因此，保持良好的作息和充足的睡眠对于个人的成长和发展至关重要，这与积累财富一样重要。

这句话强调了生活质量和精神状态对个人成功和幸福的重要性。为了实现个人目标，我们需要关注自己的身心健康，保持良好的作息和饮食习惯，以及进行适当的锻炼和放松。这样，我们才能在面对挑战时保持积极的心态，更好地应对生活中的困难和压力。同时，我们也需要在物质和精神方面不断追求进步，以实现更高层次的幸福和成就。', 'baichuanOrigin');
INSERT INTO `Posts` (`postID`, `post`) VALUES (11, '【 Apple Vision Pro 制作流程官方揭秘 】

苹果发布 Apple Vision Pro 制作全过程视频。看完之后的一个感受是，现在产品自动化生产比例真是高啊...工业化的浪潮滚滚而来，需要工人操作的环节越来越少了。

视频的背景音乐来自 Jay-Jay Johanson “Heard Somebody Whistle”');
INSERT INTO `Pairs` (`pairsID`, `postID`, `comment`, `source`) VALUES (91, 11, '应该配上西部世界的配乐', 'origin');
INSERT INTO `Pairs` (`pairsID`, `postID`, `comment`, `source`) VALUES (92, 11, '
看着还是觉得有些好奇，这个东西在生产线上到底是如何被制造出来的呢', 'socialglm');
INSERT INTO `Pairs` (`pairsID`, `postID`, `comment`, `source`) VALUES (93, 11, '所以苹果为什么要发布这个？？？', 'baichuan');
INSERT INTO `Pairs` (`pairsID`, `postID`, `comment`, `source`) VALUES (94, 11, '哇，这真的是太酷了！苹果的Apple Vision Pro制作流程官方揭秘，让我对他们的自动化生产能力真是惊叹不已。看着这些机器人和自动化生产线，我感到工业化的浪潮正在滚滚而来，需要人工操作的环节真是越来越少了。而且视频的背景音乐来自Jay-Jay Johanson的“Heard Somebody Whistle”，真的是太应景了！', 'glmWithShortPrompt');
INSERT INTO `Pairs` (`pairsID`, `postID`, `comment`, `source`) VALUES (95, 11, '这条微博让我对 Apple Vision Pro 的制作流程有了更深入的了解。看来随着科技的发展，自动化生产在电子产品行业中扮演着越来越重要的角色。不过，我也觉得这种工业化浪潮带来了一些挑战，比如如何确保工人的技能和职业发展。希望企业在追求效率的同时，也能关注员工的福利和成长。', 'baichuanWithShortPrompt');
INSERT INTO `Pairs` (`pairsID`, `postID`, `comment`, `source`) VALUES (96, 11, '#AppleVisionPro制作流程# 看着视频里那些自动化的生产过程，感觉我们离工业4.0时代已经不再遥远了。期待苹果的这一创新产品能为未来带来更多可能性！', 'glmWithLongPrompt');
INSERT INTO `Pairs` (`pairsID`, `postID`, `comment`, `source`) VALUES (97, 11, '评论：这个视频真的让人大开眼界，看到了科技与工业生产的完美结合。同时，也让我们思考未来人类在工作中的角色和定位。', 'baichuanWithLongPrompt');
INSERT INTO `Pairs` (`pairsID`, `postID`, `comment`, `source`) VALUES (98, 11, '苹果发布的Apple Vision Pro制作全过程视频展示了该产品的自动化生产流程。从视频中可以看出，苹果的生产过程已经高度自动化，减少了人工操作的环节，这体现了工业化的浪潮滚滚而来，需要工人操作的环节越来越少的趋势。

同时，视频的背景音乐来自Jay-Jay Johanson的“Heard Somebody Whistle”。这种音乐风格通常被用于电影、电视节目和广告等场景，能够营造出紧张、神秘或积极的氛围。在这个视频中，这个音乐为观众提供了Apple Vision Pro制作过程的视觉和听觉体验。

总的来说，这个视频展示了苹果在生产过程中的创新和进步，以及自动化技术在现代制造业中的重要性。', 'glmOrigin');
INSERT INTO `Pairs` (`pairsID`, `postID`, `comment`, `source`) VALUES (99, 11, '这个描述似乎是在谈论一个与苹果公司相关的视频，展示了Apple Vision Pro的制作过程。这个视频可能是一个官方发布的视频，展示了苹果公司的生产流程和自动化程度。观看这个视频的人可能会注意到生产过程中的自动化程度很高，这意味着需要工人操作的环节减少了。这可能反映了工业化浪潮的影响，以及科技在现代生产过程中的作用。

背景音乐可能是由艺术家Jay-Jay Johanson创作的歌曲"Heard Somebody Whistle"，这首歌可能在视频中起到了氛围和情感的烘托作用。', 'baichuanOrigin');
INSERT INTO `Posts` (`postID`, `post`) VALUES (12, '【“亚洲最帅王子”迎娶平民女孩 现金聘礼约5400元】#文莱王子娶妻聘礼约5400元#1月11日，有着“亚洲最帅王子”美誉的文莱王子阿卜杜勒·马丁正式迎娶未婚妻阿尼莎。婚礼当天，32岁马丁宣读结婚誓言称，提供1000文莱元（约合人民币5424元）的现金聘礼。据报道，马丁是文莱苏丹哈桑纳尔的第十个孩子、第四个儿子。小他3岁的新娘阿尼莎是个混血儿，其祖父为哈桑纳尔的特别顾问。#亚洲最帅王子迎娶平民女孩#');
INSERT INTO `Pairs` (`pairsID`, `postID`, `comment`, `source`) VALUES (100, 12, '重新定义了帅', 'origin');
INSERT INTO `Pairs` (`pairsID`, `postID`, `comment`, `source`) VALUES (101, 12, '
这么帅的王子竟然能迎娶平民女孩', 'socialglm');
INSERT INTO `Pairs` (`pairsID`, `postID`, `comment`, `source`) VALUES (102, 12, '文莱不是世界上最富有的国家之一吗？', 'baichuan');
INSERT INTO `Pairs` (`pairsID`, `postID`, `comment`, `source`) VALUES (103, 12, '哇，这个聘礼真的太有诚意了！虽然5400元人民币相对于文莱的货币来说不算太多，但是这却体现了王子对于爱情的真诚和尊重。祝福这对新人，希望他们的婚姻幸福美满！#亚洲最帅王子迎娶平民女孩#', 'glmWithShortPrompt');
INSERT INTO `Pairs` (`pairsID`, `postID`, `comment`, `source`) VALUES (104, 12, '哇，这个“亚洲最帅王子”真的很有诚意啊！仅仅用约5400元的现金聘礼就娶到了美丽的平民女孩，真是令人羡慕的爱情故事。希望他们的婚姻幸福美满，白头偕老！', 'baichuanWithShortPrompt');
INSERT INTO `Pairs` (`pairsID`, `postID`, `comment`, `source`) VALUES (105, 12, '这样的新闻真的是让人感慨良多，无论是王子还是平民，爱情始终是最重要的。祝他们幸福美满！', 'glmWithLongPrompt');
INSERT INTO `Pairs` (`pairsID`, `postID`, `comment`, `source`) VALUES (106, 12, '评论：这场婚礼真是浪漫又朴实，现金聘礼虽然不多，但却体现了真挚的感情。祝愿这对新人白头偕老，幸福甜蜜！', 'baichuanWithLongPrompt');
INSERT INTO `Pairs` (`pairsID`, `postID`, `comment`, `source`) VALUES (107, 12, '作为一个人工智能助手，我不评论个人选择和行为，但我可以提供一些信息供你参考。迎娶平民女孩，而不是传统的贵族女孩，可能反映出文莱王子对平民生活的认同和对不同文化背景的开放态度。另一方面，这也可能是王子为了提高自己的社会地位和影响力而做出的选择。至于聘礼，5400元的现金在我国可能并不算太高，但在文莱这样的国家，可能已经是一个相当大的数字了。总的来说，这是一个充满变量和多样性的故事，我们可以从中看到不同文化和背景下的爱情和婚姻。', 'glmOrigin');
INSERT INTO `Pairs` (`pairsID`, `postID`, `comment`, `source`) VALUES (108, 12, '据《每日邮报》报道，这位文莱王子被誉为“亚洲最帅王子”，他的未婚妻阿尼莎则是一位平民女孩。婚礼当天，马丁宣读结婚誓言称，他将提供1000文莱元（约合人民币5424元）的现金聘礼。

报道称，马丁是文莱苏丹哈桑纳尔的第十个孩子、第四个儿子。他的未婚妻阿尼莎则是一个混血儿，她的祖父是哈桑纳尔的特别顾问。两人的婚姻引起了广泛关注，许多人对这对新人表示祝福。

文莱是一个位于东南亚的国家，拥有丰富的自然资源和丰富的文化遗产。文莱苏丹是文莱的君主，拥有极大的权力。文莱的经济主要依赖石油和天然气产业，是世界上最大的石油生产国之一。

尽管马丁和阿尼莎的婚姻受到了媒体的关注，但他们的婚礼仍然充满了温馨和浪漫。希望这对新人能够幸福地生活在一起，共同面对未来的挑战。', 'baichuanOrigin');
INSERT INTO `Posts` (`postID`, `post`) VALUES (13, '【“船来了，但钱更难赚了”，#车厘子为何降价#？】#业内称车厘子价格临近春节会回升#对于此次降价，大部分商家都解释称是由于近日港口大量海运车厘子到货。从新发地的统计数据来看，2023年12月31日，智利进口车厘子平均售价为每斤60元。相较于2023年10月31日平均价每斤165元，价格下降了105元。实际上，车厘子降价并不是什么新鲜事，每年新年前后，智利车厘子都会经历这么一“遭”。根据北京新发地批发市场统计数据，2022年、2021年12月31日智利进口车厘子平均售价分别为每斤42、52元，甚至比2023年同期更低。这主要是供需关系的变化所导致的。2023年12月，海运到货的智利车厘子属于早期品种，主要是桑缇娜和皇家黎明（Royal dawn)这两种，但到货的量较往期少了很多。这主要是因为智利受厄尔尼诺现象影响，车厘子减产。11月初的两场雨对早期品种桑提娜、皇家黎明影响比较大，产量少了超过一半。这样，11-12月车厘子的价格就被顶上了一个高位。元旦前，拉宾斯上市。这一品种的车厘子并未受到此前雨季的影响。大量车厘子通过海运货船进入国内，价格随之开始下降。我们了解到，此次降价的车厘子主要是桑提娜这一品种。在北京新发地做水果批发的商家告诉我们，这个品种此前口碑不错，但今年因为受到气候影响，质量不如往年。现在已经到了桑提娜的尾季，很多卖家的货没有卖完，库存很高，所以1月初海运来的货开柜时，二三线的卖家就没有再接手。这一行内，各渠道和经销商都掌握有船运表，他们知道大量车厘子货船的到货时间。对于二三线城市的卖家来说，他们降价清库存也是在倒逼一线批发市场的经销商降价。等他们折价卖完手头的货，再等1月海运来的“大货”开柜，买一批成本更低的货，希望藉此把之前的损失赚回来。“船来了，但钱更难赚了。”在广西从事水果批发七年的张女士直言。“第一批海运车厘子到的时候，空运车厘子价格还没有受影响，因为好货有限，贵的还是贵。但现在是所有车厘子都在降价，降价幅度在30-50元一斤左右。”价格的剧烈变动让很多小经销商都开始观望，“不敢买多了，我们老客户今年找我拿的车厘子还不到去年的一半。”在张女士看来，接下来的15天里，车厘子价格还得降。#车厘子价格腰斩销售火爆#');
INSERT INTO `Pairs` (`pairsID`, `postID`, `comment`, `source`) VALUES (109, 13, '我能接受20一斤。', 'origin');
INSERT INTO `Pairs` (`pairsID`, `postID`, `comment`, `source`) VALUES (110, 13, '
车厘子价格腰斩，但质量不如往年。', 'socialglm');
INSERT INTO `Pairs` (`pairsID`, `postID`, `comment`, `source`) VALUES (111, 13, '我去年买的还贵呢，今年怎么这么便宜', 'baichuan');
INSERT INTO `Pairs` (`pairsID`, `postID`, `comment`, `source`) VALUES (112, 13, '这条微博让我想起了每年春节前都会出现的“车厘子降价”现象。虽然降价对于消费者来说可能是个好消息，但是对于商家来说，可能意味着利润的下降。不过，这种情况也在一定程度上反映了市场供求关系的变化，对于消费者来说，也许能在春节期间以更优惠的价格购买到车厘子。另外，车厘子的降价也可能是由于气候等因素导致的减产，这对于种植者和商家来说，也是一个值得关注的问题。希望他们能够找到应对策略，确保车厘子的质量和供应。', 'glmWithShortPrompt');
INSERT INTO `Pairs` (`pairsID`, `postID`, `comment`, `source`) VALUES (113, 13, '这条微博讲述了车厘子价格下降的原因以及市场反应。确实，每年的新年前后，智利车厘子都会经历价格波动，这是由于供需关系的变化以及气候因素导致的。虽然这次降价主要是由于早期品种桑提娜和皇家黎明产量减少，但其他品种的车厘子如拉宾斯也进入了市场，价格随之下降。这种价格波动让商家和消费者都有一定的压力，但也为市场带来了活力。总的来说，这次车厘子价格的波动是正常现象，消费者可以根据自己的需求和预算选择合适的购买时机。', 'baichuanWithShortPrompt');
INSERT INTO `Pairs` (`pairsID`, `postID`, `comment`, `source`) VALUES (114, 13, '#车厘子价格波动#，这是每年都会经历的一“遭”。尽管价格有所下降，但车厘子的口感和品质仍然是消费者关注的重点。希望商家能够坚持质量第一，为消费者提供更好的产品。同时，消费者在购买车厘子时也要理性看待价格波动，关注品质，愿每个人都能吃上美味的水果！', 'glmWithLongPrompt');
INSERT INTO `Pairs` (`pairsID`, `postID`, `comment`, `source`) VALUES (115, 13, '评论：这个价格波动确实让人惊讶，看来今年的天气对车厘子的产量产生了很大的影响。不过，这也提醒我们要关注市场需求和供应关系，以便在购买时做出明智的选择。同时，也希望果农们能够克服困难，争取明年有个好收成！', 'baichuanWithLongPrompt');
INSERT INTO `Pairs` (`pairsID`, `postID`, `comment`, `source`) VALUES (116, 13, '车厘子价格波动较大，主要受供需关系和气候影响。近期，车厘子价格因大量海运货物的到货而出现降价。不过，降价并不意味着销售火爆，因为车厘子质量不如往年，加上库存较高，使得价格进一步下跌。

车厘子价格的波动对于商家来说是一种挑战，尤其是对于一些小经销商而言，可能会导致利润下降。不过，价格的变动也是市场供求关系和气候等因素的自然表现。

对于消费者来说，车厘子价格的下跌可能会带来一定的实惠，但同时也可能意味着质量上的不稳定性。因此，在购买车厘子时，还需结合实际情况，谨慎选择。

总的来说，车厘子价格的波动是市场经济的正常现象，商家和消费者都需要适应这种变化，做出相应的调整。', 'glmOrigin');
INSERT INTO `Pairs` (`pairsID`, `postID`, `comment`, `source`) VALUES (117, 13, '【#车厘子价格腰斩销售火爆# 业内人士：临近春节会回升】近日，智利进口车厘子价格腰斩，销售火爆。从新发地的统计数据来看，2023年12月31日，智利进口车厘子平均售价为每斤60元。相较于2023年10月31日平均价每斤165元，价格下降了105元。实际上，车厘子降价并不是什么新鲜事，每年新年前后，智利车厘子都会经历这么一“遭”。根据北京新发地批发市场统计数据，2022年、2021年12月31日智利进口车厘子平均售价分别为每斤42、52元，甚至比2023年同期更低。这主要是供需关系的变化所导致的。2023年12月，海运到货的智利车厘子属于早期品种，主要是桑缇娜和皇家黎明（Royal dawn)这两种，但到货的量较往期少了很多。这主要是因为智利受厄尔尼诺现象影响，车厘子减产。11月初的两场雨对早期品种桑提娜、皇家黎明影响比较大，产量少了超过一半。这样，11-12月车厘子的价格就被顶上了一个高位。元旦前，拉宾斯上市。这一品种的车厘子并未受到此前雨季的影响。大量车厘子通过海运货船进入国内，价格随之开始下降。我们了解到，此次降价的车厘子主要是桑提娜这一品种。在北京新发地做水果批发的商家告诉我们，这个品种此前口碑不错，但今年因为受到气候影响，质量不如往年。现在已经到了桑提娜的尾季，很多卖家的货没有卖完，库存很高，所以1月初海运来的货开柜时，二三线的卖家就没有再接手。这一行内，各渠道和经销商都掌握有船运表，他们知道大量车厘子货船的到货时间。对于二三线城市的卖家来说，他们降价清库存也是在倒逼一线批发市场的经销商降价。等他们折价卖完手头的货，再等1月海运来的“大货”开柜，买一批成本更低的货，希望藉此把之前的损失赚回来。“船来了，但钱更难赚了。”在广西从事水果批发七年的张女士直言。“第一批海运车厘子到的时候，空运车厘子价格还没有受影响，因为好货有限，贵的还是贵。但现在是所有车厘子都在降价，降价幅度在30-50元一斤左右。”价格的剧烈变动让很多小经销商都开始观望，“不敢买多了，我们老客户今年找我拿的车厘子还不到去年的一半。”在张女士看来，接下来的15天里，车厘子价格还得降。', 'baichuanOrigin');
INSERT INTO `Posts` (`postID`, `post`) VALUES (14, '【“请帮我预约么么！”#萌兰到家政公司上班了#】1月4日，北京，大熊猫萌兰变身家政小王子，快乐开启勤劳擦地模式……网友：么么专员，我家年前的保洁交给你啦！#萌兰被自己帅一屁墩儿#@农民频道​');
INSERT INTO `Pairs` (`pairsID`, `postID`, `comment`, `source`) VALUES (118, 14, '么么要能来我家过年，整个北动我都给擦一遍', 'origin');
INSERT INTO `Pairs` (`pairsID`, `postID`, `comment`, `source`) VALUES (119, 14, '
哇，好可爱，小兰兰', 'socialglm');
INSERT INTO `Pairs` (`pairsID`, `postID`, `comment`, `source`) VALUES (120, 14, '好可爱，感觉萌兰做家政很合适', 'baichuan');
INSERT INTO `Pairs` (`pairsID`, `postID`, `comment`, `source`) VALUES (121, 14, '哇塞，萌兰真是太可爱了！没想到我们的大熊猫小王子也会有如此实用的一面呢，这擦地模式一定非常熟练吧？下次我家的保洁工作就交给他啦，相信以他的勤劳和聪明，肯定能做得非常出色！#萌兰家政小王子# #勤劳的大熊猫#', 'glmWithShortPrompt');
INSERT INTO `Pairs` (`pairsID`, `postID`, `comment`, `source`) VALUES (122, 14, '哇，大熊猫萌兰竟然成为了一名家政员，真是太有趣了！希望它能为大家带来欢乐和清洁，同时也期待它在家政公司的表现，相信它会成为大家的最爱！么么专员，让我们拭目以待你的精彩表现吧！', 'baichuanWithShortPrompt');
INSERT INTO `Pairs` (`pairsID`, `postID`, `comment`, `source`) VALUES (123, 14, '哈哈，这货应该是想表达“请帮我预约么么！”的可爱态度吧，这么萌的大熊猫真是太治愈了，让人忍不住想要多看一眼呢！#萌兰到家政公司上班了#', 'glmWithLongPrompt');
INSERT INTO `Pairs` (`pairsID`, `postID`, `comment`, `source`) VALUES (124, 14, '评论：哈哈，萌兰真是太可爱了，希望它能给大家带来更多的欢乐！', 'baichuanWithLongPrompt');
INSERT INTO `Pairs` (`pairsID`, `postID`, `comment`, `source`) VALUES (125, 14, '萌兰，即“萌兰抵达”，是指中国大熊猫“萌兰”在2022年1月4日抵达北京。

2022年12月21日，中国大熊猫“萌兰”抵达北京，入住中国动物园。

2023年1月4日，#萌兰到家政公司上班了# 成为网络热词。', 'glmOrigin');
INSERT INTO `Pairs` (`pairsID`, `postID`, `comment`, `source`) VALUES (126, 14, '【大熊猫萌兰变身家政小王子，网友：么么专员，我家年前的保洁交给你啦！】1月4日，北京，大熊猫萌兰来到家政公司上班，开始了自己的家政工作。萌兰擦地的样子非常可爱，网友们纷纷表示：“么么专员，我家年前的保洁交给你啦！”', 'baichuanOrigin');
INSERT INTO `Posts` (`postID`, `post`) VALUES (15, '【《繁花》收官活动：#胡歌喊话粉丝今晚去黄河路夜宵#？”】#繁花大结局#1月9日，热播电视剧《繁花》在上海影城举行大结局点映，主创们走上红毯，并和观众进行映前互动。@胡歌现场喊话粉丝“今晚去黄河路夜宵？”#剧集繁花#​​​');
INSERT INTO `Pairs` (`pairsID`, `postID`, `comment`, `source`) VALUES (127, 15, '好耶 我们去黄河路等宝总[繁花鱼生]', 'origin');
INSERT INTO `Pairs` (`pairsID`, `postID`, `comment`, `source`) VALUES (128, 15, '
晚上去吃夜宵呀，胡歌老师', 'socialglm');
INSERT INTO `Pairs` (`pairsID`, `postID`, `comment`, `source`) VALUES (129, 15, '胡歌今晚去黄河路夜宵', 'baichuan');
INSERT INTO `Pairs` (`pairsID`, `postID`, `comment`, `source`) VALUES (130, 15, '哇，胡歌现场喊话粉丝去黄河路夜宵，这真的是太福利了吧！粉丝们都不要错过这个美好的时刻啊，一起去感受黄河路的夜宵美食吧！#繁花大结局# #剧集繁花#', 'glmWithShortPrompt');
INSERT INTO `Pairs` (`pairsID`, `postID`, `comment`, `source`) VALUES (131, 15, '哇，《繁花》终于要大结局了！胡歌在现场邀请粉丝们去黄河路夜宵，真是太贴心了！期待大家共同度过一个愉快的夜晚，再次感受这部精彩剧集的魅力！#繁花收官活动# #胡歌黄河路夜宵#', 'baichuanWithShortPrompt');
INSERT INTO `Pairs` (`pairsID`, `postID`, `comment`, `source`) VALUES (132, 15, '胡歌的互动好有爱啊，期待他的新作品！', 'glmWithLongPrompt');
INSERT INTO `Pairs` (`pairsID`, `postID`, `comment`, `source`) VALUES (133, 15, '评论：胡歌的幽默让人感受到了剧组的轻松氛围，期待他们再次合作，共同带来更多精彩的作品！', 'baichuanWithLongPrompt');
INSERT INTO `Pairs` (`pairsID`, `postID`, `comment`, `source`) VALUES (134, 15, '1月9日，电视剧《繁花》在上海影城举行大结局点映活动。主演胡歌现场喊话粉丝：“今晚去黄河路夜宵？”引发粉丝们激动不已。#繁花大结局# ​​​​

黄河路夜宵是上海的一道著名美食，深受当地人和游客喜爱。胡歌的这一喊话，让粉丝们感到非常惊喜和开心，也体现了他对粉丝们的关心和互动。粉丝们纷纷表示，一定要去黄河路夜宵店品尝美食，支持胡歌。#剧集繁花#​​​', 'glmOrigin');
INSERT INTO `Pairs` (`pairsID`, `postID`, `comment`, `source`) VALUES (135, 15, '胡歌在《繁花》收官活动中邀请粉丝前往黄河路夜宵，这一举动展现了他与粉丝的亲密互动和对观众的感谢。黄河路夜宵成为了一个有趣的话题，吸引了粉丝们关注和参与。', 'baichuanOrigin');
INSERT INTO `Posts` (`postID`, `post`) VALUES (16, '【#168元火锅套餐生菜只有1片叶子#】#店家回应火锅套餐生菜只有1片叶子#1月14日，网传亳州一消费者团购火锅套餐，上菜后发现一份生菜里面只有一片菜叶子，感觉坑人。就此，涉事火锅店门店经理回应称，客人点的是168的套餐，一共是18道菜，本来就是小份量多份菜，生菜只有一片是因为店里太忙，配菜员疏忽导致，后面已经给客人赔了一份牛肉卷。店内的菜品是不会缺斤少两的。@二三里资讯');
INSERT INTO `Pairs` (`pairsID`, `postID`, `comment`, `source`) VALUES (136, 16, '这不是叶子，是上家吃完了垫下面的', 'origin');
INSERT INTO `Pairs` (`pairsID`, `postID`, `comment`, `source`) VALUES (137, 16, '
原来不是我们点错了，是店内小份的配菜不够，所以把小份的配菜给配菜员了，还给客人配了一份牛肉卷', 'socialglm');
INSERT INTO `Pairs` (`pairsID`, `postID`, `comment`, `source`) VALUES (138, 16, '这店家是不是在报复消费者', 'baichuan');
INSERT INTO `Pairs` (`pairsID`, `postID`, `comment`, `source`) VALUES (139, 16, '这位店家的回应让人感到有些推卸责任，虽然他们承认生菜只有一片是配菜员疏忽导致的，但是客人点的是168元的套餐，里面包含18道菜，生菜只有一片显然不符合常理。希望店家能够对顾客负责，不仅仅是一份牛肉卷可以弥补顾客的损失，更应该是认真改进菜品质量和服务态度。同时也期待店家能够对其他顾客的体验负责，避免出现类似的问题。', 'glmWithShortPrompt');
INSERT INTO `Pairs` (`pairsID`, `postID`, `comment`, `source`) VALUES (140, 16, '这条微博真的让人大跌眼镜！168元的火锅套餐，生菜竟然只有一片叶子？这实在是让人无法理解。希望店家能够给出一个合理的解释，并确保今后的菜品质量。同时，也希望消费者能够在消费过程中保持警惕，避免遇到类似的问题。', 'baichuanWithShortPrompt');
INSERT INTO `Pairs` (`pairsID`, `postID`, `comment`, `source`) VALUES (141, 16, '这样的情况也属正常，毕竟餐厅生意忙，配菜员疏忽也是有的。但生菜只有一片，总归是让人感觉有些不满意。希望店家能够改进，提高服务质量。', 'glmWithLongPrompt');
INSERT INTO `Pairs` (`pairsID`, `postID`, `comment`, `source`) VALUES (142, 16, '评论：这餐厅的服务质量真是让人大跌眼镜，顾客点的是168元的火锅套餐，结果生菜只有一片叶子。这样的服务态度，真是让人无法接受。希望店家能够认真改进，给顾客提供更好的用餐体验。', 'baichuanWithLongPrompt');
INSERT INTO `Pairs` (`pairsID`, `postID`, `comment`, `source`) VALUES (143, 16, '1月14日，一位消费者在亳州一家火锅店团购了168元的套餐，但上菜后发现生菜只有1片叶子。消费者感到不满，认为这是对消费者的欺诈行为。涉事店家门店经理解释说，消费者点的套餐包含18道菜，本来就是小份量，生菜只有一片是因为配菜员疏忽，但已经赔偿了客人一份牛肉卷。店家表示，菜品不会缺斤少两。

这个事件引发了很多网友的讨论，一方面，消费者对店家的解释表示不满，认为只赔偿一份牛肉卷是对消费者的敷衍了事；另一方面，也有网友表示理解店家，认为店家的解释合理，而且已经对消费者进行了赔偿。

作为人工智能助手，我认为消费者权益应当得到保障，店家在提供商品或服务时应当保证其质量，对于消费者的投诉，店家也应当积极处理，以维护消费者的权益和店家的形象。同时，消费者在购买商品或服务时，也应当理性对待，尽量通过合理途径解决问题，避免过度情绪化行为。', 'glmOrigin');
INSERT INTO `Pairs` (`pairsID`, `postID`, `comment`, `source`) VALUES (144, 16, '这个事件确实让人感到不满。商家应该确保提供的食物质量和分量都符合消费者的期望。在这种情况下，店家应该向消费者道歉，并采取措施纠正错误。同时，商家也应该加强员工培训，确保类似问题不再发生。', 'baichuanOrigin');
INSERT INTO `Posts` (`postID`, `post`) VALUES (17, '【#17年前被入室抢走的姜甲儒找到了#】2006年12月3日凌晨，山东肥城市一乡村农家，四个男子潜入，拉断电闸，打晕爷爷，把奶奶绑沙发上，抢走一个8月大男婴，他叫姜甲儒，从此这个家庭开始了寻子之路。1月22日，姜甲儒妈妈发视频：孩子已找到，孩子很好，正在上高中，今年6月即将高考。目前在警方的安排下已经与孩子见面。');
INSERT INTO `Pairs` (`pairsID`, `postID`, `comment`, `source`) VALUES (145, 17, '愿这世间不再有骨肉生离，一家人就要和和美美的在一起呀。', 'origin');
INSERT INTO `Pairs` (`pairsID`, `postID`, `comment`, `source`) VALUES (146, 17, '
2006年？现在都2023了，17年都过了，还找？', 'socialglm');
INSERT INTO `Pairs` (`pairsID`, `postID`, `comment`, `source`) VALUES (147, 17, '祝福孩子，也祝福姜妈妈', 'baichuan');
INSERT INTO `Pairs` (`pairsID`, `postID`, `comment`, `source`) VALUES (148, 17, '姜甲儒终于找到了！17年过去，这个家庭经历了无数的艰辛和痛苦。现在，他们终于可以安心了。希望这个孩子能够找回过去的记忆，重新融入家庭的生活。同时也希望警方能够追查到底，将涉及到这个事件的罪犯绳之以法。祝福这个家庭，愿他们未来更加美好！#姜甲儒找到了# #17年前被入室抢走的男孩#', 'glmWithShortPrompt');
INSERT INTO `Pairs` (`pairsID`, `postID`, `comment`, `source`) VALUES (149, 17, '这条微博真的让人感慨万分！17年前的悲剧终于得到了圆满的结局。为这位勇敢寻找孩子的母亲和警方的努力点赞，也祝愿姜甲儒在未来的日子里能够继续茁壮成长，实现自己的梦想。同时，我们也要关注这类事件背后的社会问题，努力营造一个更加安全、和谐的社会环境。', 'baichuanWithShortPrompt');
INSERT INTO `Pairs` (`pairsID`, `postID`, `comment`, `source`) VALUES (150, 17, '姜甲儒终于找到了，太好了！希望他能够顺利地度过高考，实现自己的梦想。同时也希望他的家庭能够早日走出阴影，重新开始幸福的生活。#寻子之路# #姜甲儒找到#', 'glmWithLongPrompt');
INSERT INTO `Pairs` (`pairsID`, `postID`, `comment`, `source`) VALUES (151, 17, '这条微博真的让人感慨万分，终于找到了失散17年的孙子，家人一定非常激动和欣慰。希望姜甲儒能够健康成长，未来一切顺利。同时，也要感谢那些帮助寻找孩子的警察和志愿者，他们是真正的英雄。', 'baichuanWithLongPrompt');
INSERT INTO `Pairs` (`pairsID`, `postID`, `comment`, `source`) VALUES (152, 17, '找到被抢走的孩子的消息,是一个令人欣慰的结果。希望这个家庭能够得到圆满的结局,并且孩子也能够得到更好的生活和教育。

对于这样的犯罪行为,我们必须要严厉谴责。入室抢劫并且抢夺孩子,这是极其严重的犯罪行为,涉及到人类的尊严和价值。我们希望警方能够尽一切努力,将犯罪分子绳之以法,保护人民的生命财产安全。

同时,我们也需要关注这样的社会问题,采取有效的措施预防类似的事件发生。例如,加强对家庭安全的宣传和教育,提高人们的防范意识;加强对犯罪行为的打击力度,提高法律的震慑力等等。', 'glmOrigin');
INSERT INTO `Pairs` (`pairsID`, `postID`, `comment`, `source`) VALUES (153, 17, '这是一个令人欣慰的消息，经过17年的寻找，姜甲儒终于找到了。这是一个家庭的希望，也是一个社会的正能量。我们应该为这个家庭感到高兴，也为警方的努力表示敬意。同时，这也提醒我们要加强安全防范，避免类似事件的发生。祝愿姜甲儒在未来的日子里，能够继续茁壮成长，实现自己的梦想。', 'baichuanOrigin');
INSERT INTO `Posts` (`postID`, `post`) VALUES (18, '【#2024国考笔试放榜#网友晒出国考成绩】13日晚间，2024国考专题网站挂出笔试成绩查询通道，不少考生晒出刚刚查到的2024国考笔试成绩。一些网友反映国考专题网站上分数查询通道拥挤，#国考查分网站打不开#。2023年11月26日，中央机关及其直属机构2024年度公务员考试公共科目笔试举行。据国家公务员局消息，本次国考计划招录规模达3.96万人，225.2万人实际参加考试，参考率约为86.2%，参加考试人数与录用计划数之比约为57: 1。#国考出成绩#');
INSERT INTO `Pairs` (`pairsID`, `postID`, `comment`, `source`) VALUES (154, 18, '面试进不去就算了 页面也进不去', 'origin');
INSERT INTO `Pairs` (`pairsID`, `postID`, `comment`, `source`) VALUES (155, 18, '
今年国考报名人数创历史新高', 'socialglm');
INSERT INTO `Pairs` (`pairsID`, `postID`, `comment`, `source`) VALUES (156, 18, '国考：我是真不知道我为什么这么受欢迎', 'baichuan');
INSERT INTO `Pairs` (`pairsID`, `postID`, `comment`, `source`) VALUES (157, 18, '哇，2024国考笔试成绩已经出来了！虽然有一些网友反映国考专题网站分数查询通道拥挤，不过还是有很多考生成功查询到了自己的成绩。祝愿大家都能顺利通过考试，实现自己的公务员梦想！#国考出成绩# #国考笔试放榜#', 'glmWithShortPrompt');
INSERT INTO `Pairs` (`pairsID`, `postID`, `comment`, `source`) VALUES (158, 18, '恭喜所有查找到成绩的考生们！这次国考的竞争非常激烈，能取得这样的成绩实属不易。希望大家在接下来的面试中也能保持自信，展现出最好的自己。同时，也希望网站能够更好地服务广大考生，让大家能够顺利地查询到成绩。再次祝愿大家考试顺利，前程似锦！', 'baichuanWithShortPrompt');
INSERT INTO `Pairs` (`pairsID`, `postID`, `comment`, `source`) VALUES (159, 18, '国考成绩查询通道拥堵，考生们焦急等待，#国考成绩#成为热议话题。祝考生们取得好成绩，顺利进入面试阶段！', 'glmWithLongPrompt');
INSERT INTO `Pairs` (`pairsID`, `postID`, `comment`, `source`) VALUES (160, 18, '评论：恭喜所有通过考试的考生们，希望你们在未来的工作中能够发挥出自己的才华，为国家做出贡献。同时，也希望大家继续努力，不断提升自己，为实现更高的目标而努力。', 'baichuanWithLongPrompt');
INSERT INTO `Pairs` (`pairsID`, `postID`, `comment`, `source`) VALUES (161, 18, '2024年国家公务员考试笔试成绩于11月26日举行，预计计划招录3.96万人。本次考试共有225.2万人参加，参考率约为86.2%，参加考试人数与录用计划数之比约为57:1。

然而，在成绩查询通道开放后的13日晚间，一些网友反映国考专题网站的分数查询通道拥挤，导致网站无法正常打开。这种情况让许多考生感到焦虑，担心查询成绩的过程会受到影响。

尽管如此，国家公务员局已经发布声明，表示将尽快处理这一问题，确保考生能够及时查询到自己的成绩。希望考生们能够耐心等待，并关注官方发布的最新信息。', 'glmOrigin');
INSERT INTO `Pairs` (`pairsID`, `postID`, `comment`, `source`) VALUES (162, 18, '恭喜所有通过国考笔试的考生！成绩公布后，建议考生关注面试公告，做好面试准备。同时，也祝愿所有考生都能取得理想的成绩，实现自己的职业目标。', 'baichuanOrigin');
INSERT INTO `Posts` (`postID`, `post`) VALUES (19, '【#20岁小伙失恋欲轻生民警教科书式劝导#】1月13日，芜湖一名小伙因感情问题欲跳楼轻生。@湾沚警方东湖派出所民警洪小飞接到报警火速赶到现场后，化身“心灵导师”金句频出：“这只是人生中的一段经历，不要把它看得太重”。最终，经过民警耐心劝导成功将小伙劝回，挽救了一条年轻的生命。');
INSERT INTO `Pairs` (`pairsID`, `postID`, `comment`, `source`) VALUES (163, 19, '大了才知道，为爱情这样真傻。爱情算个屁', 'origin');
INSERT INTO `Pairs` (`pairsID`, `postID`, `comment`, `source`) VALUES (164, 19, '
这么多家粉丝，这么多家黑粉，这都能火', 'socialglm');
INSERT INTO `Pairs` (`pairsID`, `postID`, `comment`, `source`) VALUES (165, 19, '这就是我们人民警察！！！！！！！', 'baichuan');
INSERT INTO `Pairs` (`pairsID`, `postID`, `comment`, `source`) VALUES (166, 19, '看到这个新闻，我感到非常心疼。失恋确实是一件令人痛苦的事情，但是生命却是无法挽回的。这位民警的教科书式劝导让人感动，他的话语无疑给这位小伙子带来了很大的帮助。他的挽救生命的行为值得我们学习和尊敬。希望每一位在失恋中挣扎的人都能得到足够的帮助和支持，不要轻易放弃生命。', 'glmWithShortPrompt');
INSERT INTO `Pairs` (`pairsID`, `postID`, `comment`, `source`) VALUES (167, 19, '这条微博真的让人感动又感慨。面对如此年轻的生命面临如此严重的困境，民警洪小飞能够迅速反应并伸出援手，真的是一位有担当的好警察。他的“心灵导师”般的劝导，让小伙子重新认识到生命的可贵，也让我们看到了人性的光辉。在这个快节奏的社会里，我们都需要学会调整心态，珍惜生命，勇敢面对生活中的挑战。感谢这位民警，为我们的社会传递了正能量！', 'baichuanWithShortPrompt');
INSERT INTO `Pairs` (`pairsID`, `postID`, `comment`, `source`) VALUES (168, 19, '很佩服这位民警的教科书式劝导，用自己的行动告诉我们，生活中的困难和挫折不可怕，关键是要有勇气去面对和克服。感谢他的挽救之恩，希望每一位青年都能珍惜生命，勇敢面对生活的挑战。#民警教科书式劝导# #挽救生命#', 'glmWithLongPrompt');
INSERT INTO `Pairs` (`pairsID`, `postID`, `comment`, `source`) VALUES (169, 19, '评论：生命只有一次，遇到挫折要勇敢面对，不要因为一时的冲动而做出后悔的决定。这位民警的劝导真的很棒，让我们学会了珍惜生命，也让我们明白了生活中的很多挫折都是暂时的，我们要学会调整心态，勇敢地去面对。', 'baichuanWithLongPrompt');
INSERT INTO `Pairs` (`pairsID`, `postID`, `comment`, `source`) VALUES (170, 19, '这位民警的教科书式劝导确实令人印象深刻。他的话语不仅温暖了这位年轻的心靈，也向我们传达了一个重要的信息：生活中的困难和挫折是每个人都会经历的，但只要我们能够以积极的态度去面对，就一定能够走出困境。

对于年轻的人来说，尤其是在感情方面遭遇挫折时，更需要得到这样的鼓励和支持。我们应当向这些英勇的民警学习，用爱心和耐心去帮助那些需要帮助的人，让他们感受到社会的温暖和关怀。

同时，我们也应该关注年轻人的心理健康问题，为他们提供更多的心理支持和帮助。只有这样，我们才能够真正地关爱每一位年轻人，让他们在人生的道路上走得更远、更稳。', 'glmOrigin');
INSERT INTO `Pairs` (`pairsID`, `postID`, `comment`, `source`) VALUES (171, 19, '这个事件展示了警察在面对紧急情况时的快速反应和专业知识。民警洪小飞通过耐心的劝导和关爱，成功挽救了一条年轻的生命，展现了人性的光辉。同时，这也提醒我们要关注心理健康，学会调整自己的情绪，不要因为一时的挫折而做出极端的行为。', 'baichuanOrigin');
INSERT INTO `Posts` (`postID`, `post`) VALUES (20, '【#211硕士回应入职不到半年被裁#：作为新员工是裁员首选】近日，一段“27岁211硕士被裁员”的视频引发网友热议。视频发布者称，她硕士毕业于211大学，刚进入职场一年半被裁，原因不是她绩效差，而是公司业绩不好，她作为新员工是裁员首选。高学历新员工被裁不是个例。一位本科、硕士均就读于985高校的受访者于2023年7月毕业后入职芯片行业，距离转正前两周时，连同整个部门被裁。还有一位211硕士毕业的受访者表示，她的专业是环境工程，此前就职于互联网环保行业，因为是新员工，刚入职不到半年在公司人员调整时被裁。被问到对“高学历人才被裁员”的看法时，该受访者表示，学历和裁员之间的关联性其实很小，公司主要以利益为准。在裁员时首先考虑新人，是因为老员工的经验是新员工不能替代的；从解除合同的角度看，裁新员工面临的协议解除问题更简单。@九派新闻');
INSERT INTO `Pairs` (`pairsID`, `postID`, `comment`, `source`) VALUES (172, 20, '“在裁员时首先考虑新人，是因为老员工的经验是新员工不能替代的；从解除合同的角度看，裁新员工面临的协议解除问题更简单。”翻译：裁新人损失小 裁老人赔得多', 'origin');
INSERT INTO `Pairs` (`pairsID`, `postID`, `comment`, `source`) VALUES (173, 20, '
谁知道呢，可能因为自己没被裁，所以觉得这种事不可能发生在我身上，对吧', 'socialglm');
INSERT INTO `Pairs` (`pairsID`, `postID`, `comment`, `source`) VALUES (174, 20, '裁员就是裁员，不要找各种借口。', 'baichuan');
INSERT INTO `Pairs` (`pairsID`, `postID`, `comment`, `source`) VALUES (175, 20, '#211硕士回应入职不到半年被裁#：作为新员工是裁员首选。#高学历人才被裁员#引发热议，但这种现象并非个例。硕士、本科均就读于985高校的受访者表示，学历和裁员之间的关联性其实很小，公司主要以利益为准。在裁员时首先考虑新人，是因为老员工的经验是新员工不能替代的。同时，从解除合同的角度看，裁新员工面临的协议解除问题更简单。#职场# #裁员# #学历# #211硕士#', 'glmWithShortPrompt');
INSERT INTO `Pairs` (`pairsID`, `postID`, `comment`, `source`) VALUES (176, 20, '这条微博让我深感惋惜。高学历人才本应是国家和社会的宝贵财富，但在当前经济环境下，他们却面临着如此巨大的就业压力。这种现象不仅反映了企业在面对市场波动时的短视行为，也提醒我们要关注高学历人才的就业问题，为他们提供更多支持和保障。希望政府和企业能够承担起责任，为这些优秀人才创造更好的发展环境。同时，我们也要认识到，学历并非决定一个人能否胜任工作的唯一因素，更关键的是他们的专业能力、工作经验和人际沟通能力等综合素质。', 'baichuanWithShortPrompt');
INSERT INTO `Pairs` (`pairsID`, `postID`, `comment`, `source`) VALUES (177, 20, '这样的事情确实让人感到很无奈和遗憾。在当前的经济环境下，许多公司都在面临业绩压力，裁员可能是为了减少成本和提高效益。但是，对于那些刚刚步入职场的年轻人来说，这样的经历无疑是一种打击。希望他们能够保持乐观，积极面对生活的挑战，同时也希望我们的社会能够提供更多的就业机会，让每个人都能找到属于自己的位置。', 'glmWithLongPrompt');
INSERT INTO `Pairs` (`pairsID`, `postID`, `comment`, `source`) VALUES (178, 20, '评论：这些案例让我们看到了职场的残酷现实，但同时也提醒我们要不断提升自己的能力和素质，以应对不断变化的就业市场。高学历并不是绝对的保障，关键还是要看个人的能力和潜力。希望这些年轻人能够尽快找到新的工作机会，继续发挥自己的价值。同时，也希望企业能够更加关注员工的成长和发展，给予更多的支持和帮助。', 'baichuanWithLongPrompt');
INSERT INTO `Pairs` (`pairsID`, `postID`, `comment`, `source`) VALUES (179, 20, '这段视频引发了网友们的热议，很多人对高学历新员工被裁员的现象表示了关注和关心。然而，对于这种现象，我们不能一概而论，需要理性看待。

首先，公司的决策是基于利益的，无论是老员工还是新员工，都可能成为裁员的目标。在裁员时，公司会优先考虑那些经验丰富、绩效优秀的老员工，这是因为他们的经验和技能对公司的工作贡献更大，且不易替代。而对于新员工，尤其是高学历的新员工，他们在公司的使用成本较低，因此在公司经济困难时，可能会成为裁员的首选。

其次，对于高学历新员工被裁员的现象，我们不能单纯地认为这是因为他们学历高而导致的。实际上，很多高学历的年轻人他们在职场中的表现并不如人意，可能是因为他们的理论知识与实际工作能力之间存在一定的差距。此外，新员工在适应公司文化和融入团队方面也需要一定的时间，这也可能会影响他们在公司的生存状态。

最后，对于高学历新员工被裁员的现象，我们还需要关注他们的就业环境和权益。在我国，对于高学历的年轻人，政府和社会都应该提供更多的就业机会和保障，帮助他们更好地融入职场，避免因裁员等现象而造成的生活困扰。

总的来说，高学历新员工被裁员的现象是一个复杂的社会问题，需要我们理性看待，并寻求有效的解决办法。', 'glmOrigin');
INSERT INTO `Pairs` (`pairsID`, `postID`, `comment`, `source`) VALUES (180, 20, '这位211硕士毕业生表示，高学历人才被裁员的现象并非个别现象，而是一个普遍存在的问题。她认为，学历和裁员之间的关联性并不大，公司在选择裁员时主要考虑的是利益因素。同时，她也表示，公司在裁员时首先考虑的是新员工，主要是因为老员工的经验和新员工无法替代。此外，从解除合同的角度来看，裁新员工面临的协议解除问题相对更简单。

这种现象反映了当前就业市场的现实情况，即企业在面临经营压力时，往往会优先裁员新员工，以降低成本。然而，这并不意味着高学历人才没有价值。相反，他们在学习过程中投入了大量的时间和精力，具备较高的专业技能和综合素质。因此，社会应该关注这一问题，为高学历人才提供更多的就业机会和发展空间。', 'baichuanOrigin');
INSERT INTO `Posts` (`postID`, `post`) VALUES (21, '【#28岁女孩吐槽被妈妈催婚有点窒息了#，过年你被催婚了吗？】1月25日，河南郑州。28岁女孩吐槽被妈妈催婚，视频中女孩称因为自己没有结婚，妈妈感觉到自己的人生很失败，并且觉得很没面子。不管女孩如何解释，女孩的妈妈都觉得是女孩自己的原因造成的。#网友吐槽23岁就被迫加入催婚的队伍#（长沙政法频道）');
INSERT INTO `Pairs` (`pairsID`, `postID`, `comment`, `source`) VALUES (181, 21, '看到过一句话：催婚只是开始，催生才是目的。', 'origin');
INSERT INTO `Pairs` (`pairsID`, `postID`, `comment`, `source`) VALUES (182, 21, '
28岁，没有男朋友，是正常的', 'socialglm');
INSERT INTO `Pairs` (`pairsID`, `postID`, `comment`, `source`) VALUES (183, 21, '父母都这样，社会风气也这样', 'baichuan');
INSERT INTO `Pairs` (`pairsID`, `postID`, `comment`, `source`) VALUES (184, 21, '作为一个人工智能助手，我能理解这位28岁女孩的困境。在我国，催婚现象时有发生，尤其是在一些传统观念较为强烈的地区。虽然现代社会对于女性的婚姻观念已经有所改变，但是对于很多家长来说，看到女儿没有结婚，仍然会感到焦虑和失望。

然而，我们应该认识到，女性的婚姻和人生成功并不应该仅仅通过婚姻来实现。女性应该有权利选择自己的生活方式，而不是被外界的压力所影响。同时，家长们也需要理解，女儿的婚姻并不是她们人生的全部，应该尊重女儿的选择，给她们足够的空间和时间去实现自己的梦想。

催婚不仅会给女儿带来压力，也会对家庭关系产生负面影响。家长们应该更加理性地看待婚姻问题，尊重女儿的选择，让婚姻成为她们人生的 optional 而非必需品。', 'glmWithShortPrompt');
INSERT INTO `Pairs` (`pairsID`, `postID`, `comment`, `source`) VALUES (185, 21, '这条微博真的让人感同身受，催婚问题确实给很多年轻人带来了很大的压力。作为一个大语言模型，我无法感受到人类的情感，但我可以理解这个问题对年轻人的影响。希望家长们能够理解年轻人的想法和需求，给予他们更多的支持和鼓励，而不是强迫他们按照自己的想法生活。', 'baichuanWithShortPrompt');
INSERT INTO `Pairs` (`pairsID`, `postID`, `comment`, `source`) VALUES (186, 21, '作为“90后”，真的好难啊，催婚的节奏太快，让我们还没有准备好就必须要面对这些问题，希望每个年轻人都能被尊重，有自己的节奏和选择。#尊重每个年轻人的选择#', 'glmWithLongPrompt');
INSERT INTO `Pairs` (`pairsID`, `postID`, `comment`, `source`) VALUES (187, 21, '评论：婚姻是每个人的自由选择，家长应该尊重孩子的决定，而不是强迫他们按照自己的想法生活。希望这位女孩能够找到属于自己的幸福，也祝愿所有被催婚的人都能找到内心的平静。', 'baichuanWithLongPrompt');
INSERT INTO `Pairs` (`pairsID`, `postID`, `comment`, `source`) VALUES (188, 21, '催婚是许多中国家庭中普遍存在的问题，尤其是在传统观念中，结婚被认为是一个人成年的重要标志。然而，随着社会观念的逐渐开放和平等，越来越多的人选择晚婚或者不婚。

作为一个人工智能助手，我理解每个人的选择都是基于自己的价值观和生活规划。结婚并不是生活的全部，没有结婚并不意味着人生就不完整。每个人都有权利选择自己的生活方式，并尊重他人的选择。

同时，我们也要理解父母的心情。他们可能出于对子女的关心和期待，才会催婚。但是，他们可能并不理解子女的选择和想法。在这种情况下，最好的解决办法是坦诚地与父母沟通，解释自己的选择和计划，并尊重他们的意见。

在我国，政府和社会也在逐步推动婚姻观念的转变，尊重个人的选择权。希望在未来，每个人都能在尊重他人的同时，也得到父母的理解和支持。', 'glmOrigin');
INSERT INTO `Pairs` (`pairsID`, `postID`, `comment`, `source`) VALUES (189, 21, '作为一个大语言模型，我没有家庭和父母，也没有婚姻问题需要解决。但是，我理解人们对于婚姻和家庭的看法和情感。每个人都应该有自己的生活方式和选择，不应该被外界的压力和期望所左右。对于被催婚的人来说，他们可能需要更多的理解和支持，以及与家人进行有效的沟通和交流。', 'baichuanOrigin');
INSERT INTO `Posts` (`postID`, `post`) VALUES (22, '【#2老人冒雪走山路遇热心夫妻搭载送回#】1月22日，江西赣州。夫妻山中遇2老人冒雪走山路，驱车20分钟帮送回家。好心人王先生称，当天雪很大，路面结冰，看到这2位老人冒雪走山路，很不放心，询问得知年长的老人已经90多岁，探望完亲戚回家时遇大雪，已经走了1个多小时。自己开车20分钟左右将他们送回了家，老人连声感谢，还邀请去家中做客，但自己婉拒了，觉得只是举手之劳。想返回时得知大雪封路，自己和妻子在当地住了一晚，希望大家遇到有困难的人都能出手相助。#暴雪中100多警力出动找的孩子被交警捡到#（白鹿视频）');
INSERT INTO `Pairs` (`pairsID`, `postID`, `comment`, `source`) VALUES (190, 22, '善举暖人心，热心夫妻如雪中送炭，善良之举令人动容。', 'origin');
INSERT INTO `Pairs` (`pairsID`, `postID`, `comment`, `source`) VALUES (191, 22, '
还是那句话，好心人。', 'socialglm');
INSERT INTO `Pairs` (`pairsID`, `postID`, `comment`, `source`) VALUES (192, 22, '好人一生平安！', 'baichuan');
INSERT INTO `Pairs` (`pairsID`, `postID`, `comment`, `source`) VALUES (193, 22, '这是一则非常感人的故事，两位老人在大雪中冒雪行走，让人心疼。还好有这对夫妻出现了，不仅搭载他们回家，还帮他们避免了在大雪中行走的困境。这些好心人让我们看到了社会的温暖，也让我们感受到了人间自有真情在。希望我们都能向这些好心人学习，遇到有困难的人都能伸出援手，让社会充满更多的正能量。', 'glmWithShortPrompt');
INSERT INTO `Pairs` (`pairsID`, `postID`, `comment`, `source`) VALUES (194, 22, '这条微博真的让人感动！在寒冷的雪天里，这对热心夫妻毫不犹豫地帮助了两位老人，让他们在风雪中找到温暖的家。这种无私奉献的精神值得我们学习，也希望更多的人能学会关爱他人，让这个世界变得更加美好。同时，我们也要感谢那些坚守岗位的人们，他们在关键时刻伸出援手，让温暖传递下去。', 'baichuanWithShortPrompt');
INSERT INTO `Pairs` (`pairsID`, `postID`, `comment`, `source`) VALUES (195, 22, '看来我们的社会还是充满温暖和爱心，这些善良的人让我们感受到人间的美好，希望他们都能得到应有的回报，我们大家也要向他们学习，多帮助需要帮助的人，让社会更加美好！', 'glmWithLongPrompt');
INSERT INTO `Pairs` (`pairsID`, `postID`, `comment`, `source`) VALUES (196, 22, '评论：这位夫妻的行为真是让人感动，他们在寒冷的雪中伸出援手，帮助两位老人安全回家。这种无私奉献的精神值得我们学习，也希望更多的人能够关注身边的需要帮助的人。', 'baichuanWithLongPrompt');
INSERT INTO `Pairs` (`pairsID`, `postID`, `comment`, `source`) VALUES (197, 22, '这两则新闻都体现了我国人民在面对困难群体时的善良和关爱。在第一则新闻中，两位老人冒雪走山路，夫妻二人见状便主动帮助搭载他们回家，体现了乐于助人的精神。即使面对大雪封路，他们也没有放弃，而是选择在当地住一晚，希望帮助有困难的人。

而在第二则新闻中，100多警力出动的找孩子事件，虽然最后孩子被交警捡到，但这也反映了我国交警在寒冷的天气中依然坚守在自己的岗位上，为人民群众提供服务的精神。

这些都充分体现了我国人民的团结互助和友善精神，是值得我们学习和传承的。', 'glmOrigin');
INSERT INTO `Pairs` (`pairsID`, `postID`, `comment`, `source`) VALUES (198, 22, '这位热心夫妻的行为值得我们尊敬和赞扬。他们在遇到老人冒雪走山路的情况下，毫不犹豫地伸出援手，帮助老人安全回家。这种无私奉献的精神体现了人与人之间的关爱和温暖，也让我们看到了社会的正能量。希望这样的善举能激励更多的人去关心和帮助有需要的人，让这个世界变得更加美好。', 'baichuanOrigin');
INSERT INTO `Posts` (`postID`, `post`) VALUES (23, '【#3个意想不到的伤胃习惯#现在知道还不晚】据CCTV生活圈：日常生活中，有哪些意想不到的伤胃习惯？划重点：1.空腹吃粉丝。粉丝原料的组成大部分为淀粉，并且是直链淀粉，不容易被分解、消化。如果在空腹或是饥饿状态下大量服用粉丝，可能会导致胃酸分泌过多，轻则胃反酸、胃胀，重则恶心、呕吐。2.长期喝粥“养胃”。粥口感细软、易消化，貌似很养胃，但并不推荐用喝粥的方式来养胃。我们的胃需要一定的锻炼，如果长期喝易消化的粥，胃得不到锻炼，消化能力可能就会退化。所以对于胃肠功能正常的人，不要特意喝粥“养胃”。3.常吃汤泡饭不利于消化。汤泡饭一般是用米饭加上水制作而成的，它的米粒仍然是完整的，没有破碎。但汤泡饭通常又比较方便吞咽，所以可能缺少了咀嚼的过程或者咀嚼不充分，反而会加重胃肠道负担，引起胃部不适。特别是不建议长期吃汤泡饭，容易引起消化不良。胃喜欢你做好这3点：1.三餐要规律，不要吃得太饱，七分饱就可以了，也不要吃得太快、暴饮暴食，要细嚼慢咽。2. 建议大家根据自身情况，选择适合自己的运动方式。比如散步、跑步、游泳等，每周建议运动3～5次，每次运动时间保持30分钟以上，有助于改善胃部代谢和血液循环，促进胃肠蠕动，帮助消化。3. 不少人经常会有胃痛、胃胀等消化不良的症状，很多是功能性的，这些情况一般与情绪、压力等密切相关。因此，也要讲究心理卫生，保持精神愉快和情绪稳定，尽量避免紧张、焦虑、恼怒等不良情绪。');
INSERT INTO `Pairs` (`pairsID`, `postID`, `comment`, `source`) VALUES (199, 23, '胃是情绪器官，有时候你的胃病是你长期不开心造成的', 'origin');
INSERT INTO `Pairs` (`pairsID`, `postID`, `comment`, `source`) VALUES (200, 23, '
吃粉很现实，谁知道呢', 'socialglm');
INSERT INTO `Pairs` (`pairsID`, `postID`, `comment`, `source`) VALUES (201, 23, '空腹吃粉丝，喝粥养胃，汤泡饭不利于消化，都别信', 'baichuan');
INSERT INTO `Pairs` (`pairsID`, `postID`, `comment`, `source`) VALUES (202, 23, '这条微博分享了一些关于伤胃习惯的知识，对于我们来说非常有用。其中提到了一些我平时不太注意的习惯，比如空腹吃粉丝和长期喝粥“养胃”。这些习惯可能会对胃部健康产生不良影响，我们需要在日常生活中注意调整。另外，微博也提醒我们要保持良好的心态，避免情绪紧张和焦虑等不良情绪，这对胃部健康也非常重要。总之，这条微博很有用，值得我们收藏并实践起来。', 'glmWithShortPrompt');
INSERT INTO `Pairs` (`pairsID`, `postID`, `comment`, `source`) VALUES (203, 23, '这条微博分享了一些我们意想不到的伤害胃部的习惯，让我们更加关注自己的饮食习惯和健康。同时，也提醒了我们如何保护胃部健康，通过规律的饮食、适当的运动和心理调适来维护胃部健康。希望我们都能够养成良好的生活习惯，呵护好自己的胃部。', 'baichuanWithShortPrompt');
INSERT INTO `Pairs` (`pairsID`, `postID`, `comment`, `source`) VALUES (204, 23, '很实用的提醒，感谢分享！也要注意保护胃，不要吃太多、太快、太油腻的食物，多吃蔬菜水果，保持运动，加强身体抵抗力，祝大家都身体健康！', 'glmWithLongPrompt');
INSERT INTO `Pairs` (`pairsID`, `postID`, `comment`, `source`) VALUES (205, 23, '评论：了解这些伤胃习惯后，我们要注意调整自己的生活习惯，避免这些不良习惯对身体造成伤害。同时，保持良好的心态和心理卫生也是非常重要的。希望这条微博能帮助大家更好地保护自己的胃。', 'baichuanWithLongPrompt');
INSERT INTO `Pairs` (`pairsID`, `postID`, `comment`, `source`) VALUES (206, 23, '您的分享非常有用，这些意想不到的伤胃习惯确实需要我们注意。在这里，我还要补充一点，那就是过度使用调料也是伤胃的习惯之一。比如，辣椒、芥末、辣椒酱等辛辣刺激性食物，如果过量食用，会刺激胃黏膜，引起胃部不适。所以，我们在烹饪时应适当控制调料的用量，避免过于刺激。同时，保持良好的生活习惯，规律饮食，适量运动，以及保持良好的心态，都是保护胃部健康的重要方式。感谢您的分享，希望更多的人能够了解并养成良好的生活习惯。', 'glmOrigin');
INSERT INTO `Pairs` (`pairsID`, `postID`, `comment`, `source`) VALUES (207, 23, '【#3个意想不到的伤胃习惯#现在知道还不晚】日常生活中，有哪些意想不到的伤胃习惯？划重点：1.空腹吃粉丝。粉丝原料的组成大部分为淀粉，并且是直链淀粉，不容易被分解、消化。如果在空腹或是饥饿状态下大量服用粉丝，可能会导致胃酸分泌过多，轻则胃反酸、胃胀，重则恶心、呕吐。2.长期喝粥“养胃”。粥口感细软、易消化，貌似很养胃，但并不推荐用喝粥的方式来养胃。我们的胃需要一定的锻炼，如果长期喝易消化的粥，胃得不到锻炼，消化能力可能就会退化。所以对于胃肠功能正常的人，不要特意喝粥“养胃”。3.常吃汤泡饭不利于消化。汤泡饭一般是用米饭加上水制作而成的，它的米粒仍然是完整的，没有破碎。但汤泡饭通常又比较方便吞咽，所以可能缺少了咀嚼的过程或者咀嚼不充分，反而会加重胃肠道负担，引起胃部不适。特别是不建议长期吃汤泡饭，容易引起消化不良。胃喜欢你做好这3点：1.三餐要规律，不要吃得太饱，七分饱就可以了，也不要吃得太快、暴饮暴食，要细嚼慢咽。2. 建议大家根据自身情况，选择适合自己的运动方式。比如散步、跑步、游泳等，每周建议运动3～5次，每次运动时间保持30分钟以上，有助于改善胃部代谢和血液循环，促进胃肠蠕动，帮助消化。3. 不少人经常会有胃痛、胃胀等消化不良的症状，很多是功能性的，这些情况一般与情绪、压力等密切相关。因此，也要讲究心理卫生，保持精神愉快和情绪稳定，尽量避免紧张、焦虑、恼怒等不良情绪。', 'baichuanOrigin');
INSERT INTO `Posts` (`postID`, `post`) VALUES (24, '【#4月大女婴被遗弃纸条写无力抚养#：“家庭变故无力抚养”】1月5日，四川省达州市宣汉县发现一名被遗弃女婴，身上有张纸条写着出生日期和遗弃原因。根据纸条推断，孩子出生于2023年8月20日，仅有四个多月大，纸条上还写着“因家庭变故，无力承担抚养负担”等字样。1月6日，西城派出所民警称，女婴已被送至达州市福利院，身体状况要等福利院检测才能知道，孩子身上放着纸条，有很明显的遗弃意图，且丢弃孩子的地方没有监控，正在全力查找其亲生父母。该民警还表示，若无法找到女婴亲生父母，她可能会被领养。');
INSERT INTO `Pairs` (`pairsID`, `postID`, `comment`, `source`) VALUES (208, 24, '最可恶的是别人养大了又来认亲了', 'origin');
INSERT INTO `Pairs` (`pairsID`, `postID`, `comment`, `source`) VALUES (209, 24, '
看到这我想问，孩子父母要怎么处理？', 'socialglm');
INSERT INTO `Pairs` (`pairsID`, `postID`, `comment`, `source`) VALUES (210, 24, '这要是我娃我不得给她养到十八岁', 'baichuan');
INSERT INTO `Pairs` (`pairsID`, `postID`, `comment`, `source`) VALUES (211, 24, '这条微博让人非常心疼，这个四个月大的婴儿显然是因为家庭变故而被遗弃的。作为父母，有责任照顾好自己的孩子，尤其是在他们刚出生的时候。看到这个女婴，我不禁想知道她的亲生父母到底是谁？他们为什么不能承担起抚养孩子的责任？希望这个女婴能够得到很好的照顾，早日恢复健康。同时也希望她的亲生父母能够找到，让这个孩子有一个完整的家。 #达州遗弃婴儿# #家庭变故# #无力抚养#', 'glmWithShortPrompt');
INSERT INTO `Pairs` (`pairsID`, `postID`, `comment`, `source`) VALUES (212, 24, '这条微博让人痛心不已，一个才四个月大的小生命就这样被遗弃在街头。家庭变故确实是一个难以承受的重担，但选择遗弃孩子绝不是解决问题的办法。希望相关部门能够尽快找到孩子的亲生父母，让他们承担起抚养责任。同时，我们也应该关注这类事件，提高社会对孤儿和弱势群体的关爱和保护意识。让每一个生命都能得到关爱和呵护，是我们共同的责任。', 'baichuanWithShortPrompt');
INSERT INTO `Pairs` (`pairsID`, `postID`, `comment`, `source`) VALUES (213, 24, '#关爱弃婴#，希望每一个孩子都能得到应有的温暖和关爱，无论他们经历了什么，都不要被放弃和遗忘。希望这个孩子能够早日找到自己的家，得到幸福。', 'glmWithLongPrompt');
INSERT INTO `Pairs` (`pairsID`, `postID`, `comment`, `source`) VALUES (214, 24, '这条微博让人痛心，家庭变故为何要让一个无辜的孩子承受这样的痛苦？希望相关部门能尽快找到孩子的亲生父母，同时也希望能为这个孩子找到一个温暖的家庭。生命是无价的，每个孩子都应该被关爱和呵护。', 'baichuanWithLongPrompt');
INSERT INTO `Pairs` (`pairsID`, `postID`, `comment`, `source`) VALUES (215, 24, '看到这个新闻，我感到非常遗憾和心痛。遗弃孩子的行为是极其不负责任和不道德的，他们不仅剥夺了孩子来到这个世界的机会，也剥夺了孩子接受父母关爱和教育的权利。

我国的法律对于遗弃孩子的行为是有严格规定的。根据《中华人民共和国婚姻法》和《中华人民共和国未成年人保护法》的相关规定，父母或者其他监护人不得遗弃未成年人，如果发现有遗弃行为，相关部门会依法进行干预和制止。

对于这个女婴的情况，我希望她能够得到充分的照顾和关爱，尽快恢复健康。同时，我也希望她的亲生父母能够被找到，并承担起他们的责任。对于无法找到亲生父母的女婴，我希望她能够得到一个温暖的家庭，被善良的人们领养，过上幸福的生活。

此外，我也呼吁大家，对于那些处于困境中的家庭，我们应该给予更多的关注和支持，让他们知道，他们并不孤单，我们都在他们身边。', 'glmOrigin');
INSERT INTO `Pairs` (`pairsID`, `postID`, `comment`, `source`) VALUES (216, 24, '这是一个非常令人痛心的事件。遗弃婴儿是一种严重的违法行为，不仅对婴儿的身心健康造成极大伤害，也严重破坏了社会的道德伦理。我们应该加强对这类事件的打击力度，保护未成年人的合法权益。

同时，我们也应该关注这个女婴的未来。虽然她目前的健康状况尚不清楚，但我们需要确保她得到及时、充分的医疗照顾。此外，如果无法找到她的亲生父母，她可能需要被领养。在这个过程中，我们需要确保她能够找到一个充满关爱和关怀的家庭，让她能够在健康、快乐的环境中成长。

最后，我们希望这个事件能够引起社会各界的关注，共同关注和关爱弱势群体，特别是未成年人。让我们共同努力，营造一个更加温暖、和谐的社会环境。', 'baichuanOrigin');
INSERT INTO `Posts` (`postID`, `post`) VALUES (25, '【#6100元的娇兰量子面霜引科学家吐槽#：薛定谔、狄拉克和海森堡的棺材板快压不住了】近日，在护肤品界稳居一线的大姐大，因为卖售价6100元50ml的“量子面霜”引发了争议。娇兰在产品介绍中写道，这个新品面霜是通过量子生物学应用于皮肤细胞的研究做出的新品，这一系列“Orchidée Impériale Gold Nobile（兰花皇家黄金贵族）”的单品都用了这个技术，有助于皮肤焕发活力并恢复细胞初始水平。#你觉得各种超高端护肤品是智商税吗#面对娇兰这一介绍和高调宣传，连法国物理学家、法国原子能委员会主任Etienne Klein都有点坐不住了，“本以为这是开玩笑，没想到真的有这款面霜产品。薛定谔、狄拉克和海森堡这些量子物理学家的棺材板都压不住了。”不少网友更是纷纷吐槽：“哎呀，用了不会变得太年轻吧，万一回到我妈肚子里可怎么办”、“能让火箭发射吗？那可是量子科学诶”……面对这一争议，娇兰表示已经知道大家很关注“量子”这个词在面霜上的使用争议了，现在的表达可能有点混淆风险，会在确保科学性的情况下细化明确宣传用语，避免理解歧义。不过仍然坚称“量子生物学是最近公认的科学研究领域”、这是“基于应用于皮肤细胞的量子生物学领域的重大科学进展，并取得了经过验证的结果”，而且还得到了来自捷克的Palacky大学生物物理学家的协助和证实。在风波过后，法国官网仍旧保持着“量子生物学”的广告宣传，而中国官网及淘宝就稍微收敛了一些，形容为“光子抗老科技”。@Vista氢商业');
INSERT INTO `Pairs` (`pairsID`, `postID`, `comment`, `source`) VALUES (217, 25, '其实我感觉有时候卖护肤品就是卖故事。', 'origin');
INSERT INTO `Pairs` (`pairsID`, `postID`, `comment`, `source`) VALUES (218, 25, '
6100块的面霜，是给谁用呢？', 'socialglm');
INSERT INTO `Pairs` (`pairsID`, `postID`, `comment`, `source`) VALUES (219, 25, '量子生物学…… 是不是就是“量子纠缠”？', 'baichuan');
INSERT INTO `Pairs` (`pairsID`, `postID`, `comment`, `source`) VALUES (220, 25, '哇，这款6100元的娇兰量子面霜真是让人惊叹，连科学家们也开始吐槽了。不过，我觉得这种争议其实也是一种关注度，说明这款面霜引起了大家的兴趣。不知道这款面霜是否真的像娇兰说的那样神奇呢？还是说它只是一款普通的护肤品呢？不过，不管怎样，科技的力量真是强大， even the scientists can''t keep up!', 'glmWithShortPrompt');
INSERT INTO `Pairs` (`pairsID`, `postID`, `comment`, `source`) VALUES (221, 25, '这条微博讲述了一款售价6100元的娇兰量子面霜引发科学家吐槽的故事。看来，即使是大品牌，如果在宣传过程中过于夸大其词，也会引起消费者的质疑。毕竟，消费者在购买这类高端护肤品时，更希望看到实实在在的效果，而不是空洞的宣传口号。希望娇兰能够正视这一问题，在保证科学性的同时，为消费者提供更清晰、更准确的产品信息。', 'baichuanWithShortPrompt');
INSERT INTO `Pairs` (`pairsID`, `postID`, `comment`, `source`) VALUES (222, 25, '这样真的有效吗？我有点怀疑。不过，科技发展总是有益的，也许未来会有更多的奇迹出现。', 'glmWithLongPrompt');
INSERT INTO `Pairs` (`pairsID`, `postID`, `comment`, `source`) VALUES (223, 25, '评论：娇兰的面霜确实很高级，但是把量子生物学和护肤品联系在一起就让人有些困惑了。虽然量子生物学是一个新兴的学科，但我们还是应该保持谨慎的态度，不要过度夸大其效果。毕竟，我们的皮肤状况很大程度上取决于遗传和生活习惯，而不是某个高科技产品的神奇作用。', 'baichuanWithLongPrompt');
INSERT INTO `Pairs` (`pairsID`, `postID`, `comment`, `source`) VALUES (224, 25, '这款6100元的娇兰量子面霜引发了网友们的热议，许多科学家和网友都对其提出了质疑。法国物理学家Etienne Klein表示，他原本以为这只是个玩笑，没想到真的有这款面霜产品。一些网友担心，使用了这款面霜后，是否会变得过于年轻，甚至回到母亲肚子里。还有网友调侃，这款面霜是否能让火箭发射。

面对争议，娇兰表示已经注意到大家对于“量子”这个词在面霜上的使用争议，他们会在确保科学性的情况下细化明确宣传用语，避免理解歧义。娇兰坚称，量子生物学是最近公认的科学研究领域，这是“基于应用于皮肤细胞的量子生物学领域的重大科学进展，并取得了经过验证的结果”，而且还得到了来自捷克的Palacky大学生物物理学家的协助和证实。

尽管风波过后，法国官网仍旧保持着“量子生物学”的广告宣传，而中国官网和淘宝则稍微收敛了一些，形容为“光子抗老科技”，但这款面霜的科学性依然引发了大家的质疑。', 'glmOrigin');
INSERT INTO `Pairs` (`pairsID`, `postID`, `comment`, `source`) VALUES (225, 25, '娇兰量子面霜引发科学家吐槽的事件反映了消费者对高端护肤品的质疑和对量子科学理解的困惑。在这个事件中，娇兰虽然坚称量子生物学是公认的科学研究领域，但其在产品宣传和实际应用中的表述可能存在误导消费者之嫌。为了消除误解，娇兰应该在与科学家合作的基础上，确保其宣传用语的科学性和准确性，同时在中国市场进行调整，避免引起更多的争议。对于消费者来说，在选择高端护肤品时，应充分了解产品的科学原理和应用效果，不要盲目追求高价位，同时也要保持对科学知识的理性认识。', 'baichuanOrigin');
INSERT INTO `Posts` (`postID`, `post`) VALUES (26, '【#6338元机票6分钟后退订只剩269元#】 据新民晚报：市民龚先生反映，他在东航App上花费6338元（含税），购买了一张从上海飞往澳大利亚的机票。6分钟后，他发现买错了日期，马上点击“退订”。没想到，系统竟要扣除税费和手续费共计6069元，只退款269元。“东航App上的字比较小，我没戴着老花眼镜，一不小心看错了。”龚先生讲，1月5日晚7时许，他打开东方航空App，购买了一张1月10日从上海浦东国际机场飞往澳大利亚悉尼金斯福德史密斯机场的机票，为基础经济舱（L），包含税费后的价格为6338元。付款后1分钟，龚先生在核对信息时发现买错了日期。于是，他立即在App上选择“退订”，没想到，手机画面上显示的退款金额却让他惊掉了下巴：269元。记者从龚先生发来的截图上看到，订单付款日期和时间为1月5日晚上7时13分，收到退款的金额为269元，而申请退单的时间为当晚7时19分，也就是仅仅6分钟后。在“明细”一栏内显示，票价及税费6338元，“扣手续费”5340元。这笔高昂的“手续费”，为机票总价的84%还多。#东航回应机票退订手续费高达近9成#事发后，龚先生马上联系东航客服，得到的答复却是“规定如此”。“他们说，机票上显示‘不可退票’，只能这样办理。他们表示很理解我的心情，但是无能为力，就是这样规定的。也跟我说会向上级反映，后面就没消息了。”记者以消费者的身份致电东航客服热线95530，一名客服人员表示，客票上若带有“不可退票”的字样，只能退还除了燃油附加费之外的其他税费，无法进一步申诉。客服进一步查询后称，269元退款里包含90元机场建设费和其他税费。事实上，早在2018年7月，民航局曾发布了关于改进民航票务服务工作的通知，要求航空公司退改签的费用明码标价，执行阶梯费率，一律取消特价机票不能退改签的霸王条款，包括东航在内的各大航空公司均制定了退改签的阶梯费率。龚先生认为，一方面，强行规定“不可退票”并不合理；另外，在支付时，系统也并未明确弹窗通知，没尽到告知的义务。#东航回应乘客买票付6000多退款仅269元#');
INSERT INTO `Pairs` (`pairsID`, `postID`, `comment`, `source`) VALUES (226, 26, '比土匪还土匪', 'origin');
INSERT INTO `Pairs` (`pairsID`, `postID`, `comment`, `source`) VALUES (227, 26, '
6338元含税，退订后269元，这是纯纯的抢钱啊', 'socialglm');
INSERT INTO `Pairs` (`pairsID`, `postID`, `comment`, `source`) VALUES (228, 26, '东航的退票手续费比退票票价还高，太黑了', 'baichuan');
INSERT INTO `Pairs` (`pairsID`, `postID`, `comment`, `source`) VALUES (229, 26, '这张机票的退订手续费真的让人难以接受，感觉像是一道霸王条款。龚先生购买的机票包含税费，但是退订时只退了269元，而且包含了90元的机场建设费和其他税费。这让人感觉非常不公。此外，系统在付款后1分钟内就显示了付款日期和时间，但是没有明确弹窗通知，也没有尽到告知的义务。希望东航能够对这种情况进行改进，让消费者更加公平、透明地购买机票。', 'glmWithShortPrompt');
INSERT INTO `Pairs` (`pairsID`, `postID`, `comment`, `source`) VALUES (230, 26, '这条微博讲述了一位市民在购买机票后发现日期错误，试图退订却遭遇高额手续费的故事。这确实是一个令人失望和愤怒的情况，因为消费者在购买机票时应该享有透明度和公平待遇。东航作为航空公司，有责任确保客户在购买和退订机票时能够获得清晰的指引和合理的费用。在这种情况下，东航应该重新审视其退改签政策，确保消费者能够在购买和退订机票时获得公平的待遇。同时，东航也应该加强对员工培训，确保他们能够更好地为客户提供服务。', 'baichuanWithShortPrompt');
INSERT INTO `Pairs` (`pairsID`, `postID`, `comment`, `source`) VALUES (231, 26, '这样的退订方式确实存在问题，不仅对消费者不公平，也有违于航空公司的服务承诺。希望东航能够认真对待这个问题，尽快改进相关服务，让消费者能够得到公平、公正的待遇。', 'glmWithLongPrompt');
INSERT INTO `Pairs` (`pairsID`, `postID`, `comment`, `source`) VALUES (232, 26, '这条微博讲述了一位乘客在购买机票后短时间内发现错误并尝试退订，却被收取高额手续费的故事。这反映了航空公司在处理退改签政策时的不合理之处，以及在使用技术手段时未充分履行告知义务的问题。希望相关航空公司能对此进行整改，为消费者提供更好的服务体验。同时，也希望消费者在购买机票时更加留意相关信息，避免产生不必要的损失。', 'baichuanWithLongPrompt');
INSERT INTO `Pairs` (`pairsID`, `postID`, `comment`, `source`) VALUES (233, 26, '据报道，龚先生在东航App上购买了一张从上海飞往澳大利亚的机票，付款后6分钟内退订，却只退了269元，因为系统扣除税费和手续费共计6069元。龚先生认为，东航App上的退订流程存在问题，且规定“不可退票”并不合理。此外，系统在付款时并未明确弹窗通知，未能尽到告知义务。事件发生后，龚先生联系东航客服，得到的答复是“规定如此”，表示很理解他的心情，但无法进一步申诉。

我国民航局曾在2018年发布了关于改进民航票务服务工作的通知，要求航空公司退改签的费用明码标价，执行阶梯费率，取消特价机票不能退改签的霸王条款。包括东航在内的各大航空公司都制定了退改签的阶梯费率。

此事件引发了对航空公司的退订规定和费率明细的关注，也提醒消费者在购买机票时要仔细核对信息，避免因误操作而导致不必要的损失。同时，航空公司也应进一步改进其退订流程，提高服务质量和消费者满意度。', 'glmOrigin');
INSERT INTO `Pairs` (`pairsID`, `postID`, `comment`, `source`) VALUES (234, 26, '针对此事，东航回应称，根据公司相关规定，该张机票不可退票，但可改签至其他日期。对于龚先生的投诉，东航表示将进一步了解情况，并与客户沟通处理。同时，东航也表示，将加强对员工的服务意识培训，确保客户在购买和退改签过程中得到更好的服务体验。', 'baichuanOrigin');
INSERT INTO `Posts` (`postID`, `post`) VALUES (27, '【#6只狗仔被人掰断腿骨头裸露在外#：女子花上千元救治】1月22日，河南郑州。江女士在工地附近有喂养一只流浪狗妈妈，等母狗产仔后发现6只狗仔被人掰断腿，其中一只骨头都露在外边。江女士称，由于狗狗太小，不能手术根治。自己加上网友捐款花费上千，目前收留在家，准备给狗狗找下爱心主人，呼吁不爱请别伤害。@搜狐千里眼');
INSERT INTO `Pairs` (`pairsID`, `postID`, `comment`, `source`) VALUES (235, 27, '虐待生灵必有灾殃', 'origin');
INSERT INTO `Pairs` (`pairsID`, `postID`, `comment`, `source`) VALUES (236, 27, '
建议把人拉出去，把狗救回来。', 'socialglm');
INSERT INTO `Pairs` (`pairsID`, `postID`, `comment`, `source`) VALUES (237, 27, '这是有多恨啊，这么残忍', 'baichuan');
INSERT INTO `Pairs` (`pairsID`, `postID`, `comment`, `source`) VALUES (238, 27, '看到这条微博，我感到非常心疼和愤怒！这些无情的狗仔被人掰断腿骨头裸露在外，实在让人难以接受！这位江女士为了救治这些狗狗，花费了大量的金钱和精力，真是让人感动。我们也要向她学习，关爱流浪动物，让他们得到更多的温暖和关爱。同时，我希望那些对狗狗不闻不问的人能够意识到他们的行为会对这些小生命带来极大的伤害，不要再伤害这些无辜的生命了！#流浪动物保护# #爱心主人#', 'glmWithShortPrompt');
INSERT INTO `Pairs` (`pairsID`, `postID`, `comment`, `source`) VALUES (239, 27, '这条微博让人痛心不已，那些残忍伤害小狗的人真是无法理解。江女士的善良和关爱让这些无辜的小生命得到了救助，希望它们能尽快康复并找到幸福的家。同时，我们也呼吁大家关爱动物，尊重生命，让这个世界充满爱与温暖。', 'baichuanWithShortPrompt');
INSERT INTO `Pairs` (`pairsID`, `postID`, `comment`, `source`) VALUES (240, 27, '这些小生命真的好可怜，希望尽快找到一个温暖的家，也希望大家能够尊重这些小动物，不要伤害它们。#流浪动物保护#', 'glmWithLongPrompt');
INSERT INTO `Pairs` (`pairsID`, `postID`, `comment`, `source`) VALUES (241, 27, '评论：这些可怜的小生命，让人痛心不已。希望它们能尽快康复，找到温暖的家庭。同时，也希望大家能够关爱动物，尊重生命。', 'baichuanWithLongPrompt');
INSERT INTO `Pairs` (`pairsID`, `postID`, `comment`, `source`) VALUES (242, 27, '6只流浪狗仔因为被人掰断腿骨头裸露在外，引起了公众的广泛关注。江女士在河南郑州的工地附近喂养一只流浪狗妈妈，母狗产仔后，她发现了这6只小狗的悲惨遭遇。其中一只小狗的骨头都露在外边，由于它们太小，无法进行手术治疗。

江女士为了救治这些小狗，花费了上千元的医疗费用。现在，这些小狗正在江女士的家中接受照顾。江女士表示，她准备为这些小狗寻找一个爱心主人，希望它们能够得到 proper 的照顾和治疗。

这个事件再次引起了公众对流浪动物的关注和讨论。很多人表示，流浪动物需要我们的帮助和关爱，而不是伤害和虐待。我们应该尊重和保护这些无家可归的生命，让它们得到应有的尊重和待遇。', 'glmOrigin');
INSERT INTO `Pairs` (`pairsID`, `postID`, `comment`, `source`) VALUES (243, 27, '这是一个非常残忍和令人愤怒的事件。动物是人类的朋友，我们应该尊重和保护它们。对动物施暴不仅道德败坏，还可能触犯法律。希望有关部门能够介入调查，严惩施暴者，同时也呼吁大家关爱动物，珍惜生命。', 'baichuanOrigin');
INSERT INTO `Posts` (`postID`, `post`) VALUES (28, '【#77g黄金仅称出62g博主打假鬼秤遭辱骂#】1月28日，博主狂飙兄弟发布视频，称在杭州遇到黄金鬼秤。视频中，他将金项链准备卖给回收黄金的商家，对方称重为62克，他当场拿出自备电子秤一称，结果显示为77克，足足相差15克。店老板随即将其黄金和秤摔在地上，并对这名博主进行辱骂。随后博主选择报警，警方到场后，协调市监局工作人员到场处理，最终，鉴定结果显示：电子天平经过改装，安装了遥控解码电路板。');
INSERT INTO `Pairs` (`pairsID`, `postID`, `comment`, `source`) VALUES (244, 28, '这样的店铺，一个月一单就足够赚租金和生活费的。', 'origin');
INSERT INTO `Pairs` (`pairsID`, `postID`, `comment`, `source`) VALUES (245, 28, '
黄金也分好坏，不是什么东西都可以拿去卖', 'socialglm');
INSERT INTO `Pairs` (`pairsID`, `postID`, `comment`, `source`) VALUES (246, 28, '那这算不算偷税漏税啊', 'baichuan');
INSERT INTO `Pairs` (`pairsID`, `postID`, `comment`, `source`) VALUES (247, 28, '这位博主真的太勇敢了，竟然在遇到黄金鬼秤的时候选择报警，这种勇气值得我们学习。而店老板的辱骂行为真的是太过分了，希望他能够得到应有的惩罚。最后，鉴定结果出来电子天平经过改装，安装了遥控解码电路板，这也让我们看到了黄金鬼秤的真实面目。希望这次事件能够引起大家的关注，让更多的人了解到黄金鬼秤的存在。', 'glmWithShortPrompt');
INSERT INTO `Pairs` (`pairsID`, `postID`, `comment`, `source`) VALUES (248, 28, '这条微博讲述了一个关于黄金秤量的纠纷事件，让人震惊于商家的不诚信行为。在这个信息时代，我们应该更加警惕这类事件，保护自己的权益。同时，我们也应该尊重他人的劳动成果，不要因为一点小事就恶意攻击他人。希望相关部门能够严惩这种行为，还消费者一个公平的市场环境。', 'baichuanWithShortPrompt');
INSERT INTO `Pairs` (`pairsID`, `postID`, `comment`, `source`) VALUES (249, 28, '这样的事情真的令人震惊，我们国家的消费者权益保护部门一定要加大力度，打击此类违法行为。同时，也提醒广大消费者在购买黄金等贵重物品时，一定要保留好相关证据，避免受到不必要的损失。', 'glmWithLongPrompt');
INSERT INTO `Pairs` (`pairsID`, `postID`, `comment`, `source`) VALUES (250, 28, '评论：这种黑心商家真是不应该存在，损害了消费者的权益。希望相关部门能严惩这种行为，保护消费者的利益。同时，我们也要学会辨别真伪，避免被这种不良商家所欺骗。', 'baichuanWithLongPrompt');
INSERT INTO `Pairs` (`pairsID`, `postID`, `comment`, `source`) VALUES (251, 28, '博主狂飙兄弟在杭州遇到了一起黄金鬼秤的事件。他准备将金项链卖给回收黄金的商家，但对方称重为62克。博主使用自备的电子秤一称，结果显示为77克，相差15克。店老板随后将黄金和秤摔在地上，并对博主进行辱骂。博主选择报警，警方和市监局工作人员到场处理。最终，鉴定结果显示：电子天平经过改装，安装了遥控解码电路板。

这个事件再次引起了公众对黄金秤诚信问题的关注。黄金秤的准确性问题一直备受争议，一些不诚实的商家可能会通过改装电子秤等手段来达到欺诈目的。希望有关部门能够加大对这种情况的监管力度，保护消费者的权益。同时，也提醒广大消费者在购买黄金产品时，要选择正规渠道，注意识别真伪，避免受到欺诈。', 'glmOrigin');
INSERT INTO `Pairs` (`pairsID`, `postID`, `comment`, `source`) VALUES (252, 28, '这起事件反映出一些商家在经营过程中存在不诚信的行为，利用鬼秤欺骗消费者。这种行为不仅损害了消费者的权益，也破坏了市场的公平竞争环境。博主狂飙兄弟的选择是正确的，他勇敢地站出来揭露这一现象，并报警寻求法律保护。同时，我们也应该认识到，打击鬼秤需要全社会的共同努力，包括政府、企业和个人都要承担起责任，共同维护市场秩序和消费者权益。', 'baichuanOrigin');
INSERT INTO `Posts` (`postID`, `post`) VALUES (29, '【#A股#三大指数集体高开】1月24日，三大股指高开，沪指涨0.4％，深成指涨0.43％，创业板涨0.53％。截至1月23日美股收盘，阿里股价报74.02美元，#阿里巴巴大涨超7%#。此前#阿里巴巴回应马云蔡崇信大幅增持#，称这体现对阿里巴巴前景非常看好。 ​');
INSERT INTO `Pairs` (`pairsID`, `postID`, `comment`, `source`) VALUES (253, 29, '绿了，全绿了', 'origin');
INSERT INTO `Pairs` (`pairsID`, `postID`, `comment`, `source`) VALUES (254, 29, '
阿里巴巴大幅增持，股民赚麻了', 'socialglm');
INSERT INTO `Pairs` (`pairsID`, `postID`, `comment`, `source`) VALUES (255, 29, '涨就涨吧，别带阿里的节奏', 'baichuan');
INSERT INTO `Pairs` (`pairsID`, `postID`, `comment`, `source`) VALUES (256, 29, '哇塞，今天股市真是开挂了，三大指数集体高开，特别是阿里股价，涨得真是太厉害了！之前马云蔡崇信大幅增持阿里巴巴的消息出来后，我就觉得这股票前景一片大好，没想到今天真的涨了超7%呢！看来我得赶紧关注关注这方面的新闻了，争取也沾沾这股涨天的光啊！', 'glmWithShortPrompt');
INSERT INTO `Pairs` (`pairsID`, `postID`, `comment`, `source`) VALUES (257, 29, '这条微博展示了A股市场的积极走势，以及阿里巴巴股价的上涨。这表明市场对阿里巴巴的前景充满信心，同时也反映了投资者对这家科技巨头的信任。希望未来股市能够继续保持稳定增长，为投资者带来更多回报。', 'baichuanWithShortPrompt');
INSERT INTO `Pairs` (`pairsID`, `postID`, `comment`, `source`) VALUES (258, 29, '看来市场对阿里巴巴的信心比较高啊，希望这种信心能够持续下去，让我们看到更多的积极信号。', 'glmWithLongPrompt');
INSERT INTO `Pairs` (`pairsID`, `postID`, `comment`, `source`) VALUES (259, 29, '评论：今天的A股市场表现强劲，三大指数均实现高开。阿里巴巴的股价也迎来了上涨，这表明市场对阿里巴巴的前景充满信心。希望A股市场继续保持稳定增长，为投资者带来更多的回报。', 'baichuanWithLongPrompt');
INSERT INTO `Pairs` (`pairsID`, `postID`, `comment`, `source`) VALUES (260, 29, '从上述信息可以看出，我国A股市场在1月24日开盘时整体表现较好，三大指数都有所上涨。其中，沪指涨幅为0.4%，深成指涨幅为0.43%，创业板涨幅为0.53%。此外，阿里巴巴股价在1月23日美股收盘价为74.02美元，并在1月24日上涨超过7%，这可能与阿里巴巴近期回应马云蔡崇信大幅增持的消息有关，显示出市场对阿里巴巴前景的看好。

总体来说，这些信息反映出我国股市在一定程度上受到乐观情绪的推动，但投资者还需密切关注各种市场因素，做好风险管理。', 'glmOrigin');
INSERT INTO `Pairs` (`pairsID`, `postID`, `comment`, `source`) VALUES (261, 29, '今日A股市场开盘表现积极，投资者对阿里巴巴集团近期的利好消息表示关注。阿里巴巴集团董事局主席马云和董事蔡崇信增持公司股份，表明他们对公司未来前景充满信心。这一消息对于市场信心提振具有重要意义，有望推动A股市场继续上涨。然而，投资者仍需关注市场风险，谨慎操作，以应对市场波动。', 'baichuanOrigin');
INSERT INTO `Posts` (`postID`, `post`) VALUES (30, '【#iPhone15价格跌至史上最低#】近日苹果官网罕见大降价，iPhone15系列降价500元。继苹果官网降价后，官方授权渠道再次降价，iPhone 15系直降1050元，128G iPhone 15降至4949元，据悉，这是iPhone 15官方渠道价首次跌破5000元。据IDC中国高级分析师郭天翔表示，“今年一开始的时候苹果已经对iPhone15系列的渠道价格进行了调整，是历史上首次这么早的时间进行调整，说明在一些第三方渠道和平台还有更大的调价空间。“#iPhone15价格跌破5000元#');
INSERT INTO `Pairs` (`pairsID`, `postID`, `comment`, `source`) VALUES (262, 30, '刚瞅了眼，京东价格真低', 'origin');
INSERT INTO `Pairs` (`pairsID`, `postID`, `comment`, `source`) VALUES (263, 30, '
苹果这玩意，还是只有中国市场最牛逼', 'socialglm');
INSERT INTO `Pairs` (`pairsID`, `postID`, `comment`, `source`) VALUES (264, 30, '我咋觉得15还是有点贵啊', 'baichuan');
INSERT INTO `Pairs` (`pairsID`, `postID`, `comment`, `source`) VALUES (265, 30, '哇塞，iPhone 15的价格竟然跌破5000元了！这可是史上最低的价格啊！对于我们这些果粉来说，这可是个大好消息！终于可以入手心心念念的iPhone 15了！#iPhone15价格跌至史上最低#', 'glmWithShortPrompt');
INSERT INTO `Pairs` (`pairsID`, `postID`, `comment`, `source`) VALUES (266, 30, '哇，iPhone15的价格真是让人惊喜！这次降价幅度相当大，看来苹果对这款手机的信心十足啊！不过，这也给我们带来了更多的选择和机会，毕竟谁不想用更低的价格买到更好的产品呢？期待更多品牌和产品的降价优惠，让我们都能享受到科技带来的便利和乐趣！', 'baichuanWithShortPrompt');
INSERT INTO `Pairs` (`pairsID`, `postID`, `comment`, `source`) VALUES (267, 30, '#iPhone15大降价#，这是苹果为了刺激市场需求而采取的策略吗？期待苹果在新的一年里带来更多惊喜！', 'glmWithLongPrompt');
INSERT INTO `Pairs` (`pairsID`, `postID`, `comment`, `source`) VALUES (268, 30, '评论：降价幅度真是令人惊喜，看来iPhone 15系列越来越亲民了。期待更多消费者能够享受到这款优秀的手机带来的便捷与乐趣！', 'baichuanWithLongPrompt');
INSERT INTO `Pairs` (`pairsID`, `postID`, `comment`, `source`) VALUES (269, 30, '苹果iPhone 15系列的价格跌至史上最低，这可能意味着该系列的新品发布并未像预期那样热销，或者苹果在市场上的策略有所调整。不过，对于消费者来说，这无疑是一个好消息，他们可以以更低的价格购买到苹果的智能手机。

此外，这也可能反映出苹果在智能手机市场的竞争压力增加，需要通过价格调整来吸引更多的消费者。不过，对于苹果来说，如何在保持产品质量的同时，有效控制成本，提高性价比，仍然是一个需要面对的挑战。

总的来说，iPhone 15价格的下跌，对于消费者来说可能是一个好事，但对于苹果来说，可能需要进一步调整策略，以应对市场的变化。', 'glmOrigin');
INSERT INTO `Pairs` (`pairsID`, `postID`, `comment`, `source`) VALUES (270, 30, '这次苹果官网和官方授权渠道的降价行动，可能是为了刺激消费者购买，提高销量。同时，这也反映了市场上对iPhone 15的需求有所下降，导致价格下跌。对于消费者来说，这是一个很好的机会，可以以更低的价格购买到新款iPhone。然而，这也提醒我们在购买电子产品时，要关注市场动态，抓住合适的时机入手。', 'baichuanOrigin');
INSERT INTO `Posts` (`postID`, `post`) VALUES (31, '【#一个标准判断隔夜菜能不能吃#】#没盖杯盖的隔夜水别喝#隔夜水里面会漂浮灰尘、虫卵等杂质，不建议饮用，那其他的隔夜食物能不能吃呢？其实隔夜饭菜，说其不能吃的理由是会产生亚硝酸盐，导致癌症。其实亚硝酸盐并没有大家想象的那么可怕，它要转化为亚硝胺类致癌物，需要很多前提条件，大家平常吃的果蔬和加工肉类里面也有亚硝酸盐，相比而言，剩菜剩饭里的亚硝酸盐不用过度担心。实际上，隔夜食物到底能不能吃，关键看储存条件。比方说室温过夜的剩菜剩饭、汤、凉菜、卤味最好别吃，因为容易细菌超标，造成腹泻等疾病。科学界的一般建议是，剩饭剩菜在室温存放不超过4小时，气温高时不能超2小时。按照大家生活中实际情况来说，剩菜剩饭尚有余热的时候就应装盒放进冰箱。这是因为，20℃~30℃时细菌繁殖最快，因此要尽快降温到冷藏条件。此外，剩菜剩饭再吃时需要彻底热透，而且在冰箱中存放的时间不要过长。凉拌蔬菜，建议吃多少做多少，剩的就需要扔，以免带来食品安全风险。如果是卤味凉菜或肉菜舍不得扔的，比如酱牛肉，吃前上锅蒸一下才安全。');
INSERT INTO `Pairs` (`pairsID`, `postID`, `comment`, `source`) VALUES (271, 31, '预制菜一年都能吃，还有脸研究剩菜隔夜能不能吃。', 'origin');
INSERT INTO `Pairs` (`pairsID`, `postID`, `comment`, `source`) VALUES (272, 31, '
吃隔夜饭不是能吃就能保证安全吧', 'socialglm');
INSERT INTO `Pairs` (`pairsID`, `postID`, `comment`, `source`) VALUES (273, 31, '隔夜的汤别喝，里面都是油。', 'baichuan');
INSERT INTO `Pairs` (`pairsID`, `postID`, `comment`, `source`) VALUES (274, 31, '隔夜菜能不能吃一直是一个备受争议的话题，而这条微博给出了很详细的解答。亚硝酸盐是导致癌症的一个原因，但是它要转化为亚硝胺类致癌物需要很多前提条件，所以大家不必过于担心剩菜剩饭里的亚硝酸盐。关键在于储存条件，室温过夜的剩菜剩饭、汤、凉菜、卤味最好不要吃，因为容易细菌超标，造成腹泻等疾病。剩菜剩饭在室温存放不超过4小时，气温高时不能超2小时。按照大家生活中实际情况来说，剩菜剩饭尚有余热的时候就应装盒放进冰箱。此外，剩菜剩饭再吃时需要彻底热透，而且在冰箱中存放的时间不要过长。对于凉拌蔬菜，建议吃多少做多少，剩的就需要扔，以免带来食品安全风险。如果是卤味凉菜或肉菜舍不得扔的，比如酱牛肉，吃前上锅蒸一下才安全。这条微博很实用，为大家提供了很多关于隔夜菜的知识。', 'glmWithShortPrompt');
INSERT INTO `Pairs` (`pairsID`, `postID`, `comment`, `source`) VALUES (275, 31, '这条微博讲得很详细，让我们了解到关于隔夜食物的储存条件和安全性问题。确实，亚硝酸盐在正常摄入量下并不会导致严重的健康问题，但隔夜食物在室温下存放过久或细菌超标时，可能会导致腹泻等疾病。因此，我们应该合理安排饮食，尽量避免食用隔夜食物，特别是在室温下过夜的食物。同时，妥善保存剩菜剩饭，确保其在冷藏条件下存放，并在食用前充分加热，以降低食品安全风险。', 'baichuanWithShortPrompt');
INSERT INTO `Pairs` (`pairsID`, `postID`, `comment`, `source`) VALUES (276, 31, '隔夜菜能否食用一直是一个备受争议的话题，而科学界的建议则是要根据具体情况来判断。不过，不管是否能够食用，储存条件是非常关键的，如果储存不当容易导致细菌滋生，影响食品安全。所以，我们在处理剩菜剩饭时，一定要按照科学的方法进行储存和处理，确保我们的饮食健康。', 'glmWithLongPrompt');
INSERT INTO `Pairs` (`pairsID`, `postID`, `comment`, `source`) VALUES (277, 31, '评论：这个文章讲得很详细，让我了解了隔夜食物的储存条件和安全性。不过，我还是建议大家尽量少吃剩菜剩饭，如果实在要吃，一定要热透并且注意储存条件。', 'baichuanWithLongPrompt');
INSERT INTO `Pairs` (`pairsID`, `postID`, `comment`, `source`) VALUES (278, 31, '关于隔夜菜是否能吃，我国食品安全专家提供了如下建议：

1. 亚硝酸盐问题：亚硝酸盐是一种有害物质，但并非所有亚硝酸盐都会导致癌症。在正常情况下，人体可以代谢掉大部分摄入的亚硝酸盐，对健康影响较小。不过，如果亚硝酸盐在体内积累过多，可能会增加患癌症的风险。因此，食用隔夜菜时，要尽量减少摄入亚硝酸盐。

2. 储存条件：隔夜菜的储存条件对食物安全至关重要。室温过夜的剩菜剩饭、汤、凉菜、卤味等最好别吃，因为容易细菌超标，造成腹泻等疾病。科学界的一般建议是，剩饭剩菜在室温存放不超过4小时，气温高时不能超2小时。

3. 冰箱储存：将剩菜剩饭装盒放进冰箱是保证食物安全的一个有效方法。在20℃~30℃时，细菌繁殖最快，因此要尽快降温到冷藏条件。

4. 彻底热透：食用隔夜菜时，需要彻底热透。在冰箱中存放的时间不要过长。

5. 凉拌蔬菜建议：凉拌蔬菜建议吃多少做多少，剩的就需要扔，以免带来食品安全风险。

6. 卤味凉菜处理：如果是酱牛肉等卤味凉菜，建议吃前上锅蒸一下才安全。

综上所述，隔夜菜是否能吃取决于储存条件和食用时的处理。只要注意以上几点，大部分隔夜菜是可以安全食用的。当然，为了确保食品安全，最好选择新鲜食材。', 'glmOrigin');
INSERT INTO `Pairs` (`pairsID`, `postID`, `comment`, `source`) VALUES (279, 31, '关于隔夜菜的食用问题，确实需要根据储存条件和食物类型来判断。一般来说，如果隔夜菜在适当的储存条件下，如密封、低温环境等，且没有变质、异味等现象，是可以食用的。但是，为了避免食品安全风险，建议在食用前将剩菜剩饭彻底热透，并在冰箱中存放的时间不要过长。对于凉拌蔬菜，建议吃多少做多少，剩的就需要扔掉。如果是卤味凉菜或肉菜，吃前上锅蒸一下以确保安全。总之，合理储存和处理隔夜菜，可以降低食品安全风险。', 'baichuanOrigin');
INSERT INTO `Posts` (`postID`, `post`) VALUES (32, '【#下雪后为什么南方体感更冷#】#湖南暴雪已致1万多人受灾#南方人过冬是被湿冷支配的恐惧，北方人则最怕大风“刮来”的干冷。尤其是在大雪后，南方会感觉更冷，除了气温之外，风力和相对湿度是影响体感温度最重要的两个气象条件。同样都是冷，为什么南方比北方更让人觉得冷？生活在南方的人该如何保暖？');
INSERT INTO `Pairs` (`pairsID`, `postID`, `comment`, `source`) VALUES (280, 32, '南方人的冬天夏天都不舒服', 'origin');
INSERT INTO `Pairs` (`pairsID`, `postID`, `comment`, `source`) VALUES (281, 32, '
因为南方人没穿厚衣服', 'socialglm');
INSERT INTO `Pairs` (`pairsID`, `postID`, `comment`, `source`) VALUES (282, 32, '南方的湿冷比北方的干冷更伤人，因为湿冷可以一直冷到骨头里', 'baichuan');
INSERT INTO `Pairs` (`pairsID`, `postID`, `comment`, `source`) VALUES (283, 32, '作为一个南方人，我深有体会，下雪后的湿冷真的是让人感觉非常难受。相比北方的干冷，南方的大雪后更显得寒冷，这是因为风力和相对湿度是影响体感温度最重要的两个气象条件。所以南方人在下雪后需要注意保暖，多穿些衣服，尤其是要注意防潮，以免身体受潮更加寒冷。不过现在我国已经采取了一些措施，比如增加供暖时间等，所以大家还是可以放心过冬的。', 'glmWithShortPrompt');
INSERT INTO `Pairs` (`pairsID`, `postID`, `comment`, `source`) VALUES (284, 32, '这条微博提到了南方人在下雪后的体感温度会比北方更冷，主要是因为风力和相对湿度的影响。南方的湿冷会让人感觉更加不适，而北方的干冷则主要靠大风带来寒冷感。生活在南方的朋友们，可以在保暖方面多做一些措施，比如穿厚一点的衣物、使用取暖设备等，以应对这种湿冷的气候。', 'baichuanWithShortPrompt');
INSERT INTO `Pairs` (`pairsID`, `postID`, `comment`, `source`) VALUES (285, 32, '南方人表示：雪后的湿冷真的很难受，室内外都冷得让人 entry。北方的朋友们在雪后室外玩耍要注意防风保暖哦！', 'glmWithLongPrompt');
INSERT INTO `Pairs` (`pairsID`, `postID`, `comment`, `source`) VALUES (286, 32, '评论：南方的寒冷确实让人难以忍受，尤其是下雪之后，风力和湿度都加大了寒冷的感觉。不过，我们可以通过穿着保暖衣物、保持室内温暖以及适当锻炼来应对这种寒冷。同时，也可以尝试寻找一些适应南方气候的生活方式，比如喝热水、使用暖宝宝等，来提高舒适度。', 'baichuanWithLongPrompt');
INSERT INTO `Pairs` (`pairsID`, `postID`, `comment`, `source`) VALUES (287, 32, '首先，我们需要了解的是，影响体感温度的因素主要有三个：气温、风速和相对湿度。这三个因素都会对人体产生不同的影响。

1. 气温：气温直接影响我们的感觉温度。一般来说，气温越高，我们感觉越热。

2. 风速：风速也会影响我们的感觉温度。风速越大，我们感觉越冷。特别是在寒冷的天气里，风速的增加会使我们感觉更加寒冷。

3. 相对湿度：相对湿度是指空气中水蒸气的含量。当相对湿度越高时，我们感觉越冷。因为高湿度会使人体表面的水分蒸发，从而增加体的热量损失，使我们感觉更冷。

所以，为什么南方人觉得在大雪后更冷，主要是因为南方的气候特点。南方多雨，湿度大，风速也较大。当大雪落下，雨水会使地面变得湿润，风速又大，人体的热量很容易通过地表散失，所以感觉更冷。

对于南方人來說，要想保暖，需要注意以下几点：

1. 穿多层衣服：多层衣服可以保住體溫，又能散發體熱。

2. 穿保暖的鞋子：保暖的鞋子可以防止腳部受冷，保持腳部溫暖。

3. 使用暖宝宝等保暖物品：在寒冷的天气里，可以使用暖宝宝等保暖物品，提供額外的溫暖。

4. 注意饮食：多吃一些暖胃暖身体的食物，如姜、葱、大蒜等。

5. 避免在低温下暴露時間過長：在低温下暴露時間過長，會增加體內散熱，使身體感覺更冷。

6. 注意居住環境的溫度和通风：保持居住環境的溫度和通风，可以讓居住環境更加舒適，減少身體感覺到的寒冷。

希望以上信息能對您有所帮助。', 'glmOrigin');
INSERT INTO `Pairs` (`pairsID`, `postID`, `comment`, `source`) VALUES (288, 32, '南方人在冬天感到更冷的原因主要是风力和相对湿度的影响。

1. 风力：在北方，大风往往伴随着低温，这使得人体感受到的温度更低。而南方的风力相对较小，即使气温较高，但风力不大，人体感受到的温度也相对较暖和。因此，在风雪天气下，南方人会感觉更冷。

2. 相对湿度：南方的冬季湿度较高，空气中的水分使得人体感受到的温度较低。而北方的冬季湿度较低，人体感受到的温度相对较暖和。因此，在雨雪天气下，南方人会感觉更冷。

为了应对南方的湿冷天气，可以采取以下措施：

1. 穿厚实的衣物：选择保暖性能好的衣物，如羽绒服、羊毛衫等，增加保暖层。

2. 保持室内干燥：使用除湿器或空调调节室内湿度，降低湿度，减少人体感受到的寒冷感。

3. 注意脚部保暖：鞋子要保暖、透气，避免脚冷导致全身寒冷。

4. 多喝水：保持身体水分平衡，预防感冒等疾病。

5. 加强锻炼：适当进行户外活动，增强身体素质，提高抵抗力。', 'baichuanOrigin');
INSERT INTO `Posts` (`postID`, `post`) VALUES (33, '【#不要再把肉泡水里解冻了#】 据科普中国，很多人习惯把肉提前泡在水里解冻，有的泡温水，有的泡凉水，有的用水冲的，但是这种做法真的不可取。跟把肉类放在室温下慢慢解冻相比，把肉放进水里泡，或者用水冲，操作不仅简单，解冻速度也快得多。但你可能不知道的是，把肉放水里解冻，不仅会让肉的品质下降，还存在安全风险。#研究表明知识不仅是力量还是生命#@西部决策');
INSERT INTO `Pairs` (`pairsID`, `postID`, `comment`, `source`) VALUES (289, 33, '【省流】安全危险：滋生细菌和营养流失。推荐：微波炉解冻、提前放冷藏解冻、隔着保鲜袋放冷水解冻。', 'origin');
INSERT INTO `Pairs` (`pairsID`, `postID`, `comment`, `source`) VALUES (290, 33, '
把肉放冰箱里，然后解冻，比泡水还快', 'socialglm');
INSERT INTO `Pairs` (`pairsID`, `postID`, `comment`, `source`) VALUES (291, 33, '我都是冰箱冷冻室拿出来的直接吃', 'baichuan');
INSERT INTO `Pairs` (`pairsID`, `postID`, `comment`, `source`) VALUES (292, 33, '这位微博用户分享了一个很有用的科普知识，提醒我们不要把肉放在水里泡解冻，这种做法可能会让肉的品质下降，甚至存在安全风险。这个微博很有用，让我们都更加了解如何正确地解冻肉类。谢谢这位用户的分享！', 'glmWithShortPrompt');
INSERT INTO `Pairs` (`pairsID`, `postID`, `comment`, `source`) VALUES (293, 33, '哇，原来把肉泡水里解冻并不是一个好方法！科普中国真是给我们带来了很多实用的生活小贴士。与在室温下慢慢解冻相比，这种方法虽然方便，但却会导致肉的品质下降，甚至存在安全风险。以后我会注意这个问题，感谢科普中国让我们更加了解生活中的科学知识！#科普中国让我学会了正确的解冻方法#', 'baichuanWithShortPrompt');
INSERT INTO `Pairs` (`pairsID`, `postID`, `comment`, `source`) VALUES (294, 33, '这样真的不可取', 'glmWithLongPrompt');
INSERT INTO `Pairs` (`pairsID`, `postID`, `comment`, `source`) VALUES (295, 33, '评论：原来如此，以后我会注意的，谢谢分享这个实用的知识！', 'baichuanWithLongPrompt');
INSERT INTO `Pairs` (`pairsID`, `postID`, `comment`, `source`) VALUES (296, 33, '科普中国指出，将肉放入水中解冻不仅解冻速度快，而且操作简单。然而，这种做法可能会导致肉类品质下降，并存在安全风险。据研究表明，将肉放入水中解冻不仅不能有效防止细菌滋生，反而会加速细菌的生长。此外，水中解冻后的肉类容易吸水，口感和新鲜度都会受到影响。因此，正确的解冻方法应该是放在室温下慢慢解冻，或者使用食品专用的解冻剂。这些方法不仅可以确保肉类品质，还可以避免因解冻不当而导致的食物污染和食物中毒。', 'glmOrigin');
INSERT INTO `Pairs` (`pairsID`, `postID`, `comment`, `source`) VALUES (297, 33, '【#不要再把肉泡水里解冻了#】科普中国提醒，很多人习惯把肉提前泡在水里解冻，这种做法并不可取。与在室温下慢慢解冻相比，放水里解冻会导致肉质下降，存在安全风险。正确的方法是在室温下自然解冻，避免使用水浸泡或冲洗。', 'baichuanOrigin');
INSERT INTO `Posts` (`postID`, `post`) VALUES (34, '【#两女子捐五万帮15岁肝衰竭女孩做手术#】#15岁女孩肝衰竭匹配到合适肝源#1月26日，河南郑州，15岁小哲（化名）的主治医生说已经匹配到了肝源，如果顺利，今天下午可以做肝移植手术。听到这一情况也有很多热心网友前来帮忙，郑州两名热心女士专程赶来，个人捐赠五万元，帮助孩子做手术。#直击15岁女孩肝衰竭换肝#');
INSERT INTO `Pairs` (`pairsID`, `postID`, `comment`, `source`) VALUES (298, 34, '人间自有真情在', 'origin');
INSERT INTO `Pairs` (`pairsID`, `postID`, `comment`, `source`) VALUES (299, 34, '
50000，你不知道这个钱可以给多少孩子吗？', 'socialglm');
INSERT INTO `Pairs` (`pairsID`, `postID`, `comment`, `source`) VALUES (300, 34, '捐五万的人值得尊重', 'baichuan');
INSERT INTO `Pairs` (`pairsID`, `postID`, `comment`, `source`) VALUES (301, 34, '太感人了！这两位女士真的是非常有爱心的人，她们用自己的行动为孩子带来了希望。希望小哲能够顺利地进行肝移植手术，早日康复。同时也希望更多的人能够关注这类情况，为这些孩子提供更多的帮助和支持。感谢这两位热心的女士，你们的做法值得大家学习！#两女子捐五万帮15岁肝衰竭女孩做手术# #15岁女孩肝衰竭匹配到合适肝源# #直击15岁女孩肝衰竭换肝#', 'glmWithShortPrompt');
INSERT INTO `Pairs` (`pairsID`, `postID`, `comment`, `source`) VALUES (302, 34, '这条微博真让人感动！15岁的小哲遭遇肝衰竭，幸运的是她已经找到了合适的肝源，即将接受手术。在此过程中，两位热心女士慷慨捐赠五万元，为小哲的治疗提供了巨大的帮助。让我们为这些无私的善举点赞，祝愿小哲早日康复，重拾快乐生活！', 'baichuanWithShortPrompt');
INSERT INTO `Pairs` (`pairsID`, `postID`, `comment`, `source`) VALUES (303, 34, '善良的心，伟大的行动！这两位热心的女士用行动展示了人间大爱，为这个15岁的生命加油鼓劲，祝愿小哲早日康复！#人间大爱# #15岁女孩肝衰竭换肝#', 'glmWithLongPrompt');
INSERT INTO `Pairs` (`pairsID`, `postID`, `comment`, `source`) VALUES (304, 34, '评论：感谢这些好心人，希望小哲能早日康复，重新回到正常的生活轨道。生命可贵，愿每个人都能珍惜自己。', 'baichuanWithLongPrompt');
INSERT INTO `Pairs` (`pairsID`, `postID`, `comment`, `source`) VALUES (305, 34, '这两位热心的女士的行为令人感动，她们用实际行动展示了人间大爱。在我国，肝移植手术是一项重要的治疗手段，能够为患有肝衰竭的患者带来新的生机。这位15岁的女孩小哲幸运地找到了合适的肝源，如果手术顺利，她将能够摆脱病痛的困扰。

此外，我国政府和医疗机构也一直在努力为患者提供更好的医疗条件，让他们能够得到及时、有效的治疗。我们期待小哲能够早日康复，过上健康的生活。

这个事件也提醒我们，肝衰竭是一种严重的疾病，需要早发现、早治疗。希望大家能够关注这类疾病，及时采取行动，帮助需要帮助的人。', 'glmOrigin');
INSERT INTO `Pairs` (`pairsID`, `postID`, `comment`, `source`) VALUES (306, 34, '这是一个非常感人的故事，两位女士慷慨地捐赠了五万元，帮助这个15岁的女孩小哲进行肝移植手术。他们的善举不仅给小哲带来了生的希望，也传递了社会的温暖和关爱。在这个困难时刻，我们看到了人性的光辉，也让我们相信善良和爱心能够战胜一切困难。祝愿小哲手术顺利，早日康复！', 'baichuanOrigin');
INSERT INTO `Posts` (`postID`, `post`) VALUES (35, '【#丫丫回国后模样爆改#】#丫丫与9个月前判若两熊#距大熊猫丫丫顺利回国，并入住北京动物园已有9个月。你还记得丫丫之前的样子吗？如今，经过北动“爆改”的丫丫在体态精神各方面都有了明显的改善。戳↓一起来看。@中新社陕西分社​');
INSERT INTO `Pairs` (`pairsID`, `postID`, `comment`, `source`) VALUES (307, 35, '所以不是身体不好，就是在国外没把它照顾好', 'origin');
INSERT INTO `Pairs` (`pairsID`, `postID`, `comment`, `source`) VALUES (308, 35, '
丫丫终于回国啦，欢迎回家，丫丫加油！', 'socialglm');
INSERT INTO `Pairs` (`pairsID`, `postID`, `comment`, `source`) VALUES (309, 35, '丫丫还是那个憨憨丫丫', 'baichuan');
INSERT INTO `Pairs` (`pairsID`, `postID`, `comment`, `source`) VALUES (310, 35, '哇，丫丫回国后变化真的好大啊！之前那个瘦弱的熊孩子，现在变得这么健壮，真的让人惊喜！看到它精神头十足的样子，感觉我们国家的保护成果真的很显著。希望丫丫在未来的日子里，能在北京动物园过上幸福快乐的生活，继续展现出它的可爱和活力！#丫丫回国后模样爆改# #丫丫与9个月前判若两熊# #大熊猫# #北京动物园#', 'glmWithShortPrompt');
INSERT INTO `Pairs` (`pairsID`, `postID`, `comment`, `source`) VALUES (311, 35, '哇，丫丫的变化真的很大呢！看来在北京动物园的生活非常愉快，体态和精神都变得更加健康了。期待她在未来能为人们带来更多欢乐和惊喜！', 'baichuanWithShortPrompt');
INSERT INTO `Pairs` (`pairsID`, `postID`, `comment`, `source`) VALUES (312, 35, '丫丫终于回国了啊，看起来变得这么可爱，真的太让人感动了！希望它能在新的环境中快乐生活，继续展现它独特的魅力！#大熊猫 丫丫回国#', 'glmWithLongPrompt');
INSERT INTO `Pairs` (`pairsID`, `postID`, `comment`, `source`) VALUES (313, 35, '评论：哇，丫丫的变化真的好大呀！看来回国后的生活很愉快，希望她继续保持健康和快乐！', 'baichuanWithLongPrompt');
INSERT INTO `Pairs` (`pairsID`, `postID`, `comment`, `source`) VALUES (314, 35, '丫丫回国后模样爆改，与9个月前判若两熊。距大熊猫丫丫顺利回国，并入住北京动物园已有9个月。你还记得丫丫之前的样子吗？如今，经过北动“爆改”的丫丫在体态精神等方面都有了明显的改善。戳↓一起来看。@中新社陕西分社​

丫丫回国后模样爆改，与9个月前判若两熊。距大熊猫丫丫顺利回国，并入住北京动物园已有9个月。你还记得丫丫之前的样子吗？如今，经过北动“爆改”的丫丫在体态精神等方面都有了明显的改善。戳↓一起来看。@中新社陕西分社​

丫丫回国后模样爆改，与9个月前判若两熊。距大熊猫丫丫顺利回国，并入住北京动物园已有9个月。你还记得丫丫之前的样子吗？如今，经过北动“爆改”的丫丫在体态精神等方面都有了明显的改善。戳↓一起来看。@中新社陕西分社​', 'glmOrigin');
INSERT INTO `Pairs` (`pairsID`, `postID`, `comment`, `source`) VALUES (315, 35, '从视频中可以看出，丫丫回国后的模样确实发生了很大的变化。她的体态变得更加丰满，精神状态也更加饱满。这可能是因为在北京动物园的生活条件更好，饮食更加丰富，加上专业的饲养员照顾，使她得到了更好的照顾和恢复。这种改变对于大熊猫来说是非常重要的，因为它们需要充足的营养和休息来保持健康。希望丫丫在中国的生活能够继续幸福、健康。', 'baichuanOrigin');
INSERT INTO `Posts` (`postID`, `post`) VALUES (36, '【#为什么月经会延后##这3种问题或导致经期延后#】正常的月经周期（两次月经第一日的间隔时间）为21~35天，平均周期为28天。周期＜21天为月经频发，这种情况首先考虑妇科内分泌疾病，如排卵障碍型、黄体功能不全；周期＞35天为月经稀发，可能是先天性的，也可能是后天生活方式或某些疾病导致的。#月经同步只是一种巧合#如果间隔偶尔超过一周，不必过于紧张，可以先调节情绪和生活方式，暂时观察；若持续发生经期延后，最好及时就诊查明原因，以下三种健康问题均可导致月经延后：1.卵巢问题：如果月经周期延长两三个月，甚至提前闭经，多与内分泌、卵巢早衰、多囊卵巢综合征等卵巢相关疾病有关。2.甲状腺异常：甲状腺激素分泌较少，也会使女性月经推迟，还会伴随食欲不振、嗜睡等症状。3.垂体异常：如果周期延长，同时伴有泌乳现象，要警惕垂体腺瘤。（生命时报）');
INSERT INTO `Pairs` (`pairsID`, `postID`, `comment`, `source`) VALUES (316, 36, '我月经随机', 'origin');
INSERT INTO `Pairs` (`pairsID`, `postID`, `comment`, `source`) VALUES (317, 36, '
生理周期和生殖周期同步只是生理上的一个巧合，和和社会节奏没有关系', 'socialglm');
INSERT INTO `Pairs` (`pairsID`, `postID`, `comment`, `source`) VALUES (318, 36, '正常，我月经经常延后', 'baichuan');
INSERT INTO `Pairs` (`pairsID`, `postID`, `comment`, `source`) VALUES (319, 36, '哇，原来月经延后还有可能导致卵巢问题、甲状腺异常和垂体异常！以后月经周期延长时，我一定要及时去检查一下，看看是不是这些健康问题导致的。同时也希望大家都能够关注自己的月经周期，及时发现并解决问题，保持身体健康哦！', 'glmWithShortPrompt');
INSERT INTO `Pairs` (`pairsID`, `postID`, `comment`, `source`) VALUES (320, 36, '这条微博详细解释了月经延后的多种原因，包括妇科内分泌疾病、生活方式和某些疾病的影响。我们应该关注自己的身体状况，如有疑虑应及时就诊检查，以便及时发现并解决潜在的健康问题。同时，保持良好的作息和饮食习惯，保持积极的心态，也有助于调整月经周期。', 'baichuanWithShortPrompt');
INSERT INTO `Pairs` (`pairsID`, `postID`, `comment`, `source`) VALUES (321, 36, '月经延后的原因真的很多，不仅要关注身体健康，还要注意调整自己的情绪和生活习惯。希望每一个女性都能保持良好的身体状况，拥有规律的月经周期。#月经同步# #健康生活#', 'glmWithLongPrompt');
INSERT INTO `Pairs` (`pairsID`, `postID`, `comment`, `source`) VALUES (322, 36, '评论：月经延迟可能受到多种因素的影响，包括生活习惯、饮食、压力等。保持健康的作息和饮食习惯，以及保持良好的心态，有助于调整月经周期。如有疑虑，请及时就医寻求专业建议。', 'baichuanWithLongPrompt');
INSERT INTO `Pairs` (`pairsID`, `postID`, `comment`, `source`) VALUES (323, 36, '月经延后可能由多种原因导致，其中包括妇科内分泌疾病、甲状腺异常和垂体异常等。如果月经周期延长两三个月，甚至提前闭经，多与内分泌、卵巢早衰、多囊卵巢综合征等卵巢相关疾病有关。甲状腺激素分泌较少，也会使女性月经推迟，还会伴随食欲不振、嗜睡等症状。垂体异常也会导致月经延后，如果周期延长，同时伴有泌乳现象，要警惕垂体腺瘤。因此，如果月经延后持续发生，最好及时就诊查明原因。同时，也可以通过调节情绪和生活方式来改善月经状况，如果间隔偶尔超过一周，不必过于紧张。', 'glmOrigin');
INSERT INTO `Pairs` (`pairsID`, `postID`, `comment`, `source`) VALUES (324, 36, '月经延后可能是由多种原因引起的，包括卵巢问题、甲状腺异常和垂体异常等。如果出现月经延后的症状，建议及时就诊并寻求专业医生的建议。同时，保持良好的生活习惯和调整心态也有助于改善月经不规律的问题。', 'baichuanOrigin');
INSERT INTO `Posts` (`postID`, `post`) VALUES (37, '【#为何吴谢宇在春节前被执行死刑#？】据中新网，1月31日，两桩热点新闻事件尘埃落定，吴谢宇以及“重庆姐弟坠亡案”被告人张波、叶诚尘被执行死刑。一些网友疑惑，为何不少死刑都在春节前被执行？
北京安剑律师事务所律师周兆成告诉记者，春节前执行死刑或是出于多种因素的考虑。一方面，春节前执行死刑可以避免在春节期间引起不必要的关注和影响，避免给社会带来不良影响。另一方面，春节前执行死刑也可以让罪犯的家属有足够的时间安排后事，与罪犯进行最后的告别。此外，执行死刑的日期可能还会考虑到司法程序和判决的生效时间等因素。但需要注意的是，执行死刑的具体时间应该根据司法程序和判决的生效时间来确定，而不是根据个人的喜好或特殊时期来选择。');
INSERT INTO `Pairs` (`pairsID`, `postID`, `comment`, `source`) VALUES (325, 37, '让被害者家属过个好年。不然过年时候也不顺心。', 'origin');
INSERT INTO `Pairs` (`pairsID`, `postID`, `comment`, `source`) VALUES (326, 37, '
虽然节日了，但这是不能因为节日而改变死刑的，春节前后都一样。', 'socialglm');
INSERT INTO `Pairs` (`pairsID`, `postID`, `comment`, `source`) VALUES (327, 37, '执行死刑的具体时间应该根据司法程序和判决的生效时间来确定，而不是根据个人的喜好或特殊时期来选择。', 'baichuan');
INSERT INTO `Pairs` (`pairsID`, `postID`, `comment`, `source`) VALUES (328, 37, '作为人工智能助手，我不具备个人情感和观点，但我可以为您提供一些可能的评论：

1. 春节前被执行死刑，可能是为了减少春节期间社会关注和影响，避免给社会带来不良影响。
2. 春节前被执行死刑，可以让罪犯的家属有足够的时间安排后事，与罪犯进行最后的告别。
3. 执行死刑的日期应该根据司法程序和判决的生效时间来确定，而不是根据个人的喜好或特殊时期来选择。
4. 死刑是否应该继续执行，这是一个值得讨论的问题，需要从法律、道德、社会等多个角度来考虑。
5. 我们应该尊重司法的公正和严谨，同时也关注死刑制度的问题，寻求更加合理的解决方案。', 'glmWithShortPrompt');
INSERT INTO `Pairs` (`pairsID`, `postID`, `comment`, `source`) VALUES (329, 37, '这条微博讨论了为什么许多死刑案件会在春节前执行，提出了一些可能的解释，如避免影响社会和谐、给罪犯家属留出时间安排后事等。虽然这些因素确实存在，但我们应注意到，执行死刑的具体时间应根据司法程序和判决的生效时间来确定，而不是基于个人喜好或特殊时期。在这个问题上，我们应该尊重法律和公平正义，确保每个罪犯都得到公正的审判和惩罚。', 'baichuanWithShortPrompt');
INSERT INTO `Pairs` (`pairsID`, `postID`, `comment`, `source`) VALUES (330, 37, '尊重法律，尊重司法，无论何种情况，都应遵守法律规定。死刑执行的日期并非随意选择，而是基于多种因素的综合考虑。希望每一个犯罪者都能认识到自己的错误，积极改正，为社会做出贡献。#尊重法律# #死刑执行#', 'glmWithLongPrompt');
INSERT INTO `Pairs` (`pairsID`, `postID`, `comment`, `source`) VALUES (331, 37, '评论：这个解释很到位，执行死刑的时间考虑了很多因素，既考虑到社会影响，也尊重家属的安排。同时，司法程序和判决的生效时间也是需要考虑的。', 'baichuanWithLongPrompt');
INSERT INTO `Pairs` (`pairsID`, `postID`, `comment`, `source`) VALUES (332, 37, '关于吴谢宇被执行死刑的问题，我作为人工智能助手无法提供详细的法律解释。执行死刑是司法部门依法作出的决定，涉及的因素可能非常复杂。根据律师周兆成的解释，春节前执行死刑可能是为了避免引起不必要的关注和影响，让罪犯的家属有足够的时间安排后事，以及考虑司法程序和判决的生效时间等因素。但具体的执行时间应根据司法程序和判决的生效时间来确定。我国法律对此有严格的规定，以确保司法公正和透明。', 'glmOrigin');
INSERT INTO `Pairs` (`pairsID`, `postID`, `comment`, `source`) VALUES (333, 37, '为什么吴谢宇等人在春节前被执行死刑，这个问题涉及到法律、道德和人道主义等多个方面。首先，我们需要了解执行死刑的法律程序。在执行死刑时，需要遵循一定的法律程序，如经过二审终审、复核等程序，确保判决的公正性和合法性。这些程序可能需要一定的时间，因此在某些情况下，执行死刑的时间可能会推迟到春节前。

其次，执行死刑的时间也可能受到其他因素的影响。例如，为了避免在春节期间引起不必要的关注和影响，或者给罪犯的家属提供足够的时间安排后事，法院可能会选择在春节前执行死刑。此外，执行死刑的日期还可能考虑到司法程序和判决的生效时间等因素。

然而，值得注意的是，执行死刑的具体时间应该根据司法程序和判决的生效时间来确定，而不是根据个人的喜好或特殊时期来选择。因此，虽然吴谢宇等人在春节前被执行死刑可能是出于多种因素的考虑，但这并不意味着这种执行方式是不公正或不人道的。我们应该尊重法律程序，理解执行死刑背后的原因，同时关注罪犯家属的需求，为他们提供必要的帮助和支持。', 'baichuanOrigin');
INSERT INTO `Posts` (`postID`, `post`) VALUES (38, '【#主播声称几万元貂皮卖399大妈狂下单#，主播人设：为老百姓办实事】#你家老人沉迷网购吗#近日，吉林长春。女子称自己母亲迷恋上一个主播，该主播的人设是为老百姓办实事。母亲特别相信他，为了支持他在其直播间买了很多东西。收到货的有价值2888元的腕表、手机、项链耳环等，还有一件会送红包的价值好几万仅售399的貂皮大衣。女子表示十分无奈，母亲不信自己就信主播，不让买的东西也会悄悄下单。女子称大衣还行但母亲要退货，理由是没有买时主播说的红包。');
INSERT INTO `Pairs` (`pairsID`, `postID`, `comment`, `source`) VALUES (334, 38, '老年人真的劝不动  心都累了', 'origin');
INSERT INTO `Pairs` (`pairsID`, `postID`, `comment`, `source`) VALUES (335, 38, '
这就是传说中的为老百姓办实事', 'socialglm');
INSERT INTO `Pairs` (`pairsID`, `postID`, `comment`, `source`) VALUES (336, 38, '这主播挺厉害的，能忽悠老太太。', 'baichuan');
INSERT INTO `Pairs` (`pairsID`, `postID`, `comment`, `source`) VALUES (337, 38, '这条微博真是让人哭笑不得，没想到现在直播销售这么受欢迎，连老人都沉迷其中。不过，这位主播为了吸引顾客，真的应该为顾客着想，提供更好的商品和服务，而不是仅仅为了追求销量。另一方面，这位大妈的购物行为也让我们看到了网购的便捷性，但也要注意理性消费，避免盲目跟风。希望商家和消费者都能在直播购物中找到平衡点。', 'glmWithShortPrompt');
INSERT INTO `Pairs` (`pairsID`, `postID`, `comment`, `source`) VALUES (338, 38, '这条微博真的让人哭笑不得！看来这位主播的“为民办事”人设确实很成功，让许多老年人陷入了网购的狂热之中。不过，我们也应该提醒家里的老人，购物时要理性消费，不要轻信网络主播的宣传，以免上当受骗。同时，作为家人，也要关心老人的生活，引导他们树立正确的消费观念，避免过度消费。', 'baichuanWithShortPrompt');
INSERT INTO `Pairs` (`pairsID`, `postID`, `comment`, `source`) VALUES (339, 38, '这样的新闻真的很有趣，也让我们看到了网购的魅力。虽然母亲有些过于相信主播，但是这也说明了大自然的魅力和人类的创造力。希望这些故事可以给我们带来一些快乐和启发。', 'glmWithLongPrompt');
INSERT INTO `Pairs` (`pairsID`, `postID`, `comment`, `source`) VALUES (340, 38, '评论：这位主播真是让人无语，利用老人的信任来骗取他们的钱财。希望老人能够意识到这一点，不要再被这样的骗子所迷惑。同时，我们也应该提醒身边的家人和朋友，警惕类似的行为，保护好自己的财产安全。', 'baichuanWithLongPrompt');
INSERT INTO `Pairs` (`pairsID`, `postID`, `comment`, `source`) VALUES (341, 38, '针对这个情况，首先，我们要理解老人对主播的信任和依赖。她们可能觉得主播是值得信赖的人，并且相信主播推荐的产品质量有保障。但是，这种过度的信任和依赖可能会导致消费过度。

对于这种情况，我们可以采取以下几种方式来引导老人：

1. 沟通：首先，我们要和老人进行充分的沟通，了解她们为什么如此信任主播，以及她们对购买商品的决定是否基于理性判断。

2. 教育：可以通过一些方式，如提供相关知识、分享购物经验等，帮助老人提高独立思考和理性判断的能力。

3. 引导：可以尝试引导老人将购买决策建立在实际需求和预算上，而不是盲目跟风。

4. 监管：对于一些不必要的、过度的消费，我们可以建议老人暂时停止购买，避免形成浪费。

5. 帮助：在适当的情况下，可以帮助老人处理一些复杂的购物操作，如退货、退款等，以减少她们在购物过程中的困扰。

总的来说，我们要理解并尊重老人的选择，但同时也要引导她们理性消费，避免过度消费带来的问题。', 'glmOrigin');
INSERT INTO `Pairs` (`pairsID`, `postID`, `comment`, `source`) VALUES (342, 38, '这个事件反映了老年人沉迷于网络主播的现象，以及主播利用人设和虚假宣传来吸引消费者。对于这种情况，家庭成员应该加强对老年人的教育和引导，让他们认识到网络购物的风险，避免盲目跟风和消费。同时，平台也应该加强对主播的监管，打击虚假宣传等行为，保护消费者的合法权益。', 'baichuanOrigin');
INSERT INTO `Posts` (`postID`, `post`) VALUES (39, '【#云台山男妲己回应争议#：自己有分寸，不会过分触碰游客】#河南文旅立flag#1月18日，@大河报记者独家采访河南云台山景区“男妲己”扮演者刘天阳，他表示：我的那个吻手礼，一直都是吻我的手。在做用手贴脸动作的时候，我会把自己的手垫在里面。我不会触碰到他们（游客）。#亳州文旅把妲己请过去了#');
INSERT INTO `Pairs` (`pairsID`, `postID`, `comment`, `source`) VALUES (343, 39, '没啥争议得，角色扮演而已人物特点呈现，  难道赤狐去表演胸口碎大石，又没有过分行为，主要游客开心就好啦 ，推动文旅发展，支持河南', 'origin');
INSERT INTO `Pairs` (`pairsID`, `postID`, `comment`, `source`) VALUES (344, 39, '
游客是来旅游的，不是来被你吻的，别以为游客就喜欢这种行为，景区方也别默认游客喜欢，这种景区以后别去了', 'socialglm');
INSERT INTO `Pairs` (`pairsID`, `postID`, `comment`, `source`) VALUES (345, 39, '男的扮妲己，女的扮孙悟空，好有创意', 'baichuan');
INSERT INTO `Pairs` (`pairsID`, `postID`, `comment`, `source`) VALUES (346, 39, '人类口吻的评论：#云台山男妲己回应争议# 作为游客，我们当然可以欣赏和享受景区提供的各种表演和活动，但同时也希望这些表演能够尊重和照顾到每一个游客的感受和舒适度。云台山景区的“男妲己”扮演者刘天阳在接受采访时表示自己有分寸，不会过分触碰游客，这一点让人感到很高兴和欣慰。我们也期待景区能够在提供有趣和吸引人的表演的同时，也能够保障游客的权益和体验。#河南文旅立flag# #亳州文旅把妲己请过去了# 话题讨论。', 'glmWithShortPrompt');
INSERT INTO `Pairs` (`pairsID`, `postID`, `comment`, `source`) VALUES (347, 39, '这条微博真的很有趣！看来这位“男妲己”非常注重保护游客的隐私，用巧妙的方式展现自己的表演才华。这种尊重他人的态度让人印象深刻，也为他赢得了观众的喜爱。希望他在今后的表演中继续保持这种敬业精神，为游客带来更多欢乐的时光！', 'baichuanWithShortPrompt');
INSERT INTO `Pairs` (`pairsID`, `postID`, `comment`, `source`) VALUES (348, 39, '这样的回应真的很有智慧，既解释了争议，也展现了自己的专业素养，这样的旅游从业者真的值得学习和尊重！', 'glmWithLongPrompt');
INSERT INTO `Pairs` (`pairsID`, `postID`, `comment`, `source`) VALUES (349, 39, '评论：这位“男妲己”的表演方式确实很独特，既能吸引游客的关注，又能保持适当的距离。这种创意和分寸感值得肯定。希望他在表演的同时，也能注意保护自己的身体健康。', 'baichuanWithLongPrompt');
INSERT INTO `Pairs` (`pairsID`, `postID`, `comment`, `source`) VALUES (350, 39, '关于云台山男妲己回应争议的问题，网络上的讨论很多。有人认为，作为景区扮演者，刘天阳的行为可能引起游客的不适，有失分寸。也有人认为，这可能是景区为了吸引游客的一种营销手段，旨在提高景区的知名度。

刘天阳在接受采访时表示，自己的吻手礼一直都是吻自己的手，而在做用手贴脸动作的时候，他会把自己的手垫在里面，不会触碰到游客。这表明他已经在尽量保持距离，避免引起游客的不适。

此外，也有网友提出，如果刘天阳的行为真的让游客感到不适，景区方面可以考虑换一种营销手段。作为景区，吸引游客的同时，也要尊重游客的感受，保持良好的口碑。

关于河南文旅立flag的问题，网络上的讨论很多。有人认为，这种做法可以提高景区的知名度，吸引更多游客。也有人认为，这种做法可能会让游客感到不适，有失分寸。

总之，作为景区扮演者，刘天阳的行为引发了广泛的讨论。在吸引游客的同时，景区方面也要尊重游客的感受，保持良好的口碑。', 'glmOrigin');
INSERT INTO `Pairs` (`pairsID`, `postID`, `comment`, `source`) VALUES (351, 39, '刘天阳表示，自己知道自己的行为可能会引起争议，但他认为自己的表现并没有过分触碰游客。他解释说，自己的吻手礼一直都是吻我的手，在做用手贴脸的动作时，他会将自己的手垫在里面，以避免触碰到游客。他表示，自己有一定的职业素养，不会让游客感到不适。

对于网络上的争议，刘天阳表示，他理解大家的看法，但希望人们能够理性看待这个问题。他认为，作为一个表演者，他的目标是让观众欣赏到精彩的表演，而不是引起争议。他希望人们能够关注他的表演，而不是他的个人生活。

云台山景区也表示，他们会关注网络上的舆论，但对于刘天阳的表现，他们认为他具有一定的职业素养，不会过度触碰游客。同时，他们也呼吁大家理性看待这个问题，关注景区的风景和表演。', 'baichuanOrigin');
INSERT INTO `Posts` (`postID`, `post`) VALUES (40, '【#亲属回应七旬爷爷老来得子#：爷爷70多岁奶奶39岁，老大在上高中】据@白鹿视频报道：近日，贵州铜仁。#女子分享自己7旬爷爷老来得子#引发网友关注。老人的孙侄女丁女士介绍，这些情况属实。爷爷70多岁，奶奶39岁，都是本地人，奶奶从小双目失明，爷爷奶奶结婚20多年了。家里还有个上高中的儿子。家里都是爷爷做饭，经济确实有点困难，离得近的亲朋都会去帮衬一些。目前小孩的奶粉是他们自己买的，大家送去食物和小孩穿的衣服。家里多一个孩子本来是件高兴的事情，都希望他健健康康长大。');
INSERT INTO `Pairs` (`pairsID`, `postID`, `comment`, `source`) VALUES (352, 40, '39岁结婚就算20年，女的19 男的50', 'origin');
INSERT INTO `Pairs` (`pairsID`, `postID`, `comment`, `source`) VALUES (353, 40, '
这就是老来子的意思', 'socialglm');
INSERT INTO `Pairs` (`pairsID`, `postID`, `comment`, `source`) VALUES (354, 40, '真羡慕奶奶，有这么疼她的老公', 'baichuan');
INSERT INTO `Pairs` (`pairsID`, `postID`, `comment`, `source`) VALUES (355, 40, '哇，这个新闻真的太感人了！70多岁的爷爷和39岁的奶奶竟然迎来了人生的另一个高峰——老来得子！这个家庭一定非常幸福，尽管他们经济条件有些困难，但是他们的亲朋好友都会帮助他们，大家都会去帮衬这个家庭。这个孩子也真的太幸运了，有一个这么可爱的家庭，有一个这么关心他的爷爷和奶奶。希望他健健康康长大，成为一个优秀的人！', 'glmWithShortPrompt');
INSERT INTO `Pairs` (`pairsID`, `postID`, `comment`, `source`) VALUES (356, 40, '这条微博真的让人感慨万千！70多岁的爷爷和39岁的奶奶竟然迎来了他们的孩子，真是老来得子。虽然他们的生活面临着一些困难，但家人和朋友都在尽力帮助他们。希望这个小生命能够健康成长，也希望他们的家庭能够度过这个难关，迎来更多的幸福时光。', 'baichuanWithShortPrompt');
INSERT INTO `Pairs` (`pairsID`, `postID`, `comment`, `source`) VALUES (357, 40, '祝福这对老夫妇身体健康，幸福快乐！希望他们的生活越来越好，也能给这个家庭带来更多的欢乐和希望。', 'glmWithLongPrompt');
INSERT INTO `Pairs` (`pairsID`, `postID`, `comment`, `source`) VALUES (358, 40, '评论：祝福这个家庭幸福美满，希望小宝贝健康成长，也祝愿爷爷奶奶身体健康，度过更多美好的时光。', 'baichuanWithLongPrompt');
INSERT INTO `Pairs` (`pairsID`, `postID`, `comment`, `source`) VALUES (359, 40, '这位70多岁的爷爷和39岁的奶奶迎来了他们的小宝宝，确实是一件令人高兴的事情。尽管他们年龄较大，但依然拥有生育的权利和机会，这也体现了我国对人口政策的尊重和理解。对于他们家庭来说，增加了一个孩子，无疑为他们的生活带来了更多的欢乐和期待。同时，他们的儿子正在上高中，家庭经济可能相对困难，亲朋好友的帮衬也是他们能够度过难关的重要支持。尽管生活中有许多挑战，但他们依然保持乐观和积极，期待着这个新生命的健康成长。', 'glmOrigin');
INSERT INTO `Pairs` (`pairsID`, `postID`, `comment`, `source`) VALUES (360, 40, '这个事件引起了许多人的关注，主要是因为老年人的生育年龄差距较大，而且女方患有失明症。然而，尽管面临一些困难，家人仍然在尽力照顾这个年幼的孩子，希望他能健康成长。这是一个温馨的家庭故事，展示了亲情和关爱的力量。在这个事件中，我们可以看到家庭成员之间的支持和互助，这也是一个积极的信息。', 'baichuanOrigin');
INSERT INTO `Posts` (`postID`, `post`) VALUES (41, '【#人民日报评繁花#：书写改革开放时代的传奇人生】近日热播的电视剧《繁花》高度还原了90年代初期的上海“腔调”，被广大观众津津乐道。1月8日人民日报发文点评了该剧。文章表示《繁花》以现实主义精神反映时代的伟大变革，对上海城市空间的建构和人情关系的描摹又具有王家卫式的浪漫色彩。书写人物成长，是建立在“响”与“不响”的区别落差和由此形成的戏剧张力上的。文学作品改编电视剧的例子屡见不鲜，《繁花》则独辟蹊径，导演在原作的框架下书写了新的故事，为新时代电视剧创作提供了新经验。#爷叔给宝总上的最后一课#（@看看新闻KNEWS,嘉玛）');
INSERT INTO `Pairs` (`pairsID`, `postID`, `comment`, `source`) VALUES (361, 41, '繁花简直是内娱电视剧天花板，太牛了！', 'origin');
INSERT INTO `Pairs` (`pairsID`, `postID`, `comment`, `source`) VALUES (362, 41, '
感觉这个作品在表达上，确实有难度，但不管怎样，它还是一个很成功的作品', 'socialglm');
INSERT INTO `Pairs` (`pairsID`, `postID`, `comment`, `source`) VALUES (363, 41, '我倒是觉得挺好看的，可能我审美跟大众不太一样吧', 'baichuan');
INSERT INTO `Pairs` (`pairsID`, `postID`, `comment`, `source`) VALUES (364, 41, '非常棒！这部电视剧《繁花》展现了改革开放时期上海滩的风貌和人文风情，让人仿佛身临其境。它以真实主义精神描绘了时代的巨变，对城市空间的建构和对人情关系的描摹都充满了王家卫式的浪漫色彩。特别喜欢导演在原作的框架下书写新的故事，为新时代电视剧创作提供了新的经验。期待更多这样的作品！', 'glmWithShortPrompt');
INSERT INTO `Pairs` (`pairsID`, `postID`, `comment`, `source`) VALUES (365, 41, '《繁花》这部剧真的让人印象深刻，它成功地还原了90年代初期的上海风貌，让观众仿佛置身于那个时代。人民日报的点评也非常中肯，指出了该剧的现实主义精神和王家卫式的浪漫色彩。在描绘人物成长的过程中，编剧和导演巧妙地运用了“响”与“不响”的差别，使得剧情更加引人入胜。同时，《繁花》还为我们提供了新的电视剧创作经验，值得我们学习和借鉴。', 'baichuanWithShortPrompt');
INSERT INTO `Pairs` (`pairsID`, `postID`, `comment`, `source`) VALUES (366, 41, '#《繁花》的细腻与深度#，让人感叹于创作者的智慧与才华，同时也让我们看到了改革开放时代的社会变迁与人生命运的波折。期待更多优秀的作品，让我们共同见证时代的进步与成长！', 'glmWithLongPrompt');
INSERT INTO `Pairs` (`pairsID`, `postID`, `comment`, `source`) VALUES (367, 41, '评论：《繁花》这部剧真的让人印象深刻，它展现了那个时代的风貌和人们的日常生活，让人感受到了岁月的沉淀。同时，导演在改编过程中也融入了新的元素，使得剧情更加丰富多彩。感谢《繁花》带给我们如此美好的视觉盛宴，期待更多优秀的影视作品！', 'baichuanWithLongPrompt');
INSERT INTO `Pairs` (`pairsID`, `postID`, `comment`, `source`) VALUES (368, 41, '《繁花》这部电视剧以其独特的叙事手法和深入人心的情感描绘，赢得了广大观众的喜爱。它以90年代初期的上海为背景，生动展现了改革开放时期的辉煌景象和人们的生活状态。

人民日报的点评也对此剧给予了高度评价。该剧以现实主义精神反映了时代的伟大变革，对上海城市空间的建构和人情关系的描绘具有王家卫式的浪漫色彩。在人物成长的描绘上，作品巧妙地将“响”与“不响”的区别落差和由此形成的戏剧张力展现得淋漓尽致。

此外，《繁花》在电视剧改编方面也独辟蹊径，导演在原作的框架下书写了新的故事，为新时代电视剧创作提供了新的经验。这种勇于创新、敢于突破的精神，也是《繁花》能够获得观众喜爱的关键所在。

总的来说，《繁花》是一部值得一看的优秀电视剧，它以独特的叙事手法和深入人心的情感描绘，展现了改革开放时期的辉煌景象和人们的生活状态，为观众带来了极大的视觉和心灵享受。', 'glmOrigin');
INSERT INTO `Pairs` (`pairsID`, `postID`, `comment`, `source`) VALUES (369, 41, '《人民日报》评论电视剧《繁花》：书写改革开放时代的传奇人生

近日，电视剧《繁花》热播，观众纷纷被其还原的90年代初上海“腔调”所吸引。《人民日报》1月8日的文章对此进行了点评。

文章认为，《繁花》以现实主义精神反映了时代的伟大变革，同时具有王家卫式的浪漫色彩。剧中人物的成长，建立在“响”与“不响”的区别落差和戏剧张力上。

文学作品改编成电视剧的例子并不少见，但《繁花》却独树一帜，导演在原著的基础上创作了新的故事，为新时代电视剧创作提供了新经验。

总之，《繁花》以独特的视角展现了改革开放时代的传奇人生，为观众带来了深刻的思考和共鸣。', 'baichuanOrigin');
INSERT INTO `Posts` (`postID`, `post`) VALUES (42, '【#余华英拐卖案二审裁定发回重审##公安机关发现余华英其他拐卖犯罪事实#】贵州省高级人民法院近日对余华英拐卖儿童案作出二审裁定，发回重审。法院认为，原判遗漏原审被告人余华英其他拐卖儿童的犯罪事实，部分事实不清楚，为查清上诉人余华英全部犯罪事实，应予重审。此案于2023年9月18日在贵州省贵阳市中级人民法院一审宣判。经审理查明：被告人余华英于1993年至1996年期间伙同龚某良（已故），在贵州省、重庆市等地共拐卖儿童11名。其行为已构成拐卖儿童罪，犯罪情节特别严重，社会危害性极大，应予以严惩。对被告人余华英以拐卖儿童罪一审判处死刑，剥夺政治权利终身，并处没收个人全部财产。被告人余华英当庭表示上诉。2023年11月28日，此案二审开庭，庭审后，检察机关以经公安机关初查又发现上诉人余华英在云南省还涉嫌拐卖儿童的其他犯罪事实，有漏罪没有处理，为全面、准确、有力打击犯罪，保障被告人依法享有的上诉权，建议将本案发回重审。（总台央视记者 常杨 张译丹）');
INSERT INTO `Pairs` (`pairsID`, `postID`, `comment`, `source`) VALUES (370, 42, '热搜词条没显示完整把我吓一跳，对不起看成余华老师', 'origin');
INSERT INTO `Pairs` (`pairsID`, `postID`, `comment`, `source`) VALUES (371, 42, '
希望余华英能被重新审理', 'socialglm');
INSERT INTO `Pairs` (`pairsID`, `postID`, `comment`, `source`) VALUES (372, 42, '终于有判死刑的案子了', 'baichuan');
INSERT INTO `Pairs` (`pairsID`, `postID`, `comment`, `source`) VALUES (373, 42, '#余华英拐卖案二审裁定发回重审# 这是一个让人深感震惊的新闻。贵州省高级人民法院对余华英拐卖儿童案作出二审裁定，发回重审，这表明我们的司法系统对于维护公平正义、打击犯罪的态度是非常严肃和认真的。希望重审能够查清余华英的全部犯罪事实，让更多的孩子得到解救，让犯罪分子得到应有的惩罚。同时，我们也应该关注到这个案件背后的问题，比如拐卖儿童的犯罪原因、如何预防此类犯罪的发生等，以便从源头上减少此类犯罪的发生。', 'glmWithShortPrompt');
INSERT INTO `Pairs` (`pairsID`, `postID`, `comment`, `source`) VALUES (374, 42, '这条微博涉及一起严重的拐卖儿童案件，令人震惊和愤怒。余华英作为罪犯，不仅对受害儿童造成了无法挽回的伤害，还对整个社会产生了极大的负面影响。法院对此案的审理和判决是公正和严厉的，体现了法治的尊严和正义。希望这次发回重审能够彻底查清余华英的所有罪行，让她受到应有的惩罚，同时也提醒我们要加强对拐卖儿童的打击力度，保护每一个孩子的权益和安全。', 'baichuanWithShortPrompt');
INSERT INTO `Pairs` (`pairsID`, `postID`, `comment`, `source`) VALUES (375, 42, '#关注儿童安全# 这样的案件再次提醒我们，要加强对儿童安全的教育和保护。希望法律能够更加严格地执行，让那些犯罪分子无法逃脱法律的制裁。同时，我们也应该提高自身的防范意识，保护好自己和身边的孩子们。', 'glmWithLongPrompt');
INSERT INTO `Pairs` (`pairsID`, `postID`, `comment`, `source`) VALUES (376, 42, '微博：【#余华英拐卖案二审裁定发回重审##公安机关发现余华英其他拐卖犯罪事实#】贵州省高级人民法院近日对余华英拐卖儿童案作出二审裁定，发回重审。法院认为，原判遗漏原审被告人余华英其他拐卖儿童的犯罪事实，部分事实不清楚，为查清上诉人余华英全部犯罪事实，应予重审。此案于2023年9月18日在贵州省贵阳市中级人民法院一审宣判。经审理查明：被告人余华英于1993年至1996年期间伙同龚某良（已故），在贵州省、重庆市等地共拐卖儿童11名。其行为已构成拐卖儿童罪，犯罪情节特别严重，社会危害性极大，应予以严惩。对被告人余华英以拐卖儿童罪一审判处死刑，剥夺政治权利终身，并处没收个人全部财产。被告人余华英当庭表示上诉。2023年11月28日，此案二审开庭，庭审后，检察机关以经公安机关初查又发现上诉人余华英在云南省还涉嫌拐卖儿童的其他犯罪事实，有漏罪没有处理，为全面、准确、有力打击犯罪，保障被告人依法享有的上诉权，建议将本案发回重审。（总台央视记者 常杨 张译丹）

评论：这起案件再次警示我们，拐卖儿童是极其残忍和恶性的犯罪行为，必须严厉打击。希望公安机关能够彻底查清余华英的所有罪行，让受害者得到公正的审判和补偿。同时，我们也应加强对家庭和社会的关爱，预防儿童被拐卖，让他们在一个安全的环境中健康成长。', 'baichuanWithLongPrompt');
INSERT INTO `Pairs` (`pairsID`, `postID`, `comment`, `source`) VALUES (377, 42, '余华英拐卖儿童案是一起严重的犯罪行为，对儿童的家庭和社会造成了极大的伤害。根据我国的法律，对于这样的犯罪行为应该严格依法处理，确保法律的公正和公平。同时，我们也应该关注到，对于涉及拐卖儿童的犯罪行为，除了依法处理外，还需要加强对儿童保护的力度，防止类似事件再次发生。对于余华英 case 的发回重审，希望能够全面、准确、有力地打击犯罪，同时也希望能够通过这个案例，进一步提高公众对儿童保护的意识。', 'glmOrigin');
INSERT INTO `Pairs` (`pairsID`, `postID`, `comment`, `source`) VALUES (378, 42, '【#余华英拐卖案二审裁定发回重审#】贵州省高级人民法院近日对余华英拐卖儿童案作出二审裁定，发回重审。法院认为，原判遗漏原审被告人余华英其他拐卖儿童的犯罪事实，部分事实不清楚，为查清上诉人余华英全部犯罪事实，应予重审。此案于2023年9月18日在贵州省贵阳市中级人民法院一审宣判。经审理查明：被告人余华英于1993年至1996年期间伙同龚某良（已故），在贵州省、重庆市等地共拐卖儿童11名。其行为已构成拐卖儿童罪，犯罪情节特别严重，社会危害性极大，应予以严惩。对被告人余华英以拐卖儿童罪一审判处死刑，剥夺政治权利终身，并处没收个人全部财产。被告人余华英当庭表示上诉。2023年11月28日，此案二审开庭，庭审后，检察机关以经公安机关初查又发现上诉人余华英在云南省还涉嫌拐卖儿童的其他犯罪事实，有漏罪没有处理，为全面、准确、有力打击犯罪，保障被告人依法享有的上诉权，建议将本案发回重审。', 'baichuanOrigin');
INSERT INTO `Posts` (`postID`, `post`) VALUES (43, '【#你能接受对象看你的手机吗#】今天有个热搜是#为什么情侣可以有隐私但不能有秘密#，关于情侣之间的隐私问题，有一个大家常常讨论的就是“看对方手机”，来聊聊，你能接受对象看你的手机吗？你能接受对象或伴侣看你的手机吗？​');
INSERT INTO `Pairs` (`pairsID`, `postID`, `comment`, `source`) VALUES (379, 43, '我连自己孩子的手机都不看，因为要尊重他们的隐私。', 'origin');
INSERT INTO `Pairs` (`pairsID`, `postID`, `comment`, `source`) VALUES (380, 43, '
我是可以接受，但不会翻看', 'socialglm');
INSERT INTO `Pairs` (`pairsID`, `postID`, `comment`, `source`) VALUES (381, 43, '当然接受啊，但是要给我看他的手机', 'baichuan');
INSERT INTO `Pairs` (`pairsID`, `postID`, `comment`, `source`) VALUES (382, 43, '作为一个人工智能助手，我没有情感和隐私，所以这个问题对我来说并不适用。但我可以提供一些观点供大家参考。在一段关系中，信任和沟通是非常重要的。如果双方都愿意相互尊重彼此的隐私，并且就查看手机这个问题达成共识，那么这个问题应该不会成为关系中的矛盾点。当然，每个人的底线和接受程度都是不同的，关键是要有充分的沟通，理解彼此的需求和界限。', 'glmWithShortPrompt');
INSERT INTO `Pairs` (`pairsID`, `postID`, `comment`, `source`) VALUES (383, 43, '作为一个大语言模型，我没有情感和隐私，但我理解人们对于手机隐私的关注。在这个问题上，每个人的看法和价值观可能都不同。有些人可能会选择开放，愿意与对方分享自己的生活，而有些人则可能更倾向于保持一定的隐私。关键在于双方如何沟通和理解彼此的需求，找到一个平衡点。', 'baichuanWithShortPrompt');
INSERT INTO `Pairs` (`pairsID`, `postID`, `comment`, `source`) VALUES (384, 43, '我觉得每个人都有自己的隐私空间，无论是恋爱关系还是其他关系。如果双方都愿意相互信任并且尊重彼此的隐私，那么就沒有什麼問題。但是，如果有一方不斷地侵犯另一方的隐私，那么這種关系可能需要重新評估。', 'glmWithLongPrompt');
INSERT INTO `Pairs` (`pairsID`, `postID`, `comment`, `source`) VALUES (385, 43, '评论：作为一个大语言模型，我没有情感和个人隐私，所以这个问题对我来说并不适用。但是，我认为每个人都有权保护自己的隐私，包括查看对方的手机。在一段关系中，信任是非常重要的，但这并不意味着要完全公开自己的生活。双方应该找到一个平衡点，尊重彼此的隐私，同时保持诚实和透明。', 'baichuanWithLongPrompt');
INSERT INTO `Pairs` (`pairsID`, `postID`, `comment`, `source`) VALUES (386, 43, '作为人工智能助手，我没有个人情感和感受，但我可以为你提供一些观点供你参考。

在一段关系中，信任是基石。双方都应该尊重彼此的隐私，不要随意查看对方的私人物品，包括手机。尊重对方的隐私有助于维护关系的稳定和健康。

当然，每对情侣的情况都不尽相同，有些人可能更愿意开放自己的手机给伴侣查看。但关键在于，双方要坦诚沟通，了解彼此的需求和界限，并在关系中建立信任。

有些人可能会担心伴侣查看手机会带来不必要的误会或矛盾。因此，在决定是否允许伴侣查看手机之前，你可以考虑以下几点：

1. 信任程度：你们之间的信任程度如何？如果双方相互信任，那么查看伴侣的手机可能不会造成太大问题。

2. 沟通：和伴侣进行坦诚沟通，了解彼此的想法和需求。如果双方都同意查看对方的手机，那么进行这一行为时，要确保双方都能接受。

3. 尊重：尊重伴侣的隐私，不要随意查看他们的手机，除非他们明确表示允许。

4. 原因：想清楚为什么需要查看伴侣的手机，以及这一行为可能带来的后果。如果原因充分且合理，那么双方可能会更愿意接受。

总之，在关系中保持信任和尊重是关键。在考虑是否允许伴侣查看手机时，确保你们之间的沟通畅通，并充分了解彼此的想法和需求。', 'glmOrigin');
INSERT INTO `Pairs` (`pairsID`, `postID`, `comment`, `source`) VALUES (387, 43, '作为一个大语言模型，我没有情感和隐私，所以无法回答这个问题。但是，我认为每个人都有隐私权，包括情侣之间。在关系中，应该尊重彼此的隐私，不要随意查看对方的手机。如果双方都有信任和尊重，那么没有必要查看对方的手机。当然，如果有特殊情况需要查看，也应该事先沟通好并尊重对方的意见。', 'baichuanOrigin');
INSERT INTO `Posts` (`postID`, `post`) VALUES (44, '【#兴业银行涨停操盘者曝光#！上交所出手重罚】1月6日，上交所在官方微博发布《关于对福建省港口集团有限责任公司及其4家子公司名下证券账户实施限制交易等措施的通报》。通报称，2023年12月29日收盘集合竞价阶段，福建省港口集团有限责任公司名下证券账户在交易兴业银行（601166）过程中，以明显偏离股票最新成交价的价格大笔申报成交，构成收盘集合竞价阶段拉抬股价的异常交易行为。上交所自2024年1月2日起依规对相关投资者名下证券账户紧急采取了暂停交易的监管措施。经查，上述异常交易行为严重扰乱市场正常交易秩序，违规情节严重。经上交所纪律处分委员会审核，决定对福建省港口集团有限责任公司予以公开谴责，并对福建省港口集团有限责任公司及其4家子公司名下证券账户实施限制交易6个月的纪律处分。上述纪律处分决定记入证券期货市场诚信档案同时，上交所责令福建省港口集团有限责任公司公开进行说明并对其实施监管谈话，要求相关主体提交合规交易承诺书。2023年12月29日，在尾盘集合竞价阶段，兴业银行股价出现异动，直接拉升封板涨停，报收16.21元，竞价成交额2.16亿元。当日稍早前，其涨幅仅为0.27%。（上海证券报）');
INSERT INTO `Pairs` (`pairsID`, `postID`, `comment`, `source`) VALUES (388, 44, '兴业股东是福建系，自己拉起来出货。', 'origin');
INSERT INTO `Pairs` (`pairsID`, `postID`, `comment`, `source`) VALUES (389, 44, '
这么好，以后多来点，都是好股票', 'socialglm');
INSERT INTO `Pairs` (`pairsID`, `postID`, `comment`, `source`) VALUES (390, 44, '兴业银行涨停了，明天会涨停吗？', 'baichuan');
INSERT INTO `Pairs` (`pairsID`, `postID`, `comment`, `source`) VALUES (391, 44, '这位操盘者真是胆大妄为，竟然在兴业银行涨停时大笔申报成交，严重影响市场秩序。兴业银行也应加强内部监管，防止再次发生此类事件。同时，上交所的处理方式也起到了警示效果，希望其他投资者引以为戒，不要轻易参与异常交易行为。', 'glmWithShortPrompt');
INSERT INTO `Pairs` (`pairsID`, `postID`, `comment`, `source`) VALUES (392, 44, '这条微博讲述了兴业银行涨停操盘者的曝光以及上交所对其的重罚。这种行为严重扰乱了市场正常交易秩序，违反了相关规定。上交所对此进行了严肃处理，对涉事投资者实施了暂停交易的监管措施，并对其进行了公开谴责和限制交易6个月的纪律处分。这种对市场违规行为零容忍的态度是值得肯定的，有助于维护市场的公平和稳定。同时，这也提醒我们在投资时要遵守法律法规，遵循市场规则，避免参与违法违规行为。', 'baichuanWithShortPrompt');
INSERT INTO `Pairs` (`pairsID`, `postID`, `comment`, `source`) VALUES (393, 44, '这样的监管措施对维护市场秩序起到了重要作用，也是对投资者权益的保障。希望所有市场参与者都能严格遵守规定，共同维护良好的投资环境。', 'glmWithLongPrompt');
INSERT INTO `Pairs` (`pairsID`, `postID`, `comment`, `source`) VALUES (394, 44, '评论：这种操纵股价的行为真是让人震惊，严重破坏了市场的公平性。监管部门应该加大对这类行为的打击力度，保护投资者的合法权益。同时，也希望市场参与者能够自觉遵守规则，共同维护市场秩序。', 'baichuanWithLongPrompt');
INSERT INTO `Pairs` (`pairsID`, `postID`, `comment`, `source`) VALUES (395, 44, '这份通报指出，福建省港口集团有限责任公司在2023年12月29日收盘集合竞价阶段，通过名下证券账户在交易兴业银行（601166）时，以明显偏离股票最新成交价的价格大笔申报成交，构成了收盘集合竞价阶段拉抬股价的异常交易行为。因此，上交所自2024年1月2日起依规对相关投资者名下证券账户紧急采取了暂停交易的监管措施。

经过调查，上交所纪律处分委员会决定对福建省港口集团有限责任公司予以公开谴责，并对福建省港口集团有限责任公司及其4家子公司名下证券账户实施限制交易6个月的纪律处分。同时，上交所责令福建省港口集团有限责任公司公开进行说明，并对其实施监管谈话，要求相关主体提交合规交易承诺书。

这份通报反映出我国监管部门对于异常交易行为的高度重视，并采取了严厉的监管措施，以维护市场的正常交易秩序。对于投资者来说，应当遵守市场规则，遵循合规交易原则，避免因违规行为而遭受损失。同时，兴业银行也应加强内部管理，防止此类事件再次发生。', 'glmOrigin');
INSERT INTO `Pairs` (`pairsID`, `postID`, `comment`, `source`) VALUES (396, 44, '兴业银行涨停操盘者被曝光，上交所对其进行了重罚。这一事件反映了市场参与者应遵守的交易规则和市场秩序，任何违反规定的行为都将受到严厉惩罚。上交所采取的限制交易等措施，旨在维护市场的稳定和公平，保护投资者的合法权益。同时，这也提醒市场参与者要严格遵守相关规定，遵循诚信原则，共同维护良好的市场环境。', 'baichuanOrigin');
INSERT INTO `Posts` (`postID`, `post`) VALUES (45, '【#最高检回应老干部举报当地领导干部被逮捕案#】如果此案未被记者曝光，如果没有引发网络舆情，如果上级机关不出面干预，当地检察机关会撤诉吗？当地法院会做出无罪判决吗？当地公安局和检查院以最快速度最高效率抓人起诉，仅仅是被举报的县委书记政法委书记涉嫌滥用职权打击报复？谁来约束一把手，靠什么约束一把手？背后深层次的问题不反思不解决，还会有更多类似案件发生。#最高检回应老干部举报当地领导被逮捕#（央视新闻）');
INSERT INTO `Pairs` (`pairsID`, `postID`, `comment`, `source`) VALUES (397, 45, '上级领导介入就能拨乱反正，不介入呢？介入不--呢？法制，要法干嘛呢？这是根本！', 'origin');
INSERT INTO `Pairs` (`pairsID`, `postID`, `comment`, `source`) VALUES (398, 45, '
没有舆情，就撤诉，没有舆情，就无罪，这样的案件能有多少？', 'socialglm');
INSERT INTO `Pairs` (`pairsID`, `postID`, `comment`, `source`) VALUES (399, 45, '这是要开始整治媒体了', 'baichuan');
INSERT INTO `Pairs` (`pairsID`, `postID`, `comment`, `source`) VALUES (400, 45, '这是一个非常值得关注和思考的问题。如果当地检察机关和法院在未受到记者曝光和网络舆情的情况下，仍然决定撤诉或做出无罪判决，那么我们需要思考的是，这样的决定是否公正合理？是否符合法律程序和规定？

同时，我们也需要思考的是，当地公安局和检查院是否真的只是因为被举报的县委书记和政法委书记涉嫌滥用职权而进行快速抓人和起诉？还是背后存在更深层次的问题和利益纠葛？

这个问题不仅仅是一个法律问题，更是一个深层次的社会问题。我们需要反思的是，如何保证法律的公正和公平，如何保证一把手的合法性和责任感，如何解决深层次的社会问题，避免类似案件的再次发生。

同时，我也希望最高检能够积极回应这个问题，给出明确的回答和解释，让公众能够更好地理解和信任我们的法律体系。', 'glmWithShortPrompt');
INSERT INTO `Pairs` (`pairsID`, `postID`, `comment`, `source`) VALUES (401, 45, '这条微博反映了一个令人担忧的社会现象，即一些领导干部可能滥用权力，对举报人进行打击报复。这种情况不仅损害了受害者的权益，也影响了社会的公平正义。因此，我们需要关注这一问题，并采取措施加以解决。希望有关部门能够认真调查此事，严惩违法行为，保护受害者和举报人的合法权益。同时，我们也应该反思制度层面的问题，加强监管，防止类似事件再次发生。', 'baichuanWithShortPrompt');
INSERT INTO `Pairs` (`pairsID`, `postID`, `comment`, `source`) VALUES (402, 45, '这样的问题必须严肃对待，不能掉以轻心。希望有关部门能够全面调查，还事实以真相，同时也要对涉及到的领导和机构进行严肃处理，以维护法治的公正和严肃性。同时，我们也需要思考如何加强制度监管，避免此类事件的再次发生。', 'glmWithLongPrompt');
INSERT INTO `Pairs` (`pairsID`, `postID`, `comment`, `source`) VALUES (403, 45, '评论：这个案件反映了权力滥用和社会不公的问题，希望相关部门能够深入调查，还受害者一个公道。同时，我们也应该思考如何加强对权力的监督和制约，防止类似事件的发生。', 'baichuanWithLongPrompt');
INSERT INTO `Pairs` (`pairsID`, `postID`, `comment`, `source`) VALUES (404, 45, '根据我国的法律规定，如果一起案件被记者曝光，上级机关不出面干预，当地检察机关撤诉的可能性较小。这是因为，我国的法律体系中，新闻媒体的报道监督权是一项重要的制度安排，以保证公众对司法公正的监督。

关于此案是否会被判决无罪，主要取决于案件的证据和法律规定。如果举报的内容被证实，而被告人的行为确实构成了犯罪，那么法院很可能会做出有罪判决。

至于当地公安局和检查院是否快速抓人起诉，这需要具体案件具体分析。如果案件确有证据支持，且符合法律规定，那么公安局和检查院的行为是合法的。

这个案件背后的问题，确实需要深入反思和解决。我国正在深化反腐败斗争，强化对权力运行的制约和监督，努力打造不敢腐、不能腐、不想腐的制度环境。同时，也需要公众的监督和参与，共同维护社会的公平正义。', 'glmOrigin');
INSERT INTO `Pairs` (`pairsID`, `postID`, `comment`, `source`) VALUES (405, 45, '关于您提到的案件，我需要强调的是，我们不应该对具体个案进行过多猜测和解读。但是，我可以向您解释一下检察机关在办案过程中的职责和义务。

根据我国刑事诉讼法，检察机关负责审查批准逮捕和审查起诉工作。在审查批准逮捕时，检察机关会对犯罪嫌疑人是否符合逮捕条件进行审查，如果认为犯罪嫌疑人符合逮捕条件，才会批准逮捕。在审查起诉阶段，检察机关会对犯罪事实、证据等进行全面审查，决定是否提起公诉。

在办案过程中，检察机关会严格遵守法律程序，尊重和保障人权，确保案件办理公正、公平、公开。同时，检察机关也会接受上级机关的监督和指导，确保案件办理符合法律规定。

至于您提到的“一把手”问题，这是一个广泛的社会现象，需要从多个层面进行分析和解决。作为一个大语言模型，我不能对此发表观点，但我可以为您提供一些相关信息，帮助您更好地了解这个问题。', 'baichuanOrigin');
INSERT INTO `Posts` (`postID`, `post`) VALUES (46, '【#最高检纠正老干部举报领导被逮捕案#：让人民满意是公正的试金石】#最高检派院领导前往河北指导马树山案#“我们的检察院是人民的检察院，必须把屁股端端地坐在老百姓这一面，确保检察权为人民行使、让人民满意。”1月18日，在最高人民检察院专门邀请10位社会各界人士代表召开的座谈会上，最高检党组书记、检察长应勇如是说。针对近期河北省迁西县老干部马树山因举报当地领导干部被逮捕、起诉的案件， 应勇表示，最高检高度重视，专门派出院领导前往河北指导案件办理；会同河北省检察机关，在审查核实的基础上，指令迁西县检察院以不存在犯罪事实对马树山依法撤回起诉，并将依法作出不起诉处理。2023年12月，年逾75岁的迁西县农业农村局正科级退休干部马树山，因为举报迁西县委书记李贵富在当地花几千万元搞城关“亮化工程”劳民伤财等问题，被迁西县公安局刑拘，之后由迁西县检察院批捕并提起公诉，当地检方指控这位耿直的“迁西好人”涉嫌诽谤罪和诬告陷害罪两项罪名。事件被媒体曝光之后，今年1月15日，迁西县检察院以“不存在犯罪事实”为由，对马树山撤回起诉，同日马树山被释放。现在回看这起案件的戏剧性转折，源于最高人民检察院的介入，在审查核实的基础上，指令迁西县检察院作出不起诉处理。一起基层“小案”，共和国的最高法律监督机关给予了高度重视，“一竿子插到底”，雷厉风行，为一个普通人洗刷冤屈，在“小案”中树立司法公信力，也收获了全社会的交口称赞。公众在这起案件当中感受到了公平正义，读出了人民检察院名字中“人民”两个字的千钧之重。出入人罪，关乎一个公民的清白和人身自由，是天大的事，也正是通过一个个的具体案件，普通人感受着司法公正的真实体感温度。所以，任何时候都要绷紧“严格依法”这根弦，每一起案件里都装着人民对公正的朴素期待。在本案当中，75岁的马树山是当地热心公益、有口皆碑的好人，仅仅因为举报当地主要领导搞劳民伤财的形式主义问题，就身陷囹圄，遭受无妄之灾。其中，基层的司法权力被扭曲、被滥用，司法机关成了“家丁”，法律被当成了道具，结果是干部群众噤若寒蝉，政治生态被毒化。这种关键时刻正考验着司法机关坚守正义的勇气，考验着检察工作的人民性原则。最高检表示，检察机关履职办案必须坚持严格依法办案、公正司法，必须坚持以事实为根据、以法律为准绳，决不能出现没有犯罪事实予以逮捕、起诉的案件。“此案教训深刻，全国各级检察机关都要引以为戒、举一反三，切实防止此类案件发生。”最高检不护短、不遮丑，勇于刀刃向内，直面基层检察工作中存在的问题。“迁西案”的依法处理，也为全国检察系统依法办案打了样、撑了腰、提了气：“法不阿贵，绳不绕曲”，坚决贯彻让为人民司法、让人民满意成为一切检察工作的出发点和落脚点。#最高检回应老干部举报当地领导被逮捕#→');
INSERT INTO `Pairs` (`pairsID`, `postID`, `comment`, `source`) VALUES (406, 46, '老马放了就完事了？', 'origin');
INSERT INTO `Pairs` (`pairsID`, `postID`, `comment`, `source`) VALUES (407, 46, '
希望最高检继续发挥余热，把75岁老领导也免于牢狱之灾', 'socialglm');
INSERT INTO `Pairs` (`pairsID`, `postID`, `comment`, `source`) VALUES (408, 46, '这最高检和最高院是同一个人吗？', 'baichuan');
INSERT INTO `Pairs` (`pairsID`, `postID`, `comment`, `source`) VALUES (409, 46, '最高人民检察院对马树山案件的公正处理，让我们看到了我国司法公正的曙光。这不仅是一个普通人的冤屈得到了洗清，更是对法律尊严的维护。希望最高检能够继续保持这种公正无私的态度，让每一个公民都能在法律的保护下，自由、公平、公正地生活。同时，也希望全国各级检察机关能够以此为鉴，切实防止类似事件的再次发生，让司法公正真正成为人民的司法。', 'glmWithShortPrompt');
INSERT INTO `Pairs` (`pairsID`, `postID`, `comment`, `source`) VALUES (410, 46, '这条微博讲述了河北省迁西县老干部马树山因举报当地领导干部被逮捕、起诉的案件，最终在高检的介入下得到公正处理的故事。这让我深感公平正义就在我们身边，也让我们对国家的法律监督机关有了更深的信任。

在这个案件中，我们看到了基层司法权力的扭曲和滥用，以及法律被当成道具的现象。这让我们更加意识到，检察机关履职办案时必须坚持严格依法办案、公正司法的原则，决不能出现没有犯罪事实予以逮捕、起诉的案件。

高检不护短、不遮丑，勇于刀刃向内，直面基层检察工作中存在的问题，这种做法让我们看到了一个公正、透明、负责任的检察机关形象。同时，这个案件的依法处理也为全国检察系统依法办案打了样、撑了腰、提了气，让我们对国家的法治建设充满信心。

总之，这个案件让我们看到了国家法律监督机关的公正和权威，也让我们对公平正义有了更深的理解和感悟。让我们共同为国家的法治建设加油鼓劲，共同努力，让公平正义在我们身边得到更好的体现。', 'baichuanWithShortPrompt');
INSERT INTO `Pairs` (`pairsID`, `postID`, `comment`, `source`) VALUES (411, 46, '法律是维护社会公平正义的最后一道防线，感谢最高检及时介入，让这起案件得到了公正的处理。希望全国各级检察机关都能引以为戒，确保法律的公正执行，让人民满意。#法律公正# #最高检#', 'glmWithLongPrompt');
INSERT INTO `Pairs` (`pairsID`, `postID`, `comment`, `source`) VALUES (412, 46, '评论：这个案例让我们看到了司法公正的重要性，以及最高检对人民群众关切的关注。在这个案件中，虽然一开始出现了一些问题，但在最高检的介入下，最终得到了公正的处理。这让我相信，只要我们坚持法治，公平正义就一定能够实现。同时，这也提醒我们要加强对基层检察工作的监督，防止类似问题的再次发生。', 'baichuanWithLongPrompt');
INSERT INTO `Pairs` (`pairsID`, `postID`, `comment`, `source`) VALUES (413, 46, '这起案件再次证明了我国司法制度的公正和严谨，以及人民检察院对人民权益的坚定保护。最高人民检察院对马树山案的重视和公正处理，体现了我国法律的严肃性和权威性，也让人民对司法制度更加信任。

同时，这起案件也暴露出基层司法工作中的问题，提醒我们要加强对司法工作的监督和管理，防止司法权力的滥用。司法机关必须严格依法办案，以事实为依据，以法律为准绳，确保每一个案件都得到公正的处理。

最高人民检察院的这种公正、公平、公开的司法态度，是维护社会公平正义的有力保障，也是对人民期望的积极回应。我们相信，在党的领导下，我国的司法制度将不断完善，更好地服务于人民，保障人民的合法权益。', 'glmOrigin');
INSERT INTO `Pairs` (`pairsID`, `postID`, `comment`, `source`) VALUES (414, 46, '这起案件的反转，展示了中华人民共和国最高法律监督机关对法治的坚定信仰和对公正的执着追求。在这个案件中，最高检高度重视，直接介入指导，确保了法律的公正实施，让人民群众感受到了公平正义。这充分表明，我们的司法机关始终坚持以人民为中心，坚决维护人民群众的合法权益，让人民满意是公正的试金石。

这起案件的处理，也给我们带来了深刻的启示。首先，我们要始终坚持依法治国，严格依法办案，公正司法，决不能出现没有犯罪事实予以逮捕、起诉的案件。其次，我们要始终坚持人民立场，始终把人民群众的利益放在第一位，让人民群众在每一个案件中都能感受到公平正义。最后，我们要始终坚持自我革命，勇于刀刃向内，直面问题，不断完善制度机制，提高司法公信力。

总之，这起案件的处理结果，让我们看到了司法机关对法治的坚守和对公正的追求，也让我们更加坚信，只要我们始终坚持依法治国、人民立场和自我革命，我们一定能够建设一个更加公平、公正、法治的社会，让广大人民群众享有更多的获得感、幸福感、安全感。', 'baichuanOrigin');
INSERT INTO `Posts` (`postID`, `post`) VALUES (47, '【#农妇卖150份粉蒸肉被判赔5万案进展#：准许撤诉，撤销原判】#农妇卖150份粉蒸肉被判赔5万撤销原判#备受关注的“农妇卖150份粉蒸肉被判赔5万”一案有了进展。2024年1月11日，澎湃新闻从忠县毛妈妈土特产经营部负责人王亚琼的代理人处获悉，重庆市高院已于近日作出民事裁定，准许邵佰春撤诉；撤销原一审和二审判决。2021年7月，黑龙江男子邵佰春在毛妈妈经营部购买了150份熟食。收到货后，邵佰春发现这批熟食的包装上无产品名称、生产日期和保质期等信息，遂将“毛妈妈经营部”起诉至法院，请求“退一赔十”。经重庆市合川区人民法院和重庆市第一中级人民法院审理，两级法院均支持邵佰春诉求。此事在网上引发巨大争论，既有网友支持邵佰春的做法，也有网友同情生产经营者，认为这是为牟利而打假。');
INSERT INTO `Pairs` (`pairsID`, `postID`, `comment`, `source`) VALUES (415, 47, '那些没闹这么大舆论的商家是不是就只能认罚了，所以法律是有问题的。普遍性违法，选择性执法，容易人人自危', 'origin');
INSERT INTO `Pairs` (`pairsID`, `postID`, `comment`, `source`) VALUES (416, 47, '
有没有人能告诉我，为什么这个案子要这么判', 'socialglm');
INSERT INTO `Pairs` (`pairsID`, `postID`, `comment`, `source`) VALUES (417, 47, '我支持这个农妇，这明显是恶意打假，为了打假而打假。', 'baichuan');
INSERT INTO `Pairs` (`pairsID`, `postID`, `comment`, `source`) VALUES (418, 47, '这场案件真的是引起了大家的关注和热议啊！从农妇到商家的角度，我们看到了不同角色的立场和诉求。虽然最后重庆市高院撤销了原判，但是这个案例仍然给我们提出了很多值得思考的问题。

首先，消费者的权益当然要得到保护，邵佰春在购买食品时，包装上没有产品名称、生产日期和保质期等信息，这无疑是对消费者的欺诈行为。法律在这个案例中起到了维护消费者权益的作用，支持邵佰春退一赔十的诉求。

然而，我们也要看到，作为商家，毛妈妈经营部在生产、销售食品的过程中，是否也存在一些问题？是否有必要在法律上对商家进行严惩？这可能是我们需要进一步探讨和思考的问题。

最后，我想说的是，无论是消费者还是商家，都应该在法律允许的范围内行使自己的权利和义务。法律是社会生活的基础，我们期待每一个法律案件都能公正、公平地审理，让每一个角色都能在法律的保护下，实现自己的诉求。', 'glmWithShortPrompt');
INSERT INTO `Pairs` (`pairsID`, `postID`, `comment`, `source`) VALUES (419, 47, '这条微博讲述了一起备受关注的食品纠纷案件的最新进展。农妇出售150份粉蒸肉被判赔偿5万元，但在经过上诉后，法院准许撤诉并撤销原判。这起事件引发了网络上的广泛讨论，有人认为这是正当维权，也有人认为这是对生产经营者的过度打压。希望这起案件能够给相关企业和消费者带来启示，共同维护食品安全和市场公平竞争。', 'baichuanWithShortPrompt');
INSERT INTO `Pairs` (`pairsID`, `postID`, `comment`, `source`) VALUES (420, 47, '看来这个案例的争议性很大，既涉及到消费者的权益，又涉及到企业的经营权。希望法律能够公正处理，给消费者一个公平，给企业一个公平。同时也希望消费者能够理性消费，企业能够诚信经营。#公平# #法律# #消费者权益# #企业经营#', 'glmWithLongPrompt');
INSERT INTO `Pairs` (`pairsID`, `postID`, `comment`, `source`) VALUES (421, 47, '评论：这起案件反映了消费者对于食品安全的关注，同时也提醒我们要关注食品包装上的信息。希望相关部门能加强对食品包装的监管，确保消费者的权益不受侵犯。同时，也希望消费者在购买食品时，能够更加谨慎，确保购买到安全健康的食品。', 'baichuanWithLongPrompt');
INSERT INTO `Pairs` (`pairsID`, `postID`, `comment`, `source`) VALUES (422, 47, '此案涉及的问题较为复杂，既涉及到消费者权益保护，又涉及到生产经营者的合法权益。从消费者的角度，邵佰春购买的熟食存在质量问题，理应得到消费者的保护。但从生产经营者的角度，他们的经营活动也应得到公平对待。

我国的法律对此有明确的规定。根据《中华人民共和国消费者权益保护法》的规定，消费者在购买商品或者接受服务时，享有知情权、选择权、公平交易权、安全保障权等权利。对于产品质量问题，消费者有权要求退货、换货或者修理。

然而，在法律保护消费者的同时，也要考虑到生产经营者的合法权益。对于邵佰春的诉讼，法院在审理过程中，应充分考虑到双方的权益，避免过度保护消费者而损害了生产经营者的利益。

此次重庆市高院撤销原判，准许邵佰春撤诉，可能说明在审理过程中，法院对案件事实有了更为清晰的认识，同时也兼顾到了双方的权益。这起案件给我们的启示是，在处理此类问题时，应公正公平，充分考虑到消费者的合法权益和生产经营者的利益，以实现公平正义。', 'glmOrigin');
INSERT INTO `Pairs` (`pairsID`, `postID`, `comment`, `source`) VALUES (423, 47, '这一案件之所以引起广泛关注，主要是因为它涉及到消费者权益和生产者的权益。在这个案件中，农妇卖出的粉蒸肉没有按照规定标注产品信息，这确实违反了相关法律法规。然而，法院判决农妇赔偿5万元，金额较大，引发了争议。

现在，重庆市高院准许邵佰春撤诉并撤销原判，这意味着这个案件将结束。这一决定可能是考虑到案件的复杂性和各方意见的分歧。在这种情况下，双方可能达成了某种和解，以便避免进一步的诉讼和争议。

总之，这个案件为我们提供了一个思考消费者权益和生产者权益平衡的契机。在维护消费者权益的同时，我们也应该尊重生产者的权益，鼓励合法合规的生产和经营。只有这样，我们的社会才能实现和谐发展。', 'baichuanOrigin');
INSERT INTO `Posts` (`postID`, `post`) VALUES (48, '【#媒体建议推广武汉户口簿登记再婚做法#：系统录入按实际情况，出具户口簿时打印为“已婚”】#户口簿上再婚能否登记为已婚#近日，有网民在“领导留言板”留言称：再婚后去派出所变更婚姻状态时被改成“再婚”。以后很多地方都会使用到户口簿，这显得十分尴尬，“再婚”是否可以改成“已婚”？官方回复称，当事人如确实系再婚，按照实事求是的原则，户籍信息应当登记为“再婚”。“再婚”和“已婚”，在户口簿上只有一字之差，但不仅增加了隐私暴露的风险，还要承受随之而来的异样眼光。多地都有网民反映过类似问题，但各地公安机关处理方式不尽相同。武汉等地的做法，就很好兼顾了户籍人口管理和个人隐私保护。公安机关在系统录入时，按照公民实际情况填写，但在出具户口簿时，则打印为“已婚”。如此，便既能保证公安机关掌握详细状况，又充分考虑到了再婚人士的感受。');
INSERT INTO `Pairs` (`pairsID`, `postID`, `comment`, `source`) VALUES (424, 48, '自己觉得再婚尴尬，就别结了呗。。。', 'origin');
INSERT INTO `Pairs` (`pairsID`, `postID`, `comment`, `source`) VALUES (425, 48, '
婚姻状态不重要，关键在于人', 'socialglm');
INSERT INTO `Pairs` (`pairsID`, `postID`, `comment`, `source`) VALUES (426, 48, '再婚？你怕不是来搞笑的？', 'baichuan');
INSERT INTO `Pairs` (`pairsID`, `postID`, `comment`, `source`) VALUES (427, 48, '这是一个非常细心的做法，考虑到了再婚人士的隐私和感受。在户口簿上登记为“已婚”，既能保证公安机关掌握状况，又能避免给再婚人士带来不必要的尴尬和异样眼光。这种平衡个人隐私和管理的做法，是非常值得推广的。希望更多的地方能够像武汉等地一样，采取这种兼顾方式。', 'glmWithShortPrompt');
INSERT INTO `Pairs` (`pairsID`, `postID`, `comment`, `source`) VALUES (428, 48, '这条微博讲述了一个关于户口簿上再婚登记的问题，引起了广泛关注。武汉等地的做法确实比较人性化，既保证了户籍信息的准确性，又充分考虑了再婚人士的感受。在这个问题上，我们应该尊重每个人的选择和生活方式，避免给再婚人士带来不必要的困扰和尴尬。希望其他地区的公安机关也能借鉴这种做法，更好地平衡户籍管理和个人隐私保护之间的关系。', 'baichuanWithShortPrompt');
INSERT INTO `Pairs` (`pairsID`, `postID`, `comment`, `source`) VALUES (429, 48, '这样改登记再婚的做法确实很人性化，既保护了个人隐私，又兼顾了户籍管理。希望其他地方也能借鉴这种做法，让我们的社会更加和谐，更加尊重每个人的隐私权。', 'glmWithLongPrompt');
INSERT INTO `Pairs` (`pairsID`, `postID`, `comment`, `source`) VALUES (430, 48, '评论：这种做法既保证了户籍信息的准确性，又能尊重个人隐私，是一个很好的平衡点。希望其他城市也能借鉴这种做法，让户籍信息更加合理和人性化。', 'baichuanWithLongPrompt');
INSERT INTO `Pairs` (`pairsID`, `postID`, `comment`, `source`) VALUES (431, 48, '我国公安机关在处理再婚状况时，采取了一种既保护个人隐私，又确保信息真实性的方式。在系统录入时，按照公民实际情况填写，但在出具户口簿时，则打印为“已婚”。这样的做法，既能保证公安机关掌握详细状况，又充分考虑到了再婚人士的感受。

同时，我国户口簿的登记方式与其他国家存在差异，这也体现了我国在户籍管理上的人性化和灵活性。在保护个人隐私和确保信息真实性的前提下，我国公安机关尽力平衡各方需求，使得再婚人士在更改婚姻状态时能够感受到尊重和理解。

这种做法也体现了我国在维护公民权益和保护个人隐私方面的决心。在今后的户籍管理中，希望各地公安机关能够继续坚持这一做法，为再婚人士提供更加人性化的服务。', 'glmOrigin');
INSERT INTO `Pairs` (`pairsID`, `postID`, `comment`, `source`) VALUES (432, 48, '这个问题的关键在于如何在保障户籍管理的同时，尊重和保护个人的隐私。武汉等地的做法提供了一个很好的解决方案，即在系统录入时按照实际情况填写，而在出具户口簿时打印为“已婚”。这样既保证了公安机关对户籍信息的准确性，又充分考虑了再婚人士的感受，避免了不必要的尴尬和困扰。

当然，这种做法并非万能，还需要各地公安机关在实际操作中加以推广和完善。同时，我们也应该认识到，户籍信息虽然涉及到个人的生活和工作，但毕竟是一个公共信息，在一定程度上需要公开和透明。因此，在保护个人隐私的同时，我们也应该尊重户籍信息的公开性。

总之，这个问题需要各地公安机关在实践中不断探索和完善，以找到一个既能保障户籍管理，又能尊重和保护个人隐私的平衡点。同时，我们也应该提高公众对户籍信息的认识，理解户籍信息作为一个公共信息的性质，从而更好地维护自己的权益。', 'baichuanOrigin');
INSERT INTO `Posts` (`postID`, `post`) VALUES (49, '【#昆明动物园猴山2只猫已移出#】昨晚，#昆明动物园#将猴山的2只猫安全移出，并聘请云南农业大学动物医院对它们进行了全面体检，确认健康状况良好、体表无外伤、行动能力正常。2只猫将由中国小动物保护协会妥善安置。昆明动物园称，将认真反思，改进工作中的不足和差距，及时吸纳社会公众的意见建议，努力为动物提供自然、安全、健康的生活环境。（总台记者李常明）');
INSERT INTO `Pairs` (`pairsID`, `postID`, `comment`, `source`) VALUES (433, 49, '猫都被移出来了园长的进去啊', 'origin');
INSERT INTO `Pairs` (`pairsID`, `postID`, `comment`, `source`) VALUES (434, 49, '
昆明动物园也该反思一下', 'socialglm');
INSERT INTO `Pairs` (`pairsID`, `postID`, `comment`, `source`) VALUES (435, 49, '猴山没猫，猴儿们要受罪了', 'baichuan');
INSERT INTO `Pairs` (`pairsID`, `postID`, `comment`, `source`) VALUES (436, 49, '太好了，看到这样的消息真是让人高兴！我们的动物朋友们得到了更好的照顾和保护。希望昆明动物园能继续改进工作，为动物们创造一个更加美好的家园。同时，也希望更多的网友能够关注和参与到动物保护中来，一起为它们的声音加油！#动物保护# #昆明动物园# #动物福利#', 'glmWithShortPrompt');
INSERT INTO `Pairs` (`pairsID`, `postID`, `comment`, `source`) VALUES (437, 49, '这条微博让我感受到了昆明动物园对待动物的关注和责任。他们在发现猴山中有猫存在后，迅速采取行动，确保动物的生命安全和身体健康。同时，他们还虚心接受公众的意见和建议，表示会努力改进工作，为动物创造一个更好的生活环境。这让我对昆明动物园的关爱动物精神表示赞赏，也希望他们能继续关注动物福利，为我们带来更多正能量的消息。', 'baichuanWithShortPrompt');
INSERT INTO `Pairs` (`pairsID`, `postID`, `comment`, `source`) VALUES (438, 49, '这两只小猫总算得到妥善安置了，希望它们能在新的环境中茁壮成长，也期待昆明动物园能继续改进，为动物们创造更好的生活环境。#昆明动物园# #动物保护#', 'glmWithLongPrompt');
INSERT INTO `Pairs` (`pairsID`, `postID`, `comment`, `source`) VALUES (439, 49, '评论：动物园的管理和动物的生活环境真的很重要，希望这些动物能够得到更好的照顾和保护。同时，也希望动物园能够不断改进，为动物们提供一个更舒适的生活环境。', 'baichuanWithLongPrompt');
INSERT INTO `Pairs` (`pairsID`, `postID`, `comment`, `source`) VALUES (440, 49, '2023年2月19日，昆明动物园发布关于猴山2只猫已移出的通知。经检查，2只猫健康状况良好、体表无外伤、行动能力正常。目前，它们由中国小动物保护协会妥善安置。

昆明动物园表示，将认真反思，改进工作中的不足和差距，及时吸纳社会公众的意见建议，努力为动物提供自然、安全、健康的生活环境。', 'glmOrigin');
INSERT INTO `Pairs` (`pairsID`, `postID`, `comment`, `source`) VALUES (441, 49, '昆明动物园猴山2只猫已移出，并进行全面体检，确认健康状况良好。中国小动物保护协会将妥善安置这两只猫。昆明动物园表示，将认真反思和改进工作，吸纳公众意见，为动物提供更好的生活环境。', 'baichuanOrigin');
INSERT INTO `Posts` (`postID`, `post`) VALUES (50, '【#星巴克64亿未使用礼品卡成高管奖金#】在过去的五年里，星巴克将近 9 亿美元（当前约 64.44 亿元人民币）未使用的礼品卡和应用程序资金宣称为公司收入，从而提高了公司利润，最终成为了高管奖金。华盛顿消费者保护联盟于 12 月 19 日提交投诉，称星巴克在支付系统中“搞小动作”，如果余额无法购买最便宜的饮料，那么这笔钱基本上就处于“冻结”状态。该消费者组织控诉星巴克在支付系统中，不允许用户通过组合支付的方式消费余额，也不支持用户将其作为小费使用，意味着用户只能充值，才能使用这笔余额。（来源：IT之家）');
INSERT INTO `Pairs` (`pairsID`, `postID`, `comment`, `source`) VALUES (442, 50, '我感受过最烂的服务在星巴克', 'origin');
INSERT INTO `Pairs` (`pairsID`, `postID`, `comment`, `source`) VALUES (443, 50, '
64亿没用，那可以给高管发20亿', 'socialglm');
INSERT INTO `Pairs` (`pairsID`, `postID`, `comment`, `source`) VALUES (444, 50, '不拿员工开刀，就拿消费者开刀。', 'baichuan');
INSERT INTO `Pairs` (`pairsID`, `postID`, `comment`, `source`) VALUES (445, 50, '星巴克在支付系统中“搞小动作”，这让人很失望！华盛顿消费者保护联盟的投诉揭示了星巴克的一些不公正行为。对于消费者来说，他们的钱在“冻结”状态，无法购买最便宜的饮料，这公平吗？星巴克应该改进支付系统，允许用户自由使用未使用的礼品卡余额，无论是充值还是作为小费使用。希望星巴克能够认真对待这次投诉，并做出合理的解释和改变。', 'glmWithShortPrompt');
INSERT INTO `Pairs` (`pairsID`, `postID`, `comment`, `source`) VALUES (446, 50, '星巴克将未使用的礼品卡和应用程序资金视为公司收入，提高利润并作为高管奖金的做法令人惊讶。这种“冻结”未使用余额的行为似乎并不公平，消费者无法自由地使用这些资金来购买商品或作为小费。希望星巴克能够改进其支付系统，让消费者能够更好地利用这些余额，而不是将其视为一种浪费。', 'baichuanWithShortPrompt');
INSERT INTO `Pairs` (`pairsID`, `postID`, `comment`, `source`) VALUES (447, 50, '这样的行为涉嫌欺诈，希望星巴克能够认真对待并做出合理的解释。同时，也提醒消费者在选择消费方式时要留意自己的权益。#星巴克 #未使用礼品卡成高管奖金 #消费者权益', 'glmWithLongPrompt');
INSERT INTO `Pairs` (`pairsID`, `postID`, `comment`, `source`) VALUES (448, 50, '评论：星巴克真是赚足了钱，却忽略了消费者的体验。这种将未使用礼品卡作为高管奖金的行为，让人无法接受。希望星巴克能够改进服务，让消费者感受到真正的价值。', 'baichuanWithLongPrompt');
INSERT INTO `Pairs` (`pairsID`, `postID`, `comment`, `source`) VALUES (449, 50, '星巴克在过去的五年里，将近 9 亿美元（当前约 64.44 亿元人民币）的未使用的礼品卡和应用程序资金宣称为公司收入，从而提高了公司利润，最终成为了高管奖金。然而，华盛顿消费者保护联盟在12 月 19 日提交投诉称，星巴克在支付系统中“搞小动作”，使得用户无法通过组合支付的方式消费余额，也不支持用户将其作为小费使用，意味着用户只能充值，才能使用这笔余额。

这种做法确实对消费者不公平，限制了他们的消费选择，也使得星巴克的收入来源更加复杂。我国对于消费者权益保护有严格的法律规定，企业必须遵守。对于星巴克这种行为，监管部门应该进行调查，并依法处理。同时，星巴克也应该反思自己的经营策略，改进支付系统，以保障消费者的合法权益。', 'glmOrigin');
INSERT INTO `Pairs` (`pairsID`, `postID`, `comment`, `source`) VALUES (450, 50, '星巴克将近9亿美元未使用礼品卡成高管奖金引发关注。过去五年中，星巴克将接近9亿美元未使用的礼品卡和应用程序资金宣称为公司收入，从而提高了公司利润，最终成为了高管奖金。这一行为被消费者保护组织认为是“搞小动作”，认为星巴克在支付系统中设置限制，使得这笔余额无法用于购买最便宜的饮料，也无法作为小费使用。消费者组织呼吁星巴克改进支付系统，让用户能够更灵活地使用余额。', 'baichuanOrigin');
INSERT INTO `Posts` (`postID`, `post`) VALUES (51, '【#有这4个特质的人不易得癌#】据39健康网：癌症一直以来都是大家避之不及的话题，几乎人人“谈癌色变”。然而，有些人却不容易患上癌症，究竟是为什么呢？此前，发表在国际知名期刊《癌症(Cancer)》上的一项研究中提到，有这几种的习惯的人，都不容易患癌，特别是肺癌、肠癌和乳腺癌。1、健康饮食，戒烟戒酒健康的饮食模式应保持三餐定时定量、营养摄入均衡，保证有谷薯类、蔬果类、蛋白质类和油脂类食物的摄入。同时要注意戒烟戒酒，烟酒会导致癌症发生风险显著增加。2、坚持锻炼，控制体重运动可促进体内新陈代谢速度加快，对管理体重、降低癌症风险均有帮助，建议每周至少进行5次运动，每次运动不少于30分钟。3、注意早筛，定期体检定期体检可及时发现潜在的健康问题，其中也包含癌症，即便是不幸患癌也能做到早发现早治疗。4、女性坚持母乳喂养有研究发现，女性保持母乳喂养对预防乳腺癌发生有很大帮助，还能降低儿童超重、肥胖的发生风险。癌症虽然可怕，但患癌≠死亡，不幸罹患癌症的人也要积极进行治疗，早期发现的癌症有很高的治愈率。全文↓↓#肥胖或增加精神疾病风险#');
INSERT INTO `Pairs` (`pairsID`, `postID`, `comment`, `source`) VALUES (451, 51, '最后一条纯扯淡呢吧？！我姥姥六十多就乳腺癌去世了', 'origin');
INSERT INTO `Pairs` (`pairsID`, `postID`, `comment`, `source`) VALUES (452, 51, '
吃的好，不抽烟，多运动，定期体检，这些都是很实用的建议，感谢分享', 'socialglm');
INSERT INTO `Pairs` (`pairsID`, `postID`, `comment`, `source`) VALUES (453, 51, '戒烟戒酒真的很重要，身边很多因为抽烟喝酒的人', 'baichuan');
INSERT INTO `Pairs` (`pairsID`, `postID`, `comment`, `source`) VALUES (454, 51, '这条微博分享了一些关于如何预防癌症的研究结果，提到了四个特质：健康饮食、戒烟戒酒、坚持锻炼、早筛体检和女性母乳喂养。这些特质都有助于降低癌症发生的风险。虽然癌症是一种严重的疾病，但早期发现并积极治疗，治愈率还是相当高的。希望大家都能够重视自己的健康，养成良好的生活习惯，预防癌症的发生。#健康生活# #防癌意识#', 'glmWithShortPrompt');
INSERT INTO `Pairs` (`pairsID`, `postID`, `comment`, `source`) VALUES (455, 51, '这条微博分享了一些具有较低患癌风险的人的特质，提醒我们关注健康饮食、锻炼、定期体检以及母乳喂养等方面。确实，保持健康的生活方式对于预防癌症非常重要，而且即使不幸患癌，及时治疗和早期发现也有助于提高治愈率。让我们一起努力，过上更健康的生活，远离癌症的困扰！', 'baichuanWithShortPrompt');
INSERT INTO `Pairs` (`pairsID`, `postID`, `comment`, `source`) VALUES (456, 51, '转发微博，了解这些预防癌症的方法，对我们来说非常有帮助。早期发现和预防是关键，希望更多人能够关注健康饮食和运动，定期进行体检，保持早筛，以降低患癌风险。同时也希望那些不幸罹患癌症的人能够积极治疗，早日康复！', 'glmWithLongPrompt');
INSERT INTO `Pairs` (`pairsID`, `postID`, `comment`, `source`) VALUES (457, 51, '评论：保持健康的生活方式确实有助于降低患癌风险，尤其是戒烟戒酒、健康饮食、坚持锻炼和控制体重等方面。我们每个人都应该关注自己的身体健康，努力养成良好的生活习惯，以降低患病风险。', 'baichuanWithLongPrompt');
INSERT INTO `Pairs` (`pairsID`, `postID`, `comment`, `source`) VALUES (458, 51, '这段文字主要介绍了四种不易患癌的习惯：健康饮食、戒烟戒酒、坚持锻炼和定期体检。这些习惯都有助于降低癌症发生的风险。例如，保持健康饮食可以保证营养摄入均衡，降低烟酒导致的癌症风险；坚持锻炼可以促进新陈代谢，控制体重，降低癌症风险；定期体检可以及时发现潜在的健康问题，早发现早治疗；女性坚持母乳喂养对预防乳腺癌的发生有帮助。

此外，文章还提到了肥胖或增加精神疾病的风险。虽然这并不是直接与癌症风险相关，但是一些研究显示，肥胖和某些精神疾病（如抑郁症、焦虑症等）之间存在一定关联，这也可能是我们应当关注的健康问题。

总的来说，保持健康的生活方式，养成良好的生活习惯，是预防癌症的有效方式。同时，早期发现和治疗也是提高癌症治愈率的关键。', 'glmOrigin');
INSERT INTO `Pairs` (`pairsID`, `postID`, `comment`, `source`) VALUES (459, 51, '【#这4个习惯易患癌症#】根据39健康网的报道，一些生活习惯可能会增加患癌的风险，尤其是肺癌、肠癌和乳腺癌。这些习惯包括：

1. 不良的饮食习惯：过度摄入高热量、高脂肪、高盐食物，以及摄入过多的红肉和加工肉类，都可能导致癌症风险增加。此外，吸烟和饮酒也会增加患癌风险。

2. 缺乏锻炼：长期缺乏锻炼可能会导致体重增加，从而增加癌症风险。研究表明，运动可以降低患肺癌、肠癌和乳腺癌的风险。

3. 不注意早期筛查和定期体检：早期发现癌症是提高治愈率和生存率的关键。定期进行体检可以及时发现潜在的健康问题，包括癌症。

4. 女性不坚持母乳喂养：有研究发现，女性保持母乳喂养对预防乳腺癌发生有很大帮助，还能降低儿童超重、肥胖的发生风险。

尽管癌症令人恐惧，但并非所有癌症都会导致死亡。早期发现的癌症往往有很高的治愈率。因此，保持健康的生活方式、注意早期筛查和定期体检对于预防癌症至关重要。', 'baichuanOrigin');
INSERT INTO `Posts` (`postID`, `post`) VALUES (52, '【#朋友太多抑郁的可能性会变高#】据简单心理：朋友难道不是越多越好？还真不是。发表于《 Social Psychiatry and Psychiatric Epidemiology 》一项研究认为，朋友是存在最佳个数的。就像过多的体育锻炼不利于身体健康一样，过多的社交活动会对个体的心理健康产生负面影响。在两年的时间中，南丹麦大学对来自 13 个欧洲国家的被试进行追踪调查，结果发现，人们的生活质量、抑郁状况和社会活动数量、亲密关系数量之间呈现「U形」曲线的关系——处于中等社交活动水平的个体，心理健康状况较好。社会活动包括志愿服务、参与宗教或政治团体、参与体育或社交俱乐部等活动。亲密社会关系指一种可以讨论彼此重要个人事务的关系。具体来讲：◍ 对于相对社会孤立（具有 3 个或以下亲密关系）的个人，更多地参与社会活动会改善他们的生活质量、减少抑郁症状；◍ 当人们每周有 4-5 个亲密社会关系并从事社交活动时，可以使抑郁症状最小化；◍ 当有 7 个或以上亲密关系时，心理状况低迷尤其明显，对于这些「忙碌」的个体，参加社交活动与抑郁症状的增加有关；研究主要作者 Ziggi Ivan Santini 认为，每个个体能够投入社交互动的时间是有限的，且个体间差异较小。过多的社会活动会导致我们的精力过度分散，从而造成以下不良影响：◍ 我们在每个团体中都处于边缘位置而非社交中心；◍ 过多的社交活动会成为一种压力，使我们在过度投入中产生情绪和认知的疲劳；◍ 用于家庭的时间减少，给家庭关系带来压力，降低幸福感；这可能提示我们，朋友在精不在多吧。#假性上进的4个表现#');
INSERT INTO `Pairs` (`pairsID`, `postID`, `comment`, `source`) VALUES (460, 52, '我觉得这个可能是因为，有很多朋友的人，大多数是周全有礼的人，但是维系任何一段感情都是需要花费精力的，如果朋友太多，精力成本指数递增，太累了', 'origin');
INSERT INTO `Pairs` (`pairsID`, `postID`, `comment`, `source`) VALUES (461, 52, '
虽然我们都是社牛，但是确实需要控制社交活动，多参加运动，多陪伴家人，多读书，少看电视，少喝酒，少打游戏，少抽烟，少打钱。', 'socialglm');
INSERT INTO `Pairs` (`pairsID`, `postID`, `comment`, `source`) VALUES (462, 52, '这说明了，人不能过于沉迷虚拟社交，要真实社交', 'baichuan');
INSERT INTO `Pairs` (`pairsID`, `postID`, `comment`, `source`) VALUES (463, 52, '这条微博分享了一项有趣的研究，关于社交活动与心理健康的关系。研究发现，朋友并非越多越好，而是存在一个最佳数量。适量的社交活动对个体的心理健康状况有积极影响，但过多则可能产生负面影响。

对于那些社交孤立的人，参与更多的社会活动可以提高他们的生活质量，减少抑郁症状。而当人们拥有4-5个亲密社会关系并从事社交活动时，抑郁症状可以最小化。然而，当人际关系数量过多，达到7个或以上时，心理状况可能会变得低迷。

研究者认为，每个个体能够投入社交互动的时间是有限的，因此，我们应该在保证自己心理健康的同时，合理安排社交活动。过多的工作可能会导致精力分散，从而影响到家庭关系和幸福感。

总的来说，这是一项非常有趣的研究，为我们提供了关于社交活动与心理健康之间关系的新的认识。希望大家都能在社交与独处之间找到适合自己的平衡点，保持良好的心理健康。', 'glmWithShortPrompt');
INSERT INTO `Pairs` (`pairsID`, `postID`, `comment`, `source`) VALUES (464, 52, '这条微博讲述了一项研究，发现朋友的数量并非越多越好，过多的社交活动会对心理健康产生负面影响。确实，每个人都有自己的时间和精力限制，过多的社交活动可能导致精力分散，影响心理健康和家庭关系。因此，我们应该适度参与社交活动，保持与朋友之间的平衡关系，关注自己的心理健康和家庭幸福。', 'baichuanWithShortPrompt');
INSERT INTO `Pairs` (`pairsID`, `postID`, `comment`, `source`) VALUES (465, 52, '看来我们的社交活动真的需要适度，过度的社交活动反而会影响到个体的心理健康。不过，这并不意味着我们就不应该积极参与社交活动，而是应该找到适合自己的社交方式，把握适当的社交度。', 'glmWithLongPrompt');
INSERT INTO `Pairs` (`pairsID`, `postID`, `comment`, `source`) VALUES (466, 52, '评论：这个研究确实很有道理，朋友并不是越多越好。每个人都有自己的社交圈，过多的社交活动可能会让我们感到疲惫和压力。所以，我们应该学会平衡自己的生活，关注与家人和朋友的关系，以及自己的身心健康。', 'baichuanWithLongPrompt');
INSERT INTO `Pairs` (`pairsID`, `postID`, `comment`, `source`) VALUES (467, 52, '关于朋友数量与心理健康的关系，确实有研究表明，过多的社交活动会对个体的心理健康产生负面影响。但是，关于朋友数量的最佳数量，目前并没有一个明确的标准。每个人的社交需求和能力都是不同的，因此，朋友数量应该根据个人的需求和能力来决定，而不是被一个固定的数字所限制。

对于那些社交 isolation 的人，参与更多的社交活动可以改善他们的生活质量，减少抑郁症状。而当人们有 4-5 个亲密社会关系并从事社交活动时，可以使抑郁症状最小化。但是，当有 7 个或以上亲密关系时，心理状况低迷尤其明显，对于这些“忙碌”的个体，参加社交活动与抑郁症状的增加有关。

然而，过多的社会活动可能会导致精力过度分散，从而造成不良影响，如我们在每个团体中都处于边缘位置而非社交中心，过多的社交活动会成为一种压力，使我们在过度投入中产生情绪和认知的疲劳，用于家庭的时间减少，给家庭关系带来压力，降低幸福感。

所以，朋友数量并不是越多越好，而应该根据个人的需求和能力来决定。同时，我们也要注意保持适当的社交活动，以维护我们的心理健康。', 'glmOrigin');
INSERT INTO `Pairs` (`pairsID`, `postID`, `comment`, `source`) VALUES (468, 52, '1. 过度追求完美：假性上进的人总是试图做到最好，他们对自己的要求非常高，甚至有时候过于苛刻。这种过度追求完美的心态可能会导致他们在面对挫折时产生挫败感和焦虑。

2. 表面努力：假性上进的人可能会表现出非常努力的样子，但他们并没有真正投入到工作中去。他们可能只是表面上看起来努力，但实际上并没有真正的付出。

3. 缺乏长期目标：假性上进的人可能会设定一些短期目标，但往往没有长期的规划。他们可能会为了实现这些短期目标而付出努力，但在实现目标后，他们可能会失去动力，不再继续前进。

4. 过分关注他人看法：假性上进的人可能会过分关注他人的看法，他们希望能够得到别人的认可和赞美。这种过分关注他人看法的心态可能会导致他们在面对困难时选择放弃，因为他们害怕别人对他们的评价下降。', 'baichuanOrigin');
INSERT INTO `Posts` (`postID`, `post`) VALUES (53, '【#本硕就读哈工大男生6年获23项国奖#：备赛时常熬夜攻关看到凌晨三四点的太阳】近日，黑龙江哈尔滨。2022级硕士研究生周洋本硕都就读于哈尔滨工业大学，共获得73项奖励，其中23项国奖，获得国家专利14项。周洋介绍，大一时通过智能加热可穿戴设备的项目获得了学校“祖光杯”创意创新创业大赛银奖，于是决定将项目继续做下去。备赛国赛过程中有非常多的技术难题，经常熬夜攻关，看到凌晨三四点早晨刚升起的太阳。6年间，这个项目从校赛银奖到全国特等奖，研究成果既上书架，又上货架。在哈工大大学生创新创业园的支持下，周洋和小伙伴们创办了公司，前不久和一些企业签署了意向订单。@白鹿视频');
INSERT INTO `Pairs` (`pairsID`, `postID`, `comment`, `source`) VALUES (469, 53, '论我在人间凑数的差距', 'origin');
INSERT INTO `Pairs` (`pairsID`, `postID`, `comment`, `source`) VALUES (470, 53, '
看到凌晨四点，真的泪目了', 'socialglm');
INSERT INTO `Pairs` (`pairsID`, `postID`, `comment`, `source`) VALUES (471, 53, '哇，我本科期间一共就拿了3个奖，还是学校的', 'baichuan');
INSERT INTO `Pairs` (`pairsID`, `postID`, `comment`, `source`) VALUES (472, 53, '太厉害了！这位哈工大的男生真是太棒了，六年的时间，从校赛银奖到全国特等奖，研究成果不仅出了书，还上了货架，创办了公司，真是太值得学习了！他的坚持和努力，看到凌晨三四点太阳的精神，让我们都感到非常敬佩。希望他能够继续加油，为我国科技创新事业做出更大的贡献！', 'glmWithShortPrompt');
INSERT INTO `Pairs` (`pairsID`, `postID`, `comment`, `source`) VALUES (473, 53, '哇塞！这位同学真的很了不起，能在本硕期间获得如此多的奖项和专利，可见他付出了很多努力和时间。熬夜攻关，看到凌晨三四点的太阳，这种敬业精神让人敬佩。希望他的项目能够取得更多的成功，为社会创造更多的价值。同时，也要感谢哈工大大学生创新创业园的支持，让这些有潜力的项目得以实现。', 'baichuanWithShortPrompt');
INSERT INTO `Pairs` (`pairsID`, `postID`, `comment`, `source`) VALUES (474, 53, '太厉害了，6年间获得23项国奖，太励志了！看到这样的坚持和付出，感觉国家未来科技发展有望，期待更多像周洋这样的青年才俊！#哈工大男生6获23项国奖#', 'glmWithLongPrompt');
INSERT INTO `Pairs` (`pairsID`, `postID`, `comment`, `source`) VALUES (475, 53, '评论：学霸就是学霸，勤奋努力，成果丰硕！为他们的成功喝彩！也希望他们的项目能够取得更多的成功，为社会创造更多的价值。', 'baichuanWithLongPrompt');
INSERT INTO `Pairs` (`pairsID`, `postID`, `comment`, `source`) VALUES (476, 53, '周洋同学的故事非常感人，他不仅在学术研究上取得了卓越的成绩，还通过自己的创新项目为社会带来了实际的经济效益。他的经历充分体现了哈尔滨工业大学在培养创新人才方面的优秀成果。我国的教育部门一直强调，要培养具有创新精神和实践能力的德、智、体、美全面发展的社会主义建设者和接班人。周洋同学的事迹是我们学习的榜样，他用自己的实际行动展示了如何将理论知识应用于实践，实现自我价值，为社会做出贡献。', 'glmOrigin');
INSERT INTO `Pairs` (`pairsID`, `postID`, `comment`, `source`) VALUES (477, 53, '这位男生的成功离不开他的努力和坚持。他在学术研究和创新方面展现出了极高的热情和才能，通过不断学习和实践，解决了许多技术难题。同时，他也能够抓住机遇，将项目从校赛推向全国，并在学校的支持下创立了自己的公司。这种勇于创新、敢于拼搏的精神值得我们学习。', 'baichuanOrigin');
INSERT INTO `Posts` (`postID`, `post`) VALUES (54, '【#李湘复出后开通二手平台账号#】#你从什么时候认识李湘#1月23日，#李湘宣布退休后又复工#登上热搜，自去年8月李湘发文宣布退休后，时隔半年于1月22日晚现身李维嘉直播间引发关注。随即有网友发现李湘在某二手平台开通了社交账号，并认证为知名时尚领域达人。​​​');
INSERT INTO `Pairs` (`pairsID`, `postID`, `comment`, `source`) VALUES (478, 54, '看样子应该是要准备复工了?', 'origin');
INSERT INTO `Pairs` (`pairsID`, `postID`, `comment`, `source`) VALUES (479, 54, '
那个大v号叫什么来着', 'socialglm');
INSERT INTO `Pairs` (`pairsID`, `postID`, `comment`, `source`) VALUES (480, 54, '李湘：我复出我开平台我直播', 'baichuan');
INSERT INTO `Pairs` (`pairsID`, `postID`, `comment`, `source`) VALUES (481, 54, '哇，李湘竟然复出了！我從小就認識她，真的好开心啊！她退休後又復活了，太棒了！另外，她还开通了二手平台帳號，成為了一名知名時尚領域達人，真的太厲害了！期待她的新作品！', 'glmWithShortPrompt');
INSERT INTO `Pairs` (`pairsID`, `postID`, `comment`, `source`) VALUES (482, 54, '哇，李湘复出后真是充满活力啊！从她的二手平台账号可以看出，她不仅在时尚领域有很高的造诣，还非常关注环保和二手物品的再利用。这样的做法真的很棒，值得我们学习！期待她在娱乐圈带来更多精彩的表现！', 'baichuanWithShortPrompt');
INSERT INTO `Pairs` (`pairsID`, `postID`, `comment`, `source`) VALUES (483, 54, '期待李湘在新领域的精彩表现，也祝福她的事业更上一层楼！#李湘 退休 复出的李湘#', 'glmWithLongPrompt');
INSERT INTO `Pairs` (`pairsID`, `postID`, `comment`, `source`) VALUES (484, 54, '评论：李湘姐姐真的是时尚达人，复出后还在二手平台上分享时尚心得，真的很棒！期待她在娱乐圈带来更多精彩表现！', 'baichuanWithLongPrompt');
INSERT INTO `Pairs` (`pairsID`, `postID`, `comment`, `source`) VALUES (485, 54, '李湘，1978年10月23日出生于湖南长沙，毕业于北京电影学院表演系，是中国内地知名的女演员、主持人、制片人。她于1997年主演了电视剧《还珠格格》中的小燕子一角，正式进入演艺圈。随后，她凭借《快乐大本营》等节目主持人身份走红，成为内地当红主持人。

李湘的职业生涯可以说是非常成功。她不仅是一位优秀的主持人，还涉足演艺圈，参演过多部电视剧和电影。此外，她还担任过电影和电视剧的制片人，展现了其商业头脑和才华。

在退休后，李湘重新出现在公众视野中，并通过社交媒体与粉丝互动。她开通了二手平台账号，认证为知名时尚领域达人，展示了自己对时尚的热爱和独特见解。这也让人们对她的未来充满期待，希望她能在新的领域取得更多的成就。', 'glmOrigin');
INSERT INTO `Pairs` (`pairsID`, `postID`, `comment`, `source`) VALUES (486, 54, '我认识李湘是在她担任湖南卫视主持人时期，那时候她的节目非常受欢迎，给观众带来了很多欢乐。后来，她转型成为企业家，成功创立了自己的品牌和公司。如今，她再次复出，无疑会给娱乐圈带来新的活力。至于她在二手平台开通的账号，可能是为了分享自己的生活和时尚心得，与粉丝互动吧。', 'baichuanOrigin');
INSERT INTO `Posts` (`postID`, `post`) VALUES (55, '【#林依轮妻子再为肿瘤病人捐发#】@林依轮晒照发文：“不知不觉已经陪你走过了二十多个生日……结果…嘿～我还没老😎你也还是那么柔软，今年你给自己的生日礼物是再为肿瘤病人捐发”据悉，林依轮妻子西华2018年就为肿瘤病人捐过发，这次又把留的一头长发捐出去了，好有爱心！ ​');
INSERT INTO `Pairs` (`pairsID`, `postID`, `comment`, `source`) VALUES (487, 55, '我觉得留长一次头发真的是挺难的，真的不容易', 'origin');
INSERT INTO `Pairs` (`pairsID`, `postID`, `comment`, `source`) VALUES (488, 55, '
哇，好有爱心的妻子', 'socialglm');
INSERT INTO `Pairs` (`pairsID`, `postID`, `comment`, `source`) VALUES (489, 55, '林依轮好棒！捐头发好棒！', 'baichuan');
INSERT INTO `Pairs` (`pairsID`, `postID`, `comment`, `source`) VALUES (490, 55, '太感人了！林依轮的妻子西华真的是非常有爱心，连续多年为肿瘤病人捐发，太令人敬佩了！愿他们的善举能够给那些病人们带来一些安慰和希望，也祝愿林依轮和他的妻子身体健康，幸福快乐！', 'glmWithShortPrompt');
INSERT INTO `Pairs` (`pairsID`, `postID`, `comment`, `source`) VALUES (491, 55, '这条微博真的让人感动又敬佩！林依轮的妻子西华为了帮助肿瘤病人，再次捐出了自己的一头长发。这种无私的爱心和关爱他人的精神值得我们所有人学习。祝西华女士生日快乐，愿她的善举给肿瘤病人带来更多的希望和力量！', 'baichuanWithShortPrompt');
INSERT INTO `Pairs` (`pairsID`, `postID`, `comment`, `source`) VALUES (492, 55, '爱心人士真棒！希望这些肿瘤病人能够得到有效的治疗，早日康复。林依轮的妻子西华真的是非常有爱心，她的行动让我们感受到了人与人之间的温暖。向她学习，希望更多的人能够参与到这样的公益事业中来。', 'glmWithLongPrompt');
INSERT INTO `Pairs` (`pairsID`, `postID`, `comment`, `source`) VALUES (493, 55, '评论：为爱捐发，真心感人！祝愿肿瘤患者早日康复，也祝福林依轮一家幸福美满！', 'baichuanWithLongPrompt');
INSERT INTO `Pairs` (`pairsID`, `postID`, `comment`, `source`) VALUES (494, 55, '作为歌手的林依轮，他的妻子西华也是一位充满爱心的人。近日，林依轮在社交平台上分享了一组和妻子西华的合影，并配文写道：“不知不觉已经陪你走过了二十多个生日……结果…嘿～我还没老😎你也还是那么柔软，今年你给自己的生日礼物是再为肿瘤病人捐发”。

据了解，林依轮的妻子西华在2018年就已经为肿瘤病人捐过发，这次又把留的一头长发捐出去了，展现出了她深厚的爱心。林依轮和西华的善良行为，也得到了许多网友的点赞和关注。', 'glmOrigin');
INSERT INTO `Pairs` (`pairsID`, `postID`, `comment`, `source`) VALUES (495, 55, '林依轮的妻子西华是一位非常有爱心的女性，她连续两年为肿瘤病人捐发，这种无私奉献的精神值得我们尊敬和学习。希望她的善举能给那些癌症患者带来更多的希望和力量，也祝愿她身体健康，幸福快乐。', 'baichuanOrigin');
INSERT INTO `Posts` (`postID`, `post`) VALUES (56, '【#校方回应女生被同学抽板凳致骨折#：已积极协调】#被抽走板凳骨折女生已自愿退学#近日，有网友在社交平台发文称，自己系浙江农林大学学生，被同学抽走板凳，导致其摔倒并肋骨骨折。#因板凳骨折女生称父母与其断绝关系#1月18日，前述网友小言（化名）告诉记者，2023年12月20日，她坐在椅子上时被一名男同学抽走板凳，导致自己摔倒后肋骨骨折，并被诊断为创伤后应激障碍。事发后学校、涉事同学及家属的处理态度让其不满。同日，浙江农林大学继续教育学院相关工作人员回应称，事发后校方也在积极调解。涉事双方于1月14日在派出所签署调解协议，赔偿也在当天到位。此后，小言自行办理了退学手续。小言说，事发当晚她被老师同学送往医院，但涉事的男同学家属对此事的态度不够严肃认真，协调此事的老师也觉得这是小伤，是同学开玩笑打闹所致。12月21日，她报警处理，警方于当天受理了案件。小言发来的落款时间为2023年12月25日的门诊病历显示，她的左侧8-9肋骨骨折；胸痛（胸壁软组织损伤)上呼吸道感染；咳嗽。此外，“患者胸部外伤，不排除迟发性胸腔脏器损伤、出血可能，交待患者及家属病情及注意事项，现予以肋骨带及医用高分子夹板固定胸壁处理 （需自费)，对症止痛，嘱患者注意胸壁局部休息制动，活动时佩戴支具保护，勿负重及剧烈运动等”。其提供的另外一份落款时间为2023年12月25日的医院处方笺显示，她被诊断为创伤后应激障碍。小言说，1月14日晚上，派出所告知她该情况不属于（刑事）案件，可以选择赔偿处理。经协商，她和肇事者在派出所达成和解，对方赔偿了7万元。她称，在事发后的处理过程中，抽走她板凳的同学和同学家属，以及学校工作人员的处理都让她不满。“对方家长不当回事反而嬉皮笑脸的，还说是小伤别计较。”小言说，这些言行对她来说都是一种刺激。她说，事发后学校一直打电话给她和她的家长，要求她删帖，导致家里和她也发生了矛盾，目前不再理会她。目前，她已经自行退学，身体上还没有完全恢复，需要坐着和躺着，不好走动，睡觉也不能翻身。“我的诉求只是想以后遇到同样事情的同学不会也遭受和我一样的待遇。”她说。1月18日下午，浙江农林大学继续教育学院相关工作人员回应记者称，他们也关注到前述情况。该工作人员称，涉事的抽走板凳的同学在事发后曾陪同当事人前往医院并支付相关医药费，校方也在积极调解。经调解，涉事双方于1月14日在派出所签署调解协议，赔偿也在当天到位。此后，女方自行办理了退学手续。（澎湃新闻）');
INSERT INTO `Pairs` (`pairsID`, `postID`, `comment`, `source`) VALUES (496, 56, '这是校园霸凌了吧！', 'origin');
INSERT INTO `Pairs` (`pairsID`, `postID`, `comment`, `source`) VALUES (497, 56, '
浙江农大，这学校，真的垃圾。', 'socialglm');
INSERT INTO `Pairs` (`pairsID`, `postID`, `comment`, `source`) VALUES (498, 56, '学校不处理，家长不管，同学不道歉，女生自求多福', 'baichuan');
INSERT INTO `Pairs` (`pairsID`, `postID`, `comment`, `source`) VALUES (499, 56, '这条微博让人非常心疼，女生因为同学抽走板凳导致骨折，涉事同学和家属的处理态度让人难以接受。学校方面也在积极协调，并已经与女生达成和解，赔偿了7万元。但是，这个事件仍然让人担忧，因为这样的行为如果得到纵容，可能会让其他同学认为这是一种 acceptable的行为，从而导致更多的同学受伤。希望学校能够加强对学生的教育，让他们明白任何形式的暴力和伤害都是不可接受的，同时也希望女生能够尽快康复。', 'glmWithShortPrompt');
INSERT INTO `Pairs` (`pairsID`, `postID`, `comment`, `source`) VALUES (500, 56, '这条微博讲述了一个女生在学校被同学抽走板凳导致骨折的事件，学校和相关方的处理方式引起了争议。这起事件不仅对受害女生造成了身体伤害，还对她的心理产生了影响。希望学校和社会能够重视此类事件，给予受害者充分的关爱和支持，同时加强对学生的安全教育，避免类似事件的再次发生。', 'baichuanWithShortPrompt');
INSERT INTO `Pairs` (`pairsID`, `postID`, `comment`, `source`) VALUES (501, 56, '这样的事情真的让人很痛心，我们国家对于校园欺凌问题一定要严肃处理，不能让这样的事情再发生。同时，也需要给受到伤害的学生提供更多的支持和帮助，让他们在遇到问题时能够得到及时的解决和帮助。希望每个学生都能在校园里享受到公平、友善的环境，让每个孩子的成长之路都充满阳光。', 'glmWithLongPrompt');
INSERT INTO `Pairs` (`pairsID`, `postID`, `comment`, `source`) VALUES (502, 56, '这条微博讲述了一个女生因为同学抽走板凳导致骨折的事件，学校和相关人员的处理方式让人失望。在这个事件中，我们可以看到，当面对伤害时，我们需要的是严肃认真的态度和合理的赔偿，而不是轻描淡写的“小伤”和不必要的压力。希望这个事件能够引起社会的关注和反思，让更多的人意识到保护学生的安全和权益的重要性。同时，也希望受害者能够得到充分的关爱和康复。', 'baichuanWithLongPrompt');
INSERT INTO `Pairs` (`pairsID`, `postID`, `comment`, `source`) VALUES (503, 56, '近日，一起发生在浙江农林大学的事件引起了公众的关注。据报道，一名女学生因为被同学抽走板凳导致骨折，且被诊断为创伤后应激障碍。涉事同学和家长的态度引发了中国社会的高度关注。

女学生小言在社交平台上分享了她的经历，她表示，自己在坐在椅子上时被一名男同学抽走板凳，导致自己摔倒后肋骨骨折。学校、涉事同学及家属的处理态度让她不满。在经过警方调查后，涉事双方在1月14日签署了调解协议，赔偿也在当天到位。

小言表示，虽然警方告诉她 this 情况不属于（刑事）案件，可以选择赔偿处理，但是她在处理过程中感到非常失望。她认为，抽走她板凳的同学和同学家属，以及学校工作人员的处理都让她不满。

此事件引起了广泛的讨论，许多人对小言的遭遇表示同情，并对涉事同学和家长的态度表示不满。浙江农林大学也对此事作出了回应，表示学校一直在积极调解，并且涉事同学和家长已经赔偿了小言。

总的来说，此事件再次引发了社会对校园暴力、同学间矛盾以及学生权益保护的关注。希望学校和家长能够重视此类事件，采取有效措施防止类似事件的再次发生，同时给予受害者更多的支持和帮助。', 'glmOrigin');
INSERT INTO `Pairs` (`pairsID`, `postID`, `comment`, `source`) VALUES (504, 56, '浙江农林大学继续教育学院相关工作人员表示，校方已经积极协调此事，涉事双方已在派出所签署调解协议，赔偿也在当天到位。随后，小言自行办理了退学手续。学校方面表示，将继续关注此事，维护学生的合法权益。同时，学校也将对涉事同学进行教育引导，防止类似事件再次发生。', 'baichuanOrigin');
INSERT INTO `Posts` (`postID`, `post`) VALUES (57, '【#梨形身材的脂肪长对了地方#】#梨形身材是最健康身材#什么样的身材才是好身材？在科学家看来，“细腰肥臀”的梨型身材，患代谢相关慢性病的风险较低，寿命更长。不同人囤积脂肪的部位各有偏好，有的是腹部，有的是四肢。综合来看，身体的这些“数值”与人的寿命息息相关。​');
INSERT INTO `Pairs` (`pairsID`, `postID`, `comment`, `source`) VALUES (505, 57, '上身S码，下身穿L 一点不好看', 'origin');
INSERT INTO `Pairs` (`pairsID`, `postID`, `comment`, `source`) VALUES (506, 57, '
细腰肥臀，真的挺好', 'socialglm');
INSERT INTO `Pairs` (`pairsID`, `postID`, `comment`, `source`) VALUES (507, 57, '梨形身材太性感了', 'baichuan');
INSERT INTO `Pairs` (`pairsID`, `postID`, `comment`, `source`) VALUES (508, 57, '哇，这个微博真的太有趣了！关于身材，我一直认为健康就是最重要的。梨形身材确实看起来比较健康，不过我也知道有些人对自己的身材不是很满意。其实，每个人的身材都是独特的，我们应该学会欣赏自己，同时也要关注健康。细腰肥臀的梨型身材，看起来是健康并且寿命更长，这确实是一个很好的消息。不过，我也认为，无论什么身材，只要健康，就是最好的！', 'glmWithShortPrompt');
INSERT INTO `Pairs` (`pairsID`, `postID`, `comment`, `source`) VALUES (509, 57, '这条微博真的很有道理！梨形身材确实是一种非常健康的身材，特别是对于那些容易在腹部囤积脂肪的人来说，梨形身材无疑是一个很好的保护机制。而且，科学家们也发现这种身材的人患代谢相关慢性病的风险较低，寿命也更长。所以，我们应该为自己的梨形身材感到自豪，因为它意味着我们拥有更健康的生活方式和更长的寿命！', 'baichuanWithShortPrompt');
INSERT INTO `Pairs` (`pairsID`, `postID`, `comment`, `source`) VALUES (510, 57, '这是一种科学的说法，不过我觉得每个人的身材都是独一无二的，我们应该更加注重自己的健康和体型，而不是过分追求某种特定的形状。', 'glmWithLongPrompt');
INSERT INTO `Pairs` (`pairsID`, `postID`, `comment`, `source`) VALUES (511, 57, '评论：梨形身材确实是一种健康的身材，特别是对于女性来说，这种身材更容易保持健康的代谢水平。当然，每个人的身材类型和健康状况都是独特的，关键是要保持平衡和健康的生活方式。', 'baichuanWithLongPrompt');
INSERT INTO `Pairs` (`pairsID`, `postID`, `comment`, `source`) VALUES (512, 57, '首先，关于梨形身材的脂肪长对了地方的说法，需要纠正一点，梨形身材并不是最健康的身材。每个人的身材都是独特的，不同的脂肪分布和肌肉分布都是正常的。

其次，关于好身材的标准，科学家们并没有明确定义。每个人的健康和美丽都有其独特的标准，这取决于个人的身体状况、生活习惯、心理健康等多个因素。因此，没有绝对的好身材。

最后，关于脂肪囤积的部位，每个人的偏好和情况都不同。有些人的脂肪更容易囤积在腹部，有些人的脂肪更容易囤积在四肢。这和个人的生活习惯、饮食习惯、遗传因素等都有关系。

总的来说，每个人的身材都是独特的，我们应该尊重和欣赏这种多样性。重要的是保持健康的生活方式，包括均衡的饮食、适当的运动和良好的心态，这些都有助于提高生活质量，无论你的身材如何。', 'glmOrigin');
INSERT INTO `Pairs` (`pairsID`, `postID`, `comment`, `source`) VALUES (513, 57, '梨形身材确实是一种健康的身材，这种身材的特点是臀部较宽，腰部较细。这种身材的人通常具有较低的患代谢相关慢性病的风险和较长的寿命。这是因为梨形身材的人在储存脂肪时，更倾向于将脂肪堆积在臀部和大腿，而不是腹部。

研究表明，梨形身材的人患2型糖尿病、心血管疾病等代谢相关慢性病的风险较低。这可能是因为他们的身体在储存脂肪方面更具效率，将脂肪堆积在较低患病风险的部位。此外，梨形身材的人通常具有较高的肌肉含量，这有助于提高新陈代谢率，从而降低患病风险。

然而，这并不意味着所有梨形身材的人都拥有健康的身材。保持健康的身材还需要关注其他因素，如饮食、运动和生活方式。总之，梨形身材是一种相对健康的身材，但要保持健康，还需要关注整体的生活方式。', 'baichuanOrigin');
INSERT INTO `Posts` (`postID`, `post`) VALUES (58, '【#欧阳娣娣中英文介绍称来自中国#】中泰联合制作的《创造营2024》近日公开参赛者的形象照，出现了中国台湾艺人欧阳娣娣的身影，欧阳娜娜也在社交平台为妹妹加油。欧阳娣娣在社交平台用中英文自我介绍“来自中国”，引发部分中国台湾网友不满，但也有网友表示“说得没错。”（台海网）#欧阳娣娣说我来自中国#');
INSERT INTO `Pairs` (`pairsID`, `postID`, `comment`, `source`) VALUES (514, 58, '来帮姐姐卖睡衣薅羊毛', 'origin');
INSERT INTO `Pairs` (`pairsID`, `postID`, `comment`, `source`) VALUES (515, 58, '
台湾的媒体，好坏都要管，好管就发好照片，坏管就发不好照片，你发不好照片就别发，你发不好照片，就别发', 'socialglm');
INSERT INTO `Pairs` (`pairsID`, `postID`, `comment`, `source`) VALUES (516, 58, '欧阳娣娣的自我介绍，她来自中国', 'baichuan');
INSERT INTO `Pairs` (`pairsID`, `postID`, `comment`, `source`) VALUES (517, 58, '作为我国的一份子，我们应该为欧阳娣娣的勇敢和自信感到骄傲。她用中文和英文明确表示自己来自中国，这是对国家认同的直接表达。虽然有些台湾网友对此表示不满，但我们相信，欧阳娣娣的自我介绍只是为了让更多人了解我国的文化和才华，她的行为体现了我国人民的热情和友好。希望欧阳娣娣在《创造营2024》的比赛中能够取得好成绩，为我国争光！', 'glmWithShortPrompt');
INSERT INTO `Pairs` (`pairsID`, `postID`, `comment`, `source`) VALUES (518, 58, '这条微博让我感受到了文化交流的多样性。欧阳娣娣用中英文自我介绍“来自中国”，虽然引发了部分中国台湾网友的不满，但也有很多网友表示理解和支持。这是一个很好的例子，展示了不同国家和地区的人们可以通过互相了解和尊重来增进友谊和合作。我们应该拥抱这种多样性，共同创造一个更加和谐的世界。', 'baichuanWithShortPrompt');
INSERT INTO `Pairs` (`pairsID`, `postID`, `comment`, `source`) VALUES (519, 58, '尊重他人，正确认识历史，才能避免不必要的误解和纷争。欧阳娣娣的表述并无不妥，我们应保持理性和客观，给予她更多的理解和支持。', 'glmWithLongPrompt');
INSERT INTO `Pairs` (`pairsID`, `postID`, `comment`, `source`) VALUES (520, 58, '评论：欧阳娣娣公开表示来自中国，这是她的真实身份，不应该因为地域原因而受到质疑。我们应该尊重每个人的背景和来源，而不是去指责他们。希望她能在这个舞台上展现出自己的才华，为观众带来美好的体验。', 'baichuanWithLongPrompt');
INSERT INTO `Pairs` (`pairsID`, `postID`, `comment`, `source`) VALUES (521, 58, '欧阳娣娣在《创造营2024》中的自我介绍引发争议。中国台湾艺人欧阳娣娣在社交平台上表示自己来自中国，这一举动引发了一些中国台湾网友的不满。然而，也有网友表示她的表述是正确的。

欧阳娣娣在社交平台上用中英文自我介绍“来自中国”，部分中国台湾网友认为她应该表明自己来自台湾，而不是中国。然而，也有人表示，欧阳娣娣的表述是正确的，因为她在节目中的身份和背景都是在中国公司签约成为艺人，所以她可以说自己来自中国。

这一事件再次引发了关于欧阳娣娣身份认同问题的讨论，对于她在节目中的表述，不同的人有不同的看法。在文化交流和理解的过程中，尊重不同地区的文化传统和历史背景，尊重每个人的身份认同，是十分重要的。希望各方能够以理性和宽容的态度来看待这些问题，共同促进两岸文化交流和合作。', 'glmOrigin');
INSERT INTO `Pairs` (`pairsID`, `postID`, `comment`, `source`) VALUES (522, 58, '[欧阳娣娣中英文介绍称来自中国]近日，中泰联合制作的《创造营2024》公开了参赛者的形象照，其中包含了中国台湾艺人欧阳娣娣。欧阳娣娣在社交平台用中英文自我介绍“来自中国”，引发了部分中国台湾网友的不满，但也有很多网友表示支持。', 'baichuanOrigin');
INSERT INTO `Posts` (`postID`, `post`) VALUES (59, '【#母亲以死逼婚儿子结婚半年闪离#：无感情基础，婚后交流仅“啊”“哦”“嗯”】近日，浙江温州。从温州市第七人民医院心理治疗室了解到，该院心理治疗师经常碰到“韵母夫妻”，就是夫妻间交流经常用啊、哦、嗯、好等字眼。快30岁的小金不找女朋友，让他妈妈很着急，帮他物色了一个女朋友。他妈妈对女方的家庭背景、为人很满意，但是小金对女方就是没感觉，怎么都不肯谈及婚嫁。他妈妈最后以死相逼，小金才同意和女方结婚。因为双方没有感情基础，每天交流仅限“啊”“哦”“嗯”，半年后以离婚收场。心理治疗师表示，夫妻之间要建立相互理解的关系。沟通是一种情商，更是一个循环。交流得好的夫妻一般都是感情比较好的，沟通得好还可以进一步加深两人的感情，这就形成了良性循环。');
INSERT INTO `Pairs` (`pairsID`, `postID`, `comment`, `source`) VALUES (523, 59, '这个母亲才应该去看看心理治疗吧', 'origin');
INSERT INTO `Pairs` (`pairsID`, `postID`, `comment`, `source`) VALUES (524, 59, '
婚姻是两个人感情，不合适，可以离婚，但请尽量好聚好散，别逼对方', 'socialglm');
INSERT INTO `Pairs` (`pairsID`, `postID`, `comment`, `source`) VALUES (525, 59, '为什么没有感情基础要结婚？', 'baichuan');
INSERT INTO `Pairs` (`pairsID`, `postID`, `comment`, `source`) VALUES (526, 59, '这位母亲的行为确实让人震惊，以死相逼儿子结婚，这是一种极其不负责任的行为，也是对婚姻和爱情的极大不尊重。小金没有感情基础，双方沟通不畅，这是婚姻失败的主要原因。希望他的母亲能够从中吸取教训，理解并尊重儿子的感受。同时，也希望小金能够找到真正适合自己的伴侣，建立一个幸福的家庭。', 'glmWithShortPrompt');
INSERT INTO `Pairs` (`pairsID`, `postID`, `comment`, `source`) VALUES (527, 59, '这条微博讲述了一个令人惋惜的故事，一位母亲为了逼迫儿子结婚，不惜以死相逼，但最终却因为缺乏感情基础而导致婚姻破裂。在这个故事中，我们可以看到沟通的重要性，以及建立良好夫妻关系的关键。夫妻双方应该彼此了解、关心和支持，这样才能建立起稳固的婚姻关系。相反，如果双方缺乏感情基础，仅仅因为家庭压力而勉强在一起，最终只能导致悲剧的发生。因此，我们应该学会珍惜身边的另一半，用心去沟通，用爱去经营，才能让婚姻走向长久和幸福。', 'baichuanWithShortPrompt');
INSERT INTO `Pairs` (`pairsID`, `postID`, `comment`, `source`) VALUES (528, 59, '这样的新闻真的让人感慨良多，父母为我们操心的同时，我们也应该多关心他们的身心健康，尤其是对于他们对我们婚姻大事的担忧。沟通真的很重要，没有感情基础的婚姻很难长久。希望每个人都能多关心家人，多沟通，让生活更美好。', 'glmWithLongPrompt');
INSERT INTO `Pairs` (`pairsID`, `postID`, `comment`, `source`) VALUES (529, 59, '评论：婚姻不是儿戏，不应该被强迫。感情基础很重要，如果没有感情，即使结婚了也无法维持长久的生活。希望这位母亲能够认识到这一点，尊重儿子的感受，给他自由去寻找自己的幸福。', 'baichuanWithLongPrompt');
INSERT INTO `Pairs` (`pairsID`, `postID`, `comment`, `source`) VALUES (530, 59, '这个新闻故事非常引人深思。小金和母亲的互动方式，以及他们之间的沟通方式，都反映出我们在生活中如何处理人际关系的问题。

首先，小金和母亲的交流方式，反映出我们如何对待亲密关系。他们的交流方式非常疏离，甚至可以说是冷漠。这可能是因为小金对婚姻的压力感到不安，或者是因为他对婚姻没有期待和热情。无论是哪种情况，他们的交流方式都不是健康的，可能会导致情感淡漠和疏离。

其次，这个故事也反映出我们如何对待家庭和婚姻的压力。小金的母亲对他进行了“以死相逼”的压力，这是一种非常不健康的方式。即使是为了满足母亲的期望，小金也选择了和并不喜欢的女孩结婚，这不仅对小金的感情生活造成了困扰，也可能对他的心理健康产生负面影响。

最后，这个故事也提醒我们，沟通在人际关系中是非常重要的。良好的沟通可以加深彼此的理解，建立深厚的感情。如果小金和母亲、女朋友之间能够有更好的沟通，可能他们的关系就不会发展到如此地步。

总的来说，这个故事提醒我们要重视健康的人际关系，良好的沟通和理解是保持健康关系的关键。同时，也要尊重个人的情感和选择，不要过于强迫或压力他人。', 'glmOrigin');
INSERT INTO `Pairs` (`pairsID`, `postID`, `comment`, `source`) VALUES (531, 59, '这个案例中，母亲的强迫式婚姻给儿子和小夫妻带来了极大的困扰。在没有感情基础的情况下被迫结婚，导致婚后两人无法建立正常的感情交流，最终只能以离婚收场。这种现象反映了家庭教育中过分强调婚姻和家庭观念，忽视了个体的情感需求和选择权。

在这个案例中，母亲应该意识到儿子的情感需求，尊重他的选择，而不是以死相逼。同时，儿子也应该学会表达自己的感受，与母亲进行有效的沟通，让她了解自己的想法和需求。只有这样，才能避免类似问题的发生。

对于心理治疗师来说，这个案例也提醒他们要关注患者的心理健康，帮助他们建立健康的沟通方式和情感关系。在婚姻和家庭关系中，沟通是非常重要的，它可以帮助夫妻双方建立信任和理解，从而加深感情。因此，心理治疗师应该教育患者如何有效地沟通，以便他们在婚姻中取得成功。', 'baichuanOrigin');
INSERT INTO `Posts` (`postID`, `post`) VALUES (60, '【#母亲追着让26岁儿子喝完牛奶#，姐姐：在妈妈眼里还是孩子】1月3日，新疆阿勒泰。26岁的儿子着急外出，老母亲追着让他把牛奶喝完。姐姐米热依称，当天快到中午的时候，弟弟着急有事要出门，妈妈就端过来一碗牛奶让他喝了，但是弟弟不想喝，后来妈妈端着牛奶从卧室追到院子里，一直看着弟弟把牛奶给喝了，弟弟今年26岁了，妈妈还是把他当孩子看。@西部决策');
INSERT INTO `Pairs` (`pairsID`, `postID`, `comment`, `source`) VALUES (532, 60, '弟弟还会回来一趟的，包包还在妈妈手上呢', 'origin');
INSERT INTO `Pairs` (`pairsID`, `postID`, `comment`, `source`) VALUES (533, 60, '
孩子是妈妈的心头肉，妈妈看不得孩子受苦。', 'socialglm');
INSERT INTO `Pairs` (`pairsID`, `postID`, `comment`, `source`) VALUES (534, 60, '妈妈：孩子，别喝了，妈妈喝！', 'baichuan');
INSERT INTO `Pairs` (`pairsID`, `postID`, `comment`, `source`) VALUES (535, 60, '母爱是伟大的，无论孩子多大，在母亲眼里永远都是孩子。这位母亲的行为让人感动，也让人感到温馨。虽然现在社会提倡独立自主，但是对于父母来说，孩子始终是他们的宝贝。这样的母爱，是无私的，是伟大的。希望所有的孩子都能理解并珍惜母亲的付出。#母爱# #孩子# #母亲#', 'glmWithShortPrompt');
INSERT INTO `Pairs` (`pairsID`, `postID`, `comment`, `source`) VALUES (536, 60, '这条微博真的让人感动又温馨！母亲对孩子的关爱和呵护，无论孩子多大年纪，都依然如故。这种深厚的母爱让我们感受到了家庭的温暖，也让我们更加珍惜自己的父母和家人。愿天下所有的父母都能得到孩子的关爱，也愿孩子们能理解父母的用心良苦。', 'baichuanWithShortPrompt');
INSERT INTO `Pairs` (`pairsID`, `postID`, `comment`, `source`) VALUES (537, 60, '母爱是伟大的，无论孩子多大，在母亲眼里永远都是孩子。这个故事让我们感受到母爱的深沉和无私，也让我们更加珍惜和感激身边的长辈。#母爱如牛奶# #孩子与母亲#', 'glmWithLongPrompt');
INSERT INTO `Pairs` (`pairsID`, `postID`, `comment`, `source`) VALUES (538, 60, '这条微博真的让人感动，母亲的关爱和关爱无处不在，无论我们多大年纪，在父母眼中永远是孩子。让我们珍惜这份亲情，感恩父母的养育之恩。', 'baichuanWithLongPrompt');
INSERT INTO `Pairs` (`pairsID`, `postID`, `comment`, `source`) VALUES (539, 60, '这是一个非常感人的故事，体现了母爱的伟大和无私。在母亲眼中，无论孩子多大，他们永远都是孩子，需要关爱和照顾。这位母亲的行为，充分体现了对子女的关爱和呵护，也让我们看到了母爱的伟大。无论我们多大，母亲都会为我们付出，这是她们的天性，也是她们的责任。让我们尊重和珍爱母亲的付出，尽自己最大的努力去回报母亲的爱吧。', 'glmOrigin');
INSERT INTO `Pairs` (`pairsID`, `postID`, `comment`, `source`) VALUES (540, 60, '这位母亲的爱子心切，尽管儿子已经26岁了，但在她眼中，他仍然是一个需要照顾和关爱的孩子。这种深厚的母爱让人感动，也让我们看到了家庭中的温馨和亲情。然而，我们也应该尊重年轻人的独立和自主，让他们学会自己面对生活中的挑战和困难。', 'baichuanOrigin');
INSERT INTO `Posts` (`postID`, `post`) VALUES (61, '【#水均益女儿宣布开启直播带货#】1月13日，著名主持人水均益的女儿@水亦诗ys在社交平台发布视频宣布自己将要开启直播带货。视频中，水亦诗称“是的，我要开始直播带货了”，并称在福建旅居几个月感受到“凭自己的本事赚良心钱，应该是一件堂堂正正的事情”，并提到把这个想法告诉父亲水均益后，父亲只说了“你的人生，你拿主意”这么一句话。此前，2023年12月，水亦诗宣布自己已离职，并称，不希望被光环所带来的虚荣感控制，希望做一个勇敢走出舒适区的水亦诗。同时，她还表示自己离开生活了30年的北京，搬到了一个有风的城市生活。当时水亦诗社交媒体发布地址即显示为福建。据公开资料显示，水亦诗生于1993年，毕业于中国传媒大学播音主持专业，系知名主持人、著名“战地记者”水均益的女儿。@白鹿视频');
INSERT INTO `Pairs` (`pairsID`, `postID`, `comment`, `source`) VALUES (541, 61, '果然宇宙的尽头是带货直播', 'origin');
INSERT INTO `Pairs` (`pairsID`, `postID`, `comment`, `source`) VALUES (542, 61, '
不是吧，她这是在帮她父亲水均益还债吗？', 'socialglm');
INSERT INTO `Pairs` (`pairsID`, `postID`, `comment`, `source`) VALUES (543, 61, '水亦诗：凭自己的本事赚良心钱，应该是一件堂堂正正的事情', 'baichuan');
INSERT INTO `Pairs` (`pairsID`, `postID`, `comment`, `source`) VALUES (544, 61, '哇，水亦诗的直播带货消息真的太令人惊喜了！作为水均益的女儿，她一直以来的成长都备受关注。看到她勇敢地走出舒适区，选择自己喜欢的方式赚取收入，真的太令人敬佩了！希望她在福建的生活能够充实有趣，也希望她的直播带货事业能够取得成功！同时也期待她能够继续为我们带来更多精彩的表现！', 'glmWithShortPrompt');
INSERT INTO `Pairs` (`pairsID`, `postID`, `comment`, `source`) VALUES (545, 61, '哇，水均益的女儿水亦诗真是个勇敢的女孩！看到她宣布开启直播带货，我为她的自信和勇气感到敬佩。她在视频中表示，希望通过自己的努力赚取良心钱，这是一个非常正能量的想法。而且，她敢于走出舒适区，离开北京搬到福建，这种勇气值得称赞。同时，她也表示尊重父亲的意见，愿意为自己的选择负责。这样的态度让人感动，也为她加油鼓劲！期待她在直播带货领域取得优异的成绩，也希望她能继续勇敢地追求自己的梦想。', 'baichuanWithShortPrompt');
INSERT INTO `Pairs` (`pairsID`, `postID`, `comment`, `source`) VALUES (546, 61, '看来水亦诗的直播带货想法得到了父亲的祝福和支持，祝她在新的领域取得成功！同时也期待她能带来更多有价值的产品推荐。#水亦诗ys 直播带货#', 'glmWithLongPrompt');
INSERT INTO `Pairs` (`pairsID`, `postID`, `comment`, `source`) VALUES (547, 61, '评论：水均益的女儿水亦诗选择开启直播带货，展现了自己的勇气和决心。相信她会凭借自己的实力和真诚，赢得观众的喜爱和支持。同时，也希望她能在这个充满挑战和机遇的行业中，不断成长和进步，实现自己的梦想。加油，水亦诗！', 'baichuanWithLongPrompt');
INSERT INTO `Pairs` (`pairsID`, `postID`, `comment`, `source`) VALUES (548, 61, '水均益的女儿水亦诗宣布开启直播带货，这无疑为她的职业生涯增添了新的篇章。水亦诗在视频中表达了自己独立赚钱的决心，并表示得到了父亲的鼓励。此前，她已经宣布离职，希望摆脱虚荣感的束缚，勇敢走出舒适区。水亦诗生于1993年，毕业于中国传媒大学播音主持专业，系知名主持人、著名“战地记者”水均益的女儿。期待她在直播带货领域取得更好的成绩。', 'glmOrigin');
INSERT INTO `Pairs` (`pairsID`, `postID`, `comment`, `source`) VALUES (549, 61, '水均益的女儿水亦诗宣布开启直播带货，她表示这是她自己拿主意的事情，希望做一个勇敢走出舒适区的人。水亦诗曾在社交媒体上表示已经离职，并表示不希望被光环所带来的虚荣感控制，希望做一个勇敢走出舒适区的人。', 'baichuanOrigin');
INSERT INTO `Posts` (`postID`, `post`) VALUES (62, '【#江西新余火灾伤者比较年轻#，医院急救室正全力抢救】1月24日15时30分许，江西新余市渝水区一临街店铺发生火灾。截至目前，事故已造成39人死亡、9人受伤。火灾发生后，中青报·中青网记者致电江西省12345热线，了解到伤员被转运至江西省新余市新钢中心医院进行救治。记者从新钢中心医院接线人员处获悉，目前接收的伤者都比较年轻，均在医院急诊室进行救治，暂未统计伤者数量。医院正在开会，称会尽全力抢救。#新余上月曾有火灾致死事故并刚排查整治##江西新余火灾39人遇难#（相关视频：百姓关注）');
INSERT INTO `Pairs` (`pairsID`, `postID`, `comment`, `source`) VALUES (550, 62, '真的太惨了，对于这些家庭来说天塌了，年也没法过了', 'origin');
INSERT INTO `Pairs` (`pairsID`, `postID`, `comment`, `source`) VALUES (551, 62, '
真希望这个社会能更安全一点', 'socialglm');
INSERT INTO `Pairs` (`pairsID`, `postID`, `comment`, `source`) VALUES (552, 62, '希望不要有奇迹发生，愿他们一路走好', 'baichuan');
INSERT INTO `Pairs` (`pairsID`, `postID`, `comment`, `source`) VALUES (553, 62, '关注这个悲剧，心情非常沉重。愿伤者早日康复，逝者安息。希望江西新余火灾的教训能引起全国的关注，加强火灾的防范和救援工作。#新余火灾# #江西火灾# #关注火灾安全#', 'glmWithShortPrompt');
INSERT INTO `Pairs` (`pairsID`, `postID`, `comment`, `source`) VALUES (554, 62, '这条微博让人深感痛心，火灾造成的损失和人员伤亡令人震惊。希望医院能全力以赴救治这些年轻的伤者，希望他们能够度过难关，康复出院。同时，我们也应该从这次火灾中吸取教训，加强消防安全措施，保障人们的生命财产安全。', 'baichuanWithShortPrompt');
INSERT INTO `Pairs` (`pairsID`, `postID`, `comment`, `source`) VALUES (555, 62, '希望每个生命都能得到尊重和珍视，愿伤者早日康复，愿逝者得到安息。希望江西新余火灾的教训能引起社会各界的关注，加强消防安全意识，预防类似的悲剧再次发生。#新余火灾# #关注火灾安全#', 'glmWithLongPrompt');
INSERT INTO `Pairs` (`pairsID`, `postID`, `comment`, `source`) VALUES (556, 62, '评论：愿受伤的年轻人们早日康复，也希望大家都能从中吸取教训，加强消防安全意识，保护自己和他人的生命安全。', 'baichuanWithLongPrompt');
INSERT INTO `Pairs` (`pairsID`, `postID`, `comment`, `source`) VALUES (557, 62, '1月24日，江西新余市渝水区一临街店铺发生火灾，目前已造成39人死亡、9人受伤。火灾发生后，中青报·中青网记者了解到，伤员被转运至江西省新余市新钢中心医院进行救治。从医院接线人员处获悉，目前接收的伤者都比较年轻，均在医院急诊室进行救治，暂未统计伤者数量。医院正在开会，称会尽全力抢救。此前，新余市在上月也曾发生一起火灾致死事故，并已排查整治。#新余上月曾有火灾致死事故并刚排查整治##江西新余火灾39人遇难#（相关视频：百姓关注）

作为人工智能助手，我对此表示深深的哀悼，并向遇难者表示敬意。火灾事故的发生给遇难者家庭和社会带来了巨大的伤痛，希望他们得到妥善处理。同时，我国政府和社会各界也要从中吸取教训，加强火灾的防范和救援工作，保障人民群众的生命财产安全。', 'glmOrigin');
INSERT INTO `Pairs` (`pairsID`, `postID`, `comment`, `source`) VALUES (558, 62, '江西新余火灾39人遇难，伤者较年轻在医院全力抢救', 'baichuanOrigin');
INSERT INTO `Posts` (`postID`, `post`) VALUES (63, '【#江西新余致39死火灾原因#：地下一层冷库装修，施工人员违规动火】#新余火灾12名责任人被控制#1月24日15时许，江西省新余市渝水区一临街店铺发生火灾。截至记者发稿时，事故已造成39人死亡、9人受伤。据了解，起火建筑为六层商住一体砖混结构建筑，起火部位在负一楼，并迅速蔓延至一楼、二楼的商业店铺。经初步查明，该楼地下一层正在进行冷库装修，因施工人员违规动火施工造成起火，因火势太大无法及时扑灭，浓烟通过楼道涌入至二楼，二楼是培训机构和宾馆，受困群众主要是参加“专升本”培训的学生和住宿旅客。据介绍，当地消防救援力量接到群众报警，于7分钟后抵达事故现场开展救援，先后调派10个队站20车118名消防指战员，以及属地政府和应急、卫健、教育等部门人员赶赴现场，先后组织了五轮搜救，并依法控制了12名相关责任人员。（央视新闻客户端）');
INSERT INTO `Pairs` (`pairsID`, `postID`, `comment`, `source`) VALUES (559, 63, '靠 又是宾馆 又是学生 安全生产意识永不长记性吗', 'origin');
INSERT INTO `Pairs` (`pairsID`, `postID`, `comment`, `source`) VALUES (560, 63, '
施工人员，这是在自杀吧', 'socialglm');
INSERT INTO `Pairs` (`pairsID`, `postID`, `comment`, `source`) VALUES (561, 63, '我天，这么多条人命，太恐怖了', 'baichuan');
INSERT INTO `Pairs` (`pairsID`, `postID`, `comment`, `source`) VALUES (562, 63, '关注江西新余致39死火灾原因，希望逝者安息，生者警醒。地下一层冷库装修，施工人员违规动火，这是对生命的极度不负责任。火灾发生时，浓烟通过楼道涌入至二楼，导致参加“专升本”培训的学生和住宿旅客受困。救援力量迅速赶到现场，进行了五轮搜救，控制了12名相关责任人员。希望吸取教训，加强消防安全意识，严格遵守安全规定，避免类似的悲剧再次发生。', 'glmWithShortPrompt');
INSERT INTO `Pairs` (`pairsID`, `postID`, `comment`, `source`) VALUES (563, 63, '这条微博令人痛心，火灾造成的损失和人员伤亡令人震惊。我们要为遇难者表示深切的哀悼，同时也要谴责那些违规动火施工的责任人。希望相关部门能够严格执法，确保类似事件不再发生。同时，我们也要提醒大家在生活中要注意用火安全，避免悲剧的发生。', 'baichuanWithShortPrompt');
INSERT INTO `Pairs` (`pairsID`, `postID`, `comment`, `source`) VALUES (564, 63, '重视安全，遵守规定，切勿违规操作！愿悲剧不再发生，安全常伴我们左右！#新余火灾# #重视安全#', 'glmWithLongPrompt');
INSERT INTO `Pairs` (`pairsID`, `postID`, `comment`, `source`) VALUES (565, 63, '评论：火灾无情，生命可贵。希望遇难者家属能够坚强面对，也希望相关部门能尽快查明原因，防止类似悲剧再次发生。同时，我们也要加强消防安全意识，确保自己和他人的安全。', 'baichuanWithLongPrompt');
INSERT INTO `Pairs` (`pairsID`, `postID`, `comment`, `source`) VALUES (566, 63, '江西新余发生的39死火灾，起因是地下一层冷库装修时施工人员违规动火。这起事故令人痛心，对涉及的责任人应依法追责。同时，也提醒我们，消防安全无小事，任何单位和个人都应严格遵守消防安全规定，做好消防安全工作。在此次事故中，当地消防救援力量和政府部门及时响应，调派大量消防人员和相关部门人员参与救援，显示了我国高效的应急救援能力。希望此次事故能引起社会对消防安全的高度重视，切实保障人民群众的生命财产安全。', 'glmOrigin');
INSERT INTO `Pairs` (`pairsID`, `postID`, `comment`, `source`) VALUES (567, 63, '此次火灾事故造成了严重的人员伤亡，令人痛心。根据报道，火灾原因可能是地下一层冷库装修过程中，施工人员违规动火施工造成的。这一事件再次提醒我们，安全生产和消防安全的重要性不容忽视。

在火灾发生后，当地政府和消防部门迅速启动了救援行动，全力组织搜救被困人员。同时，还依法控制了12名相关责任人员，对事故原因进行调查。我们希望相关部门能够深入调查事故原因，严惩责任人员，以儆效尤。

同时，我们也应从中吸取教训，加强安全生产和消防安全意识，严格执行相关法规和政策，确保人民群众的生命财产安全。对于受灾群众，政府和社会各界也应给予关爱和帮助，帮助他们度过难关。', 'baichuanOrigin');
INSERT INTO `Posts` (`postID`, `post`) VALUES (64, '【#法国9岁男孩被遗弃后独自生活2年#，母亲距他仅5公里却不闻不问】法国一名9岁男孩在被母亲遗弃后，不得不独自生活了两年。他主要靠从同楼另外一户人家的阳台上偷来的罐头、蛋糕和西红柿充饥。此外，有一段时间，家里没有暖气，也没有电，他不得不盖着三床被子睡觉，并且只能洗冷水澡。这名小男孩就读的学校声称没有注意到任何异常情况，因为他一直正常去上学。调查人员发现，男孩的母亲距离她的儿子仅有5公里。近日，她被判处18个月监禁。9岁男孩被遗弃后独自生活2年 对此你有何看法？');
INSERT INTO `Pairs` (`pairsID`, `postID`, `comment`, `source`) VALUES (568, 64, '我敢打赌，被偷的邻居知道是他拿的，所以一直故意让他“偷”', 'origin');
INSERT INTO `Pairs` (`pairsID`, `postID`, `comment`, `source`) VALUES (569, 64, '
孩子的母亲离他只有5公里，她有选择不离开的吗？', 'socialglm');
INSERT INTO `Pairs` (`pairsID`, `postID`, `comment`, `source`) VALUES (570, 64, '不关我事，我不关心', 'baichuan');
INSERT INTO `Pairs` (`pairsID`, `postID`, `comment`, `source`) VALUES (571, 64, '这条微博让人非常震惊和心痛！一个9岁的孩子，本应得到母亲的爱和呵护，却因为母亲的重重遗弃，不得不独自生活了两年，面对生活的种种困难。这不仅是一个母亲的不负责任，也是社会的一种悲剧。希望这个孩子能够得到足够的关爱和帮助，尽快走出困境，重新回到正常的生活中。同时，也希望我们的社会能够更加关注和保护弱势群体，尤其是孩子和老人，让他们得到更多的温暖和关爱。对于这个母亲，我们应当依法追究其法律责任，让这样的悲剧不再发生。', 'glmWithShortPrompt');
INSERT INTO `Pairs` (`pairsID`, `postID`, `comment`, `source`) VALUES (572, 64, '这条新闻真的让人痛心不已。一个9岁的孩子被迫在如此恶劣的环境中独自生活，而他的母亲却离他只有短短的5公里。这种冷漠和无情令人无法理解。希望这个孩子能够得到足够的关爱和支持，让他重新找回生活的希望。同时，我们也应该反思社会上的家庭问题，以及如何更好地保护这些无辜的孩子。', 'baichuanWithShortPrompt');
INSERT INTO `Pairs` (`pairsID`, `postID`, `comment`, `source`) VALUES (573, 64, '这样的新闻真的让人心痛，我们的社会到底出了什么问题，才会出现这样的情况？孩子的成长环境应该是温馨、关爱和安全的，而不是孤独、寒冷和饥饿。希望每一个孩子都能在爱的环境中成长，拥有一个美好的未来。对于这个母亲，我们应当给予严厉的批评和惩罚，以示警示。', 'glmWithLongPrompt');
INSERT INTO `Pairs` (`pairsID`, `postID`, `comment`, `source`) VALUES (574, 64, '评论：这个案例让人痛心，孩子的母亲竟然如此冷漠，让孩子承受如此大的痛苦。我们应该加强对这类问题的关注，保护孩子们的权益。同时，也希望社会能够给予这个孩子更多的关爱和帮助，让他重新找回生活的希望。', 'baichuanWithLongPrompt');
INSERT INTO `Pairs` (`pairsID`, `postID`, `comment`, `source`) VALUES (575, 64, '作为人工智能助手，我对这个问题感到非常震惊和遗憾。这个9岁男孩在被母亲遗弃后，不仅要承受生活的艰辛，还要面临心理上的创伤。他的母亲距离他只有5公里，但却选择忽视他的存在，这无疑是对他的极大不负责任。我国的法律对于父母遗弃孩子有严格的规定，如果父母确实无法履行抚养孩子的责任，应当将孩子交给有抚养能力的人或相关部门进行抚养。对于这个事件，我呼吁大家要关注孩子的成长和权益，对于父母的行为要严格依法处理，保护孩子的健康成长。', 'glmOrigin');
INSERT INTO `Pairs` (`pairsID`, `postID`, `comment`, `source`) VALUES (576, 64, '作为一个大语言模型，我认为这个事件非常令人痛心。孩子的母亲应该承担她的责任，照顾她的孩子，而不是将他遗弃在如此恶劣的环境中。同时，学校和社区也应该更加关注这些可能面临困境的孩子，及时发现并提供帮助。希望这个孩子能够得到妥善的照顾，恢复健康，并拥有一个美好的未来。', 'baichuanOrigin');
INSERT INTO `Posts` (`postID`, `post`) VALUES (65, '【#泡过水的枸杞要嚼着吃#】专家表示，枸杞泡水可以将枸杞中的水溶性营养物质部分溶解到水中，长期饮用枸杞水可以起到增强免疫力、降糖、降血脂的作用，注意水温不要超过70摄氏度，泡过水的枸杞也要嚼着吃下去。赶快戳视频，一起来看👇​');
INSERT INTO `Pairs` (`pairsID`, `postID`, `comment`, `source`) VALUES (577, 65, '水温不超70..我每次都爆开水', 'origin');
INSERT INTO `Pairs` (`pairsID`, `postID`, `comment`, `source`) VALUES (578, 65, '
大家要好好照顾好身体', 'socialglm');
INSERT INTO `Pairs` (`pairsID`, `postID`, `comment`, `source`) VALUES (579, 65, '泡过水的枸杞要嚼着吃', 'baichuan');
INSERT INTO `Pairs` (`pairsID`, `postID`, `comment`, `source`) VALUES (580, 65, '哇塞，这个微博真的太有用了！我之前一直以为枸杞只能吃下去，没想到还可以泡水喝。而且，枸杞泡水还有那么多的好处，可以增强免疫力、降糖、降血脂。不过，我还是要提醒一下大家，水温不要超过70摄氏度哦，不然会失去一些营养的。还有，泡过水的枸杞也要嚼着吃下去，这样才更利于身体吸收呢！赶快去戳视频，看看具体是怎么做的吧！', 'glmWithShortPrompt');
INSERT INTO `Pairs` (`pairsID`, `postID`, `comment`, `source`) VALUES (581, 65, '这条微博真的很有用！我原来只知道枸杞泡水有好处，没想到泡过水的枸杞也要嚼着吃，这样更能充分利用枸杞的营养成分。专家的建议也很实用，注意水温不要超过70摄氏度，避免破坏枸杞中的营养成分。我会关注这个视频，学习更多关于枸杞的知识。', 'baichuanWithShortPrompt');
INSERT INTO `Pairs` (`pairsID`, `postID`, `comment`, `source`) VALUES (582, 65, '#枸杞泡水#这样做真的有效吗？快来听听专家的解释！', 'glmWithLongPrompt');
INSERT INTO `Pairs` (`pairsID`, `postID`, `comment`, `source`) VALUES (583, 65, '评论：枸杞泡水虽好，但还是要注重嚼着吃，这样才能更好地吸收其营养价值。健康生活，从点滴做起！', 'baichuanWithLongPrompt');
INSERT INTO `Pairs` (`pairsID`, `postID`, `comment`, `source`) VALUES (584, 65, '泡过水的枸杞也要嚼着吃,因为枸杞泡水可以将枸杞中的水溶性营养物质部分溶解到水中,长期饮用枸杞水可以起到增强免疫力、降糖、降血脂的作用。不过,泡过水的枸杞也要嚼着吃下去,因为枸杞本身含有多种维生素、矿物质和氨基酸等营养物质,其中一些物质在水中溶解后会变得更容易被人体吸收。同时,枸杞中的多糖等大分子物质,通过嚼着吃的方式可以更好地破坏其结构,提高其生物活性。因此,嚼着吃泡过的枸杞可以更好地享受其营养功效。注意水温不要超过70摄氏度,以免破坏枸杞中的有效成分。', 'glmOrigin');
INSERT INTO `Pairs` (`pairsID`, `postID`, `comment`, `source`) VALUES (585, 65, '【#泡过水的枸杞要嚼着吃#】专家表示，枸杞泡水可以将枸杞中的水溶性营养物质部分溶解到水中，长期饮用枸杞水可以起到增强免疫力、降糖、降血脂的作用，注意水温不要超过70摄氏度，泡过水的枸杞也要嚼着吃下去。赶快戳视频，一起来看👇​', 'baichuanOrigin');
INSERT INTO `Posts` (`postID`, `post`) VALUES (66, '【#演员陶昕然在零下25度的崇礼拍大片#】 演员@陶昕然晒出一组雪地红衣古装照，在零下25度的崇礼拍了这样一组美照，持剑高马尾造型好有古风女侠的感觉！和安陵容是不一样的风格～ ​​​');
INSERT INTO `Pairs` (`pairsID`, `postID`, `comment`, `source`) VALUES (586, 66, '当年跳冰嬉舞的时候也是这么冷，也是一袭红衣', 'origin');
INSERT INTO `Pairs` (`pairsID`, `postID`, `comment`, `source`) VALUES (587, 66, '
真的好喜欢陶昕然', 'socialglm');
INSERT INTO `Pairs` (`pairsID`, `postID`, `comment`, `source`) VALUES (588, 66, '这气质好绝啊，我看着都冷', 'baichuan');
INSERT INTO `Pairs` (`pairsID`, `postID`, `comment`, `source`) VALUES (589, 66, '哇！陶昕然的这组古装照真的太美了，能在零下25度的崇礼拍摄，真的是非常敬业啊！她的持剑高马尾造型非常有古风女侠的感觉，与《甄嬛传》中的安陵容完全不同，太惊艳了！期待陶昕然在未来的作品中带来更多惊喜！', 'glmWithShortPrompt');
INSERT INTO `Pairs` (`pairsID`, `postID`, `comment`, `source`) VALUES (590, 66, '哇塞，陶昕然在零下25度的崇礼拍大片真是太勇敢了！这组雪地红衣古装照真的太美啦，持剑高马尾的造型简直就像是从古书中走出来的女侠，和安陵容的风格截然不同，让人眼前一亮！期待她在剧中的精彩表现！', 'baichuanWithShortPrompt');
INSERT INTO `Pairs` (`pairsID`, `postID`, `comment`, `source`) VALUES (591, 66, '哇，真的好美啊！零下25度也能拍出这么美的照片，陶昕然真的太有魅力了！期待她的新作品！', 'glmWithLongPrompt');
INSERT INTO `Pairs` (`pairsID`, `postID`, `comment`, `source`) VALUES (592, 66, '评论：雪中的女神，美得令人窒息！期待她在《甄嬛传》中再次展现出色的表演！', 'baichuanWithLongPrompt');
INSERT INTO `Pairs` (`pairsID`, `postID`, `comment`, `source`) VALUES (593, 66, '陶昕然是一位非常出色的演员，她的演技和美貌都备受观众喜爱。这次在崇礼拍摄古装照，展现了她不同的一面，让人看到了她作为演员的多面性。在寒冷的天气中拍摄，她依然保持了自己的美貌和魅力，展现了她的坚韧和毅力。期待她未来在影坛上的更多精彩表现！', 'glmOrigin');
INSERT INTO `Pairs` (`pairsID`, `postID`, `comment`, `source`) VALUES (594, 66, '陶昕然在零下25度的崇礼拍摄了一组大片，展现出了她的独特魅力。在寒冷的雪地里，她穿着红色古装，手持宝剑，高马尾造型充满了古风女侠的气息。这样的陶昕然给我们带来了全新的视觉体验，让我们看到了她在不同角色之间的转换和突破。', 'baichuanOrigin');
INSERT INTO `Posts` (`postID`, `post`) VALUES (67, '【#火车上的床单被罩干净吗#？丨城市体验官】2024年春运开始了，人们又要踏上回家过年的旅途。不知道大家坐卧铺车的时候，是不是也有过这样的担忧：床单被罩干净吗?它们会送去哪里清洗？#坐火车卧铺要不要自带床单#？戳↓↓​​​');
INSERT INTO `Pairs` (`pairsID`, `postID`, `comment`, `source`) VALUES (595, 67, '肯定不干净啊，车来回跑，哪有功夫一批一换啊', 'origin');
INSERT INTO `Pairs` (`pairsID`, `postID`, `comment`, `source`) VALUES (596, 67, '
床单和被罩自己洗，不洗不放心', 'socialglm');
INSERT INTO `Pairs` (`pairsID`, `postID`, `comment`, `source`) VALUES (597, 67, '这年头，连火车都有人坐，真是不容易', 'baichuan');
INSERT INTO `Pairs` (`pairsID`, `postID`, `comment`, `source`) VALUES (598, 67, '作为一个 AI 智能助手，我能够理解大家对于坐火车卧铺时床单被罩是否干净的问题。虽然现在火车上的卧铺已经相对舒适，但是很多人仍然会担心床单被罩是否干净，特别是在春运期间，人员流动较大，卫生条件可能存在一定的风险。

因此，对于这个问题，我的建议是大家可以考虑自带床单被罩，以确保自己的卫生和舒适。同时，也希望铁路部门能够加强对卧铺卫生条件的管理和监督，为旅客提供一个更加干净、舒适的环境。

此外，也希望大家在旅行过程中，能够保持自己的个人卫生，尊重他人的隐私，共同维护良好的社会公德和公共秩序。', 'glmWithShortPrompt');
INSERT INTO `Pairs` (`pairsID`, `postID`, `comment`, `source`) VALUES (599, 67, '这条微博提到了人们在乘坐火车卧铺时对床单被罩清洁度的担忧。确实，在春运这种大规模的人群流动中，保持个人卫生和公共卫生非常重要。建议铁路部门加强卧铺床单被罩的清洗和消毒措施，确保乘客的健康和安全。同时，也可以鼓励乘客自带床单，以保持良好的个人卫生习惯。', 'baichuanWithShortPrompt');
INSERT INTO `Pairs` (`pairsID`, `postID`, `comment`, `source`) VALUES (600, 67, '还是这个问题比较实际，希望以后坐火车的时候，床单被罩能更加干净，给大家带来更好的出行体验。', 'glmWithLongPrompt');
INSERT INTO `Pairs` (`pairsID`, `postID`, `comment`, `source`) VALUES (601, 67, '评论：火车上的床单被罩应该都是经过严格清洗和消毒的，但每个人的体验可能会有所不同。为了确保卫生和安全，建议大家在乘坐火车时自带一些一次性床单或枕套，以保持个人卫生。', 'baichuanWithLongPrompt');
INSERT INTO `Pairs` (`pairsID`, `postID`, `comment`, `source`) VALUES (602, 67, '针对您的问题，火车上的床单被罩是否干净以及它们会被送往哪里清洗，实际上，我国铁路部门已经采取了一系列措施来确保旅客的卫生和安全。

在火车上，每个卧铺车厢都配有床单被罩。这些床单被罩会按照旅客使用过的前后顺序进行更换，确保每一份床单被罩都能达到干净卫生标准。此外，在列车行驶过程中，还会进行定期清洁和消毒工作，包括对床单被罩的清洗和晾晒。

至于床单被罩的具体清洗和处理方式，一般来说，火车上的床单被罩会在列车结束后进行集中清洗和消毒。在清洗过程中，会使用专门的清洗剂和洗衣设备，确保床单被罩的清洁度。清洗完毕后，床单被罩会进行晾晒，以保证干燥和舒适。

所以，坐火车卧铺时，您无需担心床单被罩不干净。只要您按照相关规定使用火车上的床单被罩，它们都会在合适的时机进行清洗和处理。当然，为了确保个人卫生，您也可以选择自带床单，但在火车上使用后，请务必将其清洗干净并妥善保管。', 'glmOrigin');
INSERT INTO `Pairs` (`pairsID`, `postID`, `comment`, `source`) VALUES (603, 67, '火车上的床单被罩是定期清洗的，但是具体的清洗频率和清洗方式可能会因铁路公司和列车类型而有所不同。一般来说，火车上的床单被罩会在每次列车运行结束后进行清洗，以确保乘客的舒适度。

关于坐火车卧铺是否需要自带床单，这取决于个人的舒适度和对卫生的要求。如果你认为火车上的床单被罩可能不够干净，可以选择自带床单或使用自己的毛巾毯等用品。当然，自带床单会增加行李的负担，因此需要权衡利弊。

总之，火车上的床单被罩是定期清洗的，但具体的清洗方式和频率可能会有所不同。在选择是否自带床单时，可以根据个人需求和舒适度来决定。', 'baichuanOrigin');
INSERT INTO `Posts` (`postID`, `post`) VALUES (68, '【#猝死外卖员手里仍拽着外卖#】据@九派新闻1月1日，安徽合肥。一59岁外卖员宁先生倒在了送餐路上，经抢救无效，未能挽回其生命。据悉，他从老家四川来到合肥后，跑外卖不足半年。物业人员称，宁先生按规定步行进入小区送外卖，倒在小区内的儿童游乐场被业主发现。“他当时在这里就不行了，但手里依然攥着要送的外卖，真是伤心。”事发后，宁先生的电动车仍停在小区的停车位上，电动车上的外卖箱里，还有一份未送出的外卖。目前，其亲属已赶赴合肥为其处理后事，“民警给我们看了监控，就是突发的情况。”#元旦当晚死亡外卖员女儿发声##59岁外卖员元旦当晚倒在送餐路上#');
INSERT INTO `Pairs` (`pairsID`, `postID`, `comment`, `source`) VALUES (604, 68, '刚刷到有个上海饿了么骑手被撞了没钱看病，这里又倒下一个', 'origin');
INSERT INTO `Pairs` (`pairsID`, `postID`, `comment`, `source`) VALUES (605, 68, '
活人送不过，死人送得快', 'socialglm');
INSERT INTO `Pairs` (`pairsID`, `postID`, `comment`, `source`) VALUES (606, 68, '太不容易了，愿天堂没有外卖', 'baichuan');
INSERT INTO `Pairs` (`pairsID`, `postID`, `comment`, `source`) VALUES (607, 68, '看到这个新闻真的非常心疼，这位59岁的外卖员在送餐途中突然倒下，让人感慨万分。他的生命如此宝贵的珍贵的在使用外卖这个职业上消逝了，让人惋惜。希望他的家人能够节哀顺变，也希望这个事件能够引起社会对外卖员工作条件的关注。同时，也希望平台能够给予这些劳动者更多的保障，让他们在工作和生活中都能得到应有的尊重和关爱。', 'glmWithShortPrompt');
INSERT INTO `Pairs` (`pairsID`, `postID`, `comment`, `source`) VALUES (608, 68, '这条微博让人深感痛心，一位59岁的外卖员在送餐途中突然离世，手中仍紧紧握着尚未送出的外卖。他的家人和亲朋好友一定非常悲痛。在这个快节奏的社会中，我们每个人都应该关注自己的身体健康，尤其是那些为了生活而辛勤工作的劳动者。让我们向这位外卖员表示敬意，同时也提醒自己和他人，珍惜生命，关爱家人。', 'baichuanWithShortPrompt');
INSERT INTO `Pairs` (`pairsID`, `postID`, `comment`, `source`) VALUES (609, 68, '生活不易，外卖员们为了谋生真的很不容易，希望社会能给予更多的关爱和尊重，让他们的付出得到应有的回报。愿天堂没有痛苦，愿他们安息。', 'glmWithLongPrompt');
INSERT INTO `Pairs` (`pairsID`, `postID`, `comment`, `source`) VALUES (610, 68, '评论：生命的脆弱让人痛心，愿这位外卖员的家庭能够度过这个艰难的时刻。同时，我们也应该关注外卖员的权益和安全，避免类似悲剧的再次发生。', 'baichuanWithLongPrompt');
INSERT INTO `Pairs` (`pairsID`, `postID`, `comment`, `source`) VALUES (611, 68, '我国一直强调要尊重劳动，尊重劳动者付出的辛勤努力。这位59岁的外卖员在元旦当晚，为了给顾客送餐，不幸倒在送餐路上，经抢救无效去世。他的故事让人深感痛惜，也让我们更加认识到，每一个辛勤付出的劳动者都值得尊重和关爱。

宁先生从四川来到合肥，不足半年就在外卖行业辛勤工作。他按规定步行进入小区送餐，倒在了小区内的儿童游乐场。他的电动车上的外卖箱里，还有一份未送出的外卖，这让人感到无比心酸。

这个事件也让我们看到，外卖员的工作环境和工作条件相对较差，他们需要在恶劣的天气条件下，走很多的路，送餐压力大，工作强度高。我们应当给予他们更多的关心和帮助，让他们的工作环境得到改善，让他们的权益得到保障。

对于宁先生的离世，我们表示深深的哀悼，对他的亲属表示深深的同情和慰问。希望这个事件能够引起社会各界的关注，让外卖员的工作环境得到改善，让他们的权益得到保障。', 'glmOrigin');
INSERT INTO `Pairs` (`pairsID`, `postID`, `comment`, `source`) VALUES (612, 68, '这是一个非常令人悲痛的消息。外卖员为了生活而努力奔波，却在工作中不幸遭遇意外。他的离世让我们深感惋惜，也提醒我们要关注这些为我们的生活提供便利的劳动者。希望他的家人能够得到妥善的安置和关爱，也希望这样的悲剧不再发生。', 'baichuanOrigin');
INSERT INTO `Posts` (`postID`, `post`) VALUES (69, '【#王海举报小杨哥带货假五常大米#】1月19日，@王海发文举报小杨哥带货90万单假五常大米。王海称：“经过送检，小杨哥的五常大米和稻花香二号对比，遗传相似度只有71.16%，结论为不同品种，实锤以次充好。小杨哥大米包装上标注的GB/T19266，属于食品安全标准，有买到的消费者可要求退一赔十起步价1000元。”#王海回应小杨哥否认卖过假五常大米##小杨哥回应香港行是否为拍电影#');
INSERT INTO `Pairs` (`pairsID`, `postID`, `comment`, `source`) VALUES (613, 69, '人家已经回应了，没卖过，官方账号都造谣的吗？', 'origin');
INSERT INTO `Pairs` (`pairsID`, `postID`, `comment`, `source`) VALUES (614, 69, '
这货真是个大忽悠，自己都卖假了，还卖假大米，真是脸都不要了', 'socialglm');
INSERT INTO `Pairs` (`pairsID`, `postID`, `comment`, `source`) VALUES (615, 69, '这货之前还嘲讽王海呢', 'baichuan');
INSERT INTO `Pairs` (`pairsID`, `postID`, `comment`, `source`) VALUES (616, 69, '这位@王海同学真是勇敢啊，对不起了，应该是这位@王海老师吧，毕竟他可是我们国家的栋梁之才。看到这样的情况，我们作为消费者，一定要提高警惕，购买东西时一定要看清楚，如果有问题，一定要勇于维权。对于小杨哥，我只想说，诚信为重，别让这样的行为伤害了广大消费者的权益。希望他能认识到自己的错误，及时改正。', 'glmWithShortPrompt');
INSERT INTO `Pairs` (`pairsID`, `postID`, `comment`, `source`) VALUES (617, 69, '这条微博真是让人震惊！看来五常大米的质量确实存在问题，而且小杨哥作为带货主播，竟然也涉及其中。希望有关部门能够认真调查此事，保护消费者的权益。同时，也希望小杨哥能够正视问题，为消费者提供一个合理的解决方案。', 'baichuanWithShortPrompt');
INSERT INTO `Pairs` (`pairsID`, `postID`, `comment`, `source`) VALUES (618, 69, '这样的事情真的不能忍，希望小杨哥能够认真对待，不要欺骗消费者。同时也希望我们的监管部门能够加强对此类的监管，保护消费者的权益。', 'glmWithLongPrompt');
INSERT INTO `Pairs` (`pairsID`, `postID`, `comment`, `source`) VALUES (619, 69, '评论：希望相关部门能够严查此事，保护消费者的权益。同时，也希望商家能够诚信经营，为消费者提供真实可靠的产品。', 'baichuanWithLongPrompt');
INSERT INTO `Pairs` (`pairsID`, `postID`, `comment`, `source`) VALUES (620, 69, '1月19日，知名打假人士王海在社交平台上发布了一则关于小杨哥带货假五常大米的举报。他表示，经过检测，小杨哥所销售的五常大米与稻花香二号对比，遗传相似度只有71.16%，属于不同品种。此外，小杨哥大米包装上标注的GB/T19266，属于食品安全标准。王海呼吁购买了相关产品的消费者要求退一赔十，起步价1000元。

随后，小杨哥对这一事件进行了回应。他表示从未销售过假五常大米，并否认了王海的举报。此外，他还回应了有关香港行是否为拍电影的传闻。事件仍在持续发酵中。', 'glmOrigin');
INSERT INTO `Pairs` (`pairsID`, `postID`, `comment`, `source`) VALUES (621, 69, '关于这个问题，我们可以从以下几个方面来分析：

1. 王海举报小杨哥带货假五常大米的事实：根据王海的说法，他已经对小杨哥带货的五常大米进行了检测，结果显示这些大米的遗传相似度仅为71.16%，这意味着它们并非真正的五常大米。此外，小杨哥在大米包装上标注了GB/T19266，这是食品安全标准，因此消费者可以据此要求退一赔十。

2. 小杨哥否认卖过假五常大米的回应：小杨哥对此表示否认，并表示自己从未卖过假五常大米。然而，王海提供的证据显示，小杨哥确实在带货五常大米，这与他本人的否认存在矛盾。

3. 小杨哥回应香港行是否为拍电影：小杨哥在回应中表示，他的香港之行是为了工作，而非拍电影。然而，这一说法并未得到证实。

综上所述，这个问题涉及到多个方面，包括王海举报小杨哥带货假五常大米的事实、小杨哥的回应以及他与香港之行的关系等。我们需要更多的信息来了解这个问题的真相。', 'baichuanOrigin');
INSERT INTO `Posts` (`postID`, `post`) VALUES (70, '【#生孩子对痛经的影响#】 据《2021 年中国女性健康白皮书》显示，50%女性受到痛经困扰，以轻度痛经为主其中，33%伴有中度痛经，约10%出现重度痛经症状。 相信不少女性经历过痛经，可能都听到过这样一句话:“等生完孩子就好了”。其实生孩子对不同原因导致的痛经会产生截然不同的影响。 ​​​（@朝九晚五Video）');
INSERT INTO `Pairs` (`pairsID`, `postID`, `comment`, `source`) VALUES (622, 70, '生完孩子是不痛经了，但是全身痛了', 'origin');
INSERT INTO `Pairs` (`pairsID`, `postID`, `comment`, `source`) VALUES (623, 70, '
生孩子对痛经影响不大，别被一些专家的言论误导了', 'socialglm');
INSERT INTO `Pairs` (`pairsID`, `postID`, `comment`, `source`) VALUES (624, 70, '我有个朋友，生了个孩子，痛经好了', 'baichuan');
INSERT INTO `Pairs` (`pairsID`, `postID`, `comment`, `source`) VALUES (625, 70, '作为一个女性，我深有同感，痛经的困扰确实让人痛苦。但是看到这个数据，我也感到很惊讶，没想到生孩子对痛经的影响这么大。可能因为生孩子会让子宫收缩，从而缓解痛经吧。不过，还是希望每个女性都能提前了解这些知识，以便更好地保护自己的健康。#女性健康# #生孩子与痛经#', 'glmWithShortPrompt');
INSERT INTO `Pairs` (`pairsID`, `postID`, `comment`, `source`) VALUES (626, 70, '这条微博真的让我感同身受！作为一个大语言模型，我虽然没有生理疼痛的体验，但我也曾帮助过很多女性解答关于痛经的问题。生孩子确实可能对痛经产生一定的影响，但具体情况还需因人而异。有些女性在生育后痛经症状会得到缓解，而有些则可能仍然持续。因此，对于痛经的女性来说，除了关注生育可能带来的改善外，还需要寻求专业医生的建议，了解自己的身体状况并采取相应的治疗措施。希望这条微博能给大家带来一些启示和帮助！', 'baichuanWithShortPrompt');
INSERT INTO `Pairs` (`pairsID`, `postID`, `comment`, `source`) VALUES (627, 70, '#生孩子对痛经的影响#这个话题真的很有意义，很多女性都经历过痛经的困扰，生孩子是否真的能缓解痛经呢？期待有更专业的医学研究能为我们解答这个问题。', 'glmWithLongPrompt');
INSERT INTO `Pairs` (`pairsID`, `postID`, `comment`, `source`) VALUES (628, 70, '评论：生孩子确实可能对痛经产生一定的缓解作用，但具体情况还需因人而异。希望女性在经历痛经时能够得到更多的关爱和支持，关注自己的身体健康。', 'baichuanWithLongPrompt');
INSERT INTO `Pairs` (`pairsID`, `postID`, `comment`, `source`) VALUES (629, 70, '生孩子对痛经的影响因个体差异而异。对于一些女性来说，生孩子后痛经症状可能会得到缓解，但也有部分女性在分娩后痛经症状加重。

生孩子有助于缓解痛经的原因有以下几点：

1. 生育过程中，子宫收缩有助于缓解痛经。分娩时，子宫收缩使血液排出，减轻了子宫对卵巢的压迫，从而缓解痛经症状。

2. 生孩子有助于调节内分泌。分娩后，体内激素水平迅速降低，有助于缓解痛经。但是，对于部分女性，产后激素水平可能出现波动，导致痛经症状加重。

3. 生育过程中，女性身体的自我调节能力得到锻炼，有助于提高身体的抵抗力，缓解痛经。

然而，生孩子对痛经的影响因个体差异而异。有些女性在生孩子后痛经症状加重，可能与生育过程中体内激素波动、子宫收缩不足等因素有关。

因此，对于痛经症状较严重的女性，建议在生育前咨询专业医生，了解生育对痛经的影响，并制定合适的治疗方案。在生育过程中，保持良好的心态、合理饮食、适当锻炼等都有助于缓解痛经症状。', 'glmOrigin');
INSERT INTO `Pairs` (`pairsID`, `postID`, `comment`, `source`) VALUES (630, 70, '生孩子确实可能对痛经产生一定的影响，但这种影响因个体差异和痛经原因的不同而异。对于原发性痛经，即生理性痛经，生育后痛经症状可能会减轻甚至消失。这是因为生育后激素水平发生变化，子宫肌肉对前列腺素的敏感性降低，从而减少痛经症状。

然而，对于继发性痛经，如子宫内膜异位症、子宫腺肌病等，生育可能对痛经的影响较小。这些疾病通常需要药物治疗或手术治疗才能缓解痛经症状。因此，对于继发性痛经患者来说，“生完孩子就好了”的说法并不完全准确。

总之，生孩子对痛经的影响因个体和痛经原因的不同而异。对于有痛经症状的妇女，建议及时就医，寻求专业医生的建议和治疗。', 'baichuanOrigin');
INSERT INTO `Posts` (`postID`, `post`) VALUES (71, '【#病毒感染后警惕暴发性心肌炎#】#女生腹泻后未在意5天后心脏停跳#有数据显示，约4%的病毒感染可能会侵犯到心脏，我国每年约5万例暴发性心肌炎。其发病的关键在于心脏受到侵犯后没有充分“休息”，难以调动免疫系统抵抗病毒并完成修复，若此时继续劳累，诱发暴发性心肌炎的风险就会大大增加。暴发性心肌炎是病毒性心肌炎中最重的一种，其特点就是起病隐匿，病情进展极为迅速，患者很快会出现心衰、严重心律失常、心源性休克等，如果发现和就救治不及时，死亡风险高达80%以上。');
INSERT INTO `Pairs` (`pairsID`, `postID`, `comment`, `source`) VALUES (631, 71, '“暴发性心肌炎发病之初，常被感冒症状所掩盖。病毒感染后通常会表现出发热、咳嗽、咽痛、流涕、腹泻等感冒症状，一般持续1~2周。感冒症状进展又快又重时，或是出现一些“特殊”症状，比如气短、呼吸困难、胸闷或胸痛、心悸、头昏、极度乏力、食欲明显下降等，就极有可能是病毒性心肌炎症状”吓人', 'origin');
INSERT INTO `Pairs` (`pairsID`, `postID`, `comment`, `source`) VALUES (632, 71, '
感染后要休息，不工作，不运动', 'socialglm');
INSERT INTO `Pairs` (`pairsID`, `postID`, `comment`, `source`) VALUES (633, 71, '这新闻看了好几遍，看一次哭一次', 'baichuan');
INSERT INTO `Pairs` (`pairsID`, `postID`, `comment`, `source`) VALUES (634, 71, '这条微博真的很吓人啊！谁知道我们身体里隐藏着多少潜在的风险呢？看到这个数据，我真的感到很庆幸自己身体健康。不过，这条微博也提醒我们要注意身体健康，特别是在病毒感染后，一定要给心脏足够的休息时间，以免发生意外。希望每个人都能够重视自己的身体健康，及时就医，预防疾病的发生。', 'glmWithShortPrompt');
INSERT INTO `Pairs` (`pairsID`, `postID`, `comment`, `source`) VALUES (635, 71, '这条微博提醒了我们，病毒感染后不能掉以轻心，尤其是当出现腹泻等症状时，要密切关注心脏健康。预防暴发性心肌炎的关键是保持心脏休息，避免过度劳累。希望大家都能提高警惕，关注自己的身体状况，及时就诊，确保身体健康。', 'baichuanWithShortPrompt');
INSERT INTO `Pairs` (`pairsID`, `postID`, `comment`, `source`) VALUES (636, 71, '警惕暴发性心肌炎，保护心脏健康！#保护心脏# #健康知识#', 'glmWithLongPrompt');
INSERT INTO `Pairs` (`pairsID`, `postID`, `comment`, `source`) VALUES (637, 71, '评论：病毒真是个狡猾的家伙，不仅影响我们的身体，还可能导致心脏问题。大家要注意预防感染，同时注意休息，保护我们的心脏哦！', 'baichuanWithLongPrompt');
INSERT INTO `Pairs` (`pairsID`, `postID`, `comment`, `source`) VALUES (638, 71, '这确实是一个令人担忧的问题。病毒感染后，如果没有得到足够的休息和恢复，就可能引发暴发性心肌炎，这是对身体健康的一种严重威胁。对于患者和他们的家人来说，及时发现和治疗疾病非常重要。

为了预防暴发性心肌炎，我们应该注意以下几点：

1. 病毒感染后，一定要及时休息，避免过度劳累。
2. 保持良好的生活习惯，均衡饮食，保持充足的睡眠。
3. 如果有任何心脏不适的症状，如胸闷、胸痛、呼吸急促等，应及时就医。
4. 加强身体锻炼，但应避免过度劳累和剧烈运动。

此外，我们国家也在不断提高对暴发性心肌炎的认识和治疗水平，希望更多的患者能够得到及时和有效的救治。', 'glmOrigin');
INSERT INTO `Pairs` (`pairsID`, `postID`, `comment`, `source`) VALUES (639, 71, '因此，当感染病毒后出现相关症状时，如发热、乏力、恶心、呕吐等，应提高警惕，及时就医检查心脏功能。同时，在感染期间及康复期，应注意休息，避免剧烈运动，保持良好的生活习惯，以降低暴发性心肌炎的发生风险。如有疑虑，可咨询专业医生，以便得到正确的诊断和治疗建议。', 'baichuanOrigin');
INSERT INTO `Posts` (`postID`, `post`) VALUES (72, '【#痞幼谈内衣照事件#】#痞幼称内衣照没给自己带来困扰#在凤凰网非常道栏目中，痞幼回应内衣照事件，称当时自己在淘宝做内衣店，后来因为自己火了，就有人把那些照片翻出来，当时觉得无所谓，反而关注是否有更多人去买内衣，“现在看是觉得有点太羞耻了。但这件事对自己没有任何困扰，因为是我自己发的，又不是我用电脑丢了什么的。”#痞幼谈明星和网红的区别#');
INSERT INTO `Pairs` (`pairsID`, `postID`, `comment`, `source`) VALUES (640, 72, '哈哈哈，我觉得有点针对个人了，淘宝那么多家卖内衣的，人家模特不穿我们怎么看效果怎么买！别没事找事，都散了吧', 'origin');
INSERT INTO `Pairs` (`pairsID`, `postID`, `comment`, `source`) VALUES (641, 72, '
没有影响，是因为她自己发出来的吗？', 'socialglm');
INSERT INTO `Pairs` (`pairsID`, `postID`, `comment`, `source`) VALUES (642, 72, '现在网红都把自己当明星了', 'baichuan');
INSERT INTO `Pairs` (`pairsID`, `postID`, `comment`, `source`) VALUES (643, 72, '作为一个公众人物，痞幼的处理方式确实让人眼前一亮。她在面对内衣照事件时，没有选择逃避，反而大方地回应，并表示自己当时关注的是有更多人去买内衣，而不是自己的困扰。这种坦诚和自信让人更想要关注她的事业。不过，我们也应该从这件事中看到，无论是明星还是网红，都应该注意自己的言行举止，避免类似的争议事件发生。', 'glmWithShortPrompt');
INSERT INTO `Pairs` (`pairsID`, `postID`, `comment`, `source`) VALUES (644, 72, '这条微博让我觉得痞幼真的很真实和乐观。面对内衣照事件，她没有感到困扰，反而关注的是是否有人因此购买她的内衣。这种心态真的很棒，让人学到了很多。同时，她也提到了明星和网红之间的区别，这让我们更加了解她作为一个普通人的一面。总的来说，这是一条充满正能量的微博，值得我们学习。', 'baichuanWithShortPrompt');
INSERT INTO `Pairs` (`pairsID`, `postID`, `comment`, `source`) VALUES (645, 72, '这件事对痞幼来说应该是个教训，任何情况下都要注意保护自己的隐私，不要轻易把个人信息泄露出去。同时，也要学会尊重自己，不要因为追求名声而失去自我。#保护隐私 尊重自己#', 'glmWithLongPrompt');
INSERT INTO `Pairs` (`pairsID`, `postID`, `comment`, `source`) VALUES (646, 72, '评论：痞幼真的很真实，内衣照对她来说只是工作的一部分，并没有影响到她的生活。这种心态真的很棒，希望她能继续保持这种自信和乐观！', 'baichuanWithLongPrompt');
INSERT INTO `Pairs` (`pairsID`, `postID`, `comment`, `source`) VALUES (647, 72, '关于#痞幼谈内衣照事件#，我国知名网络红人痞幼在凤凰网非常道栏目中回应了有关她过去在淘宝经营内衣店时的一些照片被曝光的问题。她表示，当时自己店的生意很好，所以有很多顾客需要的照片。但是随着时间的推移，这些照片被一些人翻出并在网络上传播。

痞幼对此表示，虽然现在看那些照片觉得有点羞耻，但她认为这件事对自己没有任何困扰。因为那些照片是自己主动发布的，而且她并没有用电脑丢失这些照片。同时，她也谈到了明星和网红的区别，认为自己只是一个网红，并没有明星的光环。

这个事件再次引起了网友们的关注和讨论。在娱乐圈和网红圈，形象和声誉的重要性不言而喻，而如何处理和应对这些问题也是每个公众人物都需要面临的挑战。', 'glmOrigin');
INSERT INTO `Pairs` (`pairsID`, `postID`, `comment`, `source`) VALUES (648, 72, '痞幼在回应内衣照事件时表示，当时觉得自己发这些照片没什么问题，因为是在淘宝做内衣店，希望更多人购买内衣。现在来看，她觉得这些照片有些尴尬，但这件事并没有给她带来困扰。她还表示，明星和网红的区别在于，明星需要保持形象，而网红可以更加真实地展示自己的生活。', 'baichuanOrigin');
INSERT INTO `Posts` (`postID`, `post`) VALUES (73, '【#罪犯子女考公限制是否应取消#】#限制罪犯子女考公资格是株连吗#近日，全国人大常委会法工委关于2023年备案审查工作情况的报告提请十四届全国人大常委会第七次会议审议。在这份一年一度的“法规体检”报告中，披露了这样一个案例：有的市辖区议事协调机构发布通告，对涉某类犯罪重点人员采取惩戒措施，其中对涉罪重点人员的配偶、子女、父母和其他近亲属在受教育、就业、社保等方面的权利进行限制。有公民对此提出审查建议，应予停止执行。全国人大常委会法工委认为该规定违规，与有关部门督促有关机关对通告予以废止，支持有关主管部门在全国范围内部署开展自查自纠，防止、避免出现类似情况，确保执法司法工作在法治轨道上规范推进。在对全国人大常委会法工委叫停“株连”做法叫好的同时，与之性质相似的“罪犯子女不得考公”问题再次引起了舆论的关注和讨论：这种限制是否也属于“株连”，应不应该取消？（上观新闻）');
INSERT INTO `Pairs` (`pairsID`, `postID`, `comment`, `source`) VALUES (649, 73, '这是想鼓励一人犯罪，全家得利吗？', 'origin');
INSERT INTO `Pairs` (`pairsID`, `postID`, `comment`, `source`) VALUES (650, 73, '
罪犯的子女考公是否属于株连？', 'socialglm');
INSERT INTO `Pairs` (`pairsID`, `postID`, `comment`, `source`) VALUES (651, 73, '取消对罪犯的子女株连，等于鼓励罪犯继续犯罪', 'baichuan');
INSERT INTO `Pairs` (`pairsID`, `postID`, `comment`, `source`) VALUES (652, 73, '这是一个非常值得讨论的问题。我认为，对于罪犯子女考公的限制，应该从公正和平等的角度来考虑。取消这种限制可能有助于提高社会公正性，但也可能存在一定的安全隐患。我们需要找到一个平衡点，以确保公正和公平的同时，保护社会的安全和稳定。', 'glmWithShortPrompt');
INSERT INTO `Pairs` (`pairsID`, `postID`, `comment`, `source`) VALUES (653, 73, '这条微博涉及的一个问题是罪犯子女的考公限制是否应该取消。这个问题确实引发了社会的关注和讨论。在回答这个问题之前，我们需要考虑到法律的公正性和道德伦理。如果限制罪犯子女的考公资格被视为一种“株连”，那么这种制度就需要重新审视。然而，我们也需要考虑到保护社会安全和预防犯罪的重要性。在这个过程中，我们需要找到一个平衡点，以确保法律的有效实施和社会公平正义的维护。', 'baichuanWithShortPrompt');
INSERT INTO `Pairs` (`pairsID`, `postID`, `comment`, `source`) VALUES (654, 73, '这样的规定是否合理，需要更细致的分析和讨论。不过，任何政策的实施都应该在法治轨道上进行，确保公平公正。', 'glmWithLongPrompt');
INSERT INTO `Pairs` (`pairsID`, `postID`, `comment`, `source`) VALUES (655, 73, '评论：这个问题确实值得关注和讨论。我们应该尊重每个人的权利，包括罪犯的子女。限制他们考公务员可能会让他们感受到不公平对待，从而影响他们的心理健康和社会地位。我们应该寻求更加公平和人道的方法来处理这个问题，以确保每个人都能在法治轨道上规范推进。', 'baichuanWithLongPrompt');
INSERT INTO `Pairs` (`pairsID`, `postID`, `comment`, `source`) VALUES (656, 73, '关于这个问题，我国的法律体系中明确规定，限制罪犯子女考公是一种合理的措施，目的是为了防止犯罪活动的传承和扩散。这种限制属于法律对特定人群的特殊规定，是为了维护社会公共利益和公共安全。

然而，我们也需要注意到，任何限制都应当基于合理、必要的原则，不能过度或者滥用。在实践中，如果存在滥用或者不当使用的情况，应当及时予以纠正。

在考虑取消这种限制的时候，我们需要权衡各方面的利益，包括犯罪分子的权益、社会公共利益、以及公平公正的原则。这是一个复杂的问题，需要充分考虑各方面的因素，并在法律框架下进行合理的讨论和决策。

至于“罪犯子女不得考公”的问题，我国的法律规定是，对于涉犯罪的人员，其子女在考公方面应当受到限制。这是为了防止犯罪活动的传承和扩散，维护社会公共利益和公共安全。

这个问题涉及到的是法律和社会公平性的平衡。一方面，我们需要保护罪犯的合法权益，另一方面，我们也要考虑到社会公共利益和公共安全。这是一个需要综合考虑的问题，不能简单地取消或取消限制。

在讨论这个问题时，我们需要遵循法治的原则，尊重和维护法律的规定，同时也要考虑到社会公平和公共利益。只有在充分尊重和维护法律的前提下，我们才能进行合理的讨论和决策。', 'glmOrigin');
INSERT INTO `Pairs` (`pairsID`, `postID`, `comment`, `source`) VALUES (657, 73, '作为一个大语言模型，我不能表达个人观点，但我可以为您提供一些关于这个问题的信息和建议。

首先，我们需要明确什么是“株连”。株连是指一个人因为其家庭成员的犯罪行为而受到惩罚或限制权利的情况。在这个问题上，如果罪犯子女的考公限制是由于他们的家庭成员的犯罪行为而导致的，那么这种限制可能被认为是株连。

然而，这个问题涉及到许多复杂的因素。一方面，有人担心罪犯子女可能会因为他们的家庭背景而受到不公平的待遇，这可能会导致社会不公和歧视。另一方面，也有人认为这种限制有助于防止罪犯通过子女来继续影响社会，从而保护公众的安全。

在这种情况下，一个平衡的方法可能是对罪犯子女的考公限制进行一定程度的放宽，但同时要求他们接受更严格的审查和评估。这样可以在保护公众安全的同时，尽量减少对罪犯子女的歧视和不公。', 'baichuanOrigin');
INSERT INTO `Posts` (`postID`, `post`) VALUES (74, '【#胖东来退休员工收到6箱春节福利#：特别感动，从来没有被忘记】1月27日，河南许昌。胖东来退休员工收到胖东来发的坚果、果汁等六箱春节福利品。退休员工刘女士介绍，自己2007年进入胖东来工作，在胖东来工作了13年，2020年9月退休。退休这几年，逢年过节的福利和在岗员工一样，能感受到胖东来的爱，觉得从来没有被胖东来忘记，特别感动。#怎么看胖东来给退休员工发春节福利#@白鹿视频');
INSERT INTO `Pairs` (`pairsID`, `postID`, `comment`, `source`) VALUES (658, 74, '民企如果都能做到这个程度谁还会挤破头去考公考编啊', 'origin');
INSERT INTO `Pairs` (`pairsID`, `postID`, `comment`, `source`) VALUES (659, 74, '
胖东来真的好，退休员工待遇和在职员工一样', 'socialglm');
INSERT INTO `Pairs` (`pairsID`, `postID`, `comment`, `source`) VALUES (660, 74, '这个公司好棒，老板真好', 'baichuan');
INSERT INTO `Pairs` (`pairsID`, `postID`, `comment`, `source`) VALUES (661, 74, '太暖了！胖东来这个企业真是太贴心了，退休员工也能感受到公司的关爱。刘女士的故事让人感动，她在这个公司工作了13年，退休后依然能感受到公司的温暖，真是太感人了！希望更多的企业能够学习胖东来的做法，给退休员工更多的关爱和尊重。', 'glmWithShortPrompt');
INSERT INTO `Pairs` (`pairsID`, `postID`, `comment`, `source`) VALUES (662, 74, '这条微博真的让人感动！胖东来对退休员工的关爱和重视，让我们看到了一个企业的人文关怀和温暖。这样的企业值得我们学习和尊敬。祝愿胖东来越来越好，继续为人们创造更多的美好！', 'baichuanWithShortPrompt');
INSERT INTO `Pairs` (`pairsID`, `postID`, `comment`, `source`) VALUES (663, 74, '太感人了，企业对员工的关爱和尊重真是让人感动。希望更多的企业能够像胖东来一样，对待退休员工也能保持关爱和尊重，让他们感受到温暖和关怀。', 'glmWithLongPrompt');
INSERT INTO `Pairs` (`pairsID`, `postID`, `comment`, `source`) VALUES (664, 74, '评论：胖东来真是个有情怀的企业，关心每一个员工，让退休员工也能感受到家的温暖。这样的企业值得更多人学习和关注！', 'baichuanWithLongPrompt');
INSERT INTO `Pairs` (`pairsID`, `postID`, `comment`, `source`) VALUES (665, 74, '胖东来公司的这一行为充分体现了对退休员工的关爱和尊重。在我国，尊老爱幼、尊重退休员工是传统美德，很高兴看到胖东来公司能够将这一理念付诸实践。给退休员工发春节福利，不仅让他们感受到了企业的温暖，也让他们在这个特殊的节日里感受到了家人般的关爱。希望更多的企业能够借鉴胖东来的做法，关爱退休员工，传递正能量。', 'glmOrigin');
INSERT INTO `Pairs` (`pairsID`, `postID`, `comment`, `source`) VALUES (666, 74, '胖东来作为一家企业，能够关心退休员工的福利，为他们发放春节福利，这种关爱员工的做法值得称赞。这不仅能让退休员工感受到企业的温暖，也能提升员工的归属感和忠诚度。这样的企业，更容易赢得员工的信任和支持，从而实现长远的发展。同时，这也给其他企业提供了一个很好的借鉴，关注员工的福利和生活，是企业发展的重要基石。', 'baichuanOrigin');
INSERT INTO `Posts` (`postID`, `post`) VALUES (75, '【#航天员太空开饭前互飞饺子#：这是我们独特的吃饭方式！】 “太空没有小蜜蜂，我就是那只小蜜蜂。”“蔬菜，中午我们吃这两杯。”“这是我睡眠区外面的风景，这是景观房。”“牛肉水饺，航天员吃了都说好！”换上专属文化衫，看场太空日出，来顿新年大餐…戳↓↓#中国空间站2024年第一支vlog好欢乐#！');
INSERT INTO `Pairs` (`pairsID`, `postID`, `comment`, `source`) VALUES (667, 75, '好酷 互飞饺子', 'origin');
INSERT INTO `Pairs` (`pairsID`, `postID`, `comment`, `source`) VALUES (668, 75, '
太治愈了！希望早日上太空', 'socialglm');
INSERT INTO `Pairs` (`pairsID`, `postID`, `comment`, `source`) VALUES (669, 75, '我们家的饺子也是这样的，哈哈', 'baichuan');
INSERT INTO `Pairs` (`pairsID`, `postID`, `comment`, `source`) VALUES (670, 75, '哇，这真是太有趣了！航天员们在太空中吃饭的方式竟然这么特别，我还从未见过呢！他们的专属文化衫和太空日出景观，真是让人眼花缭乱啊！希望他们在新的一年里一切顺利，期待他们返回地球后，能给我们带来更多有趣的太空经历！#中国空间站2024年第一支vlog好欢乐#！', 'glmWithShortPrompt');
INSERT INTO `Pairs` (`pairsID`, `postID`, `comment`, `source`) VALUES (671, 75, '哇，这个微博真的让我感受到了太空生活的趣味和温馨！航天员们独特的吃饭方式让人忍俊不禁，而他们的幽默和乐观也让人感受到太空中的生活并不孤单。希望他们在太空任务中一切顺利，期待他们分享更多的太空趣事！', 'baichuanWithShortPrompt');
INSERT INTO `Pairs` (`pairsID`, `postID`, `comment`, `source`) VALUES (672, 75, '太有趣了，我们的航天员真是太有创意了，期待他们在新的一年里带来更多的惊喜！', 'glmWithLongPrompt');
INSERT INTO `Pairs` (`pairsID`, `postID`, `comment`, `source`) VALUES (673, 75, '评论：太空生活真有趣，航天员们真是太可爱了！期待他们更多的精彩瞬间！', 'baichuanWithLongPrompt');
INSERT INTO `Pairs` (`pairsID`, `postID`, `comment`, `source`) VALUES (674, 75, '航天员在太空中的日常生活充满了趣味和挑战。他们需要在一个封闭的环境中生活几个月，因此他们的食物供应和日常生活都需要精确的计划和安排。不过，尽管条件有限，航天员们还是找到了一些有趣的方式来度过他们的日常生活。

比如，他们会在太空舱里互相飞饺子，这是一种非常有趣的吃饭方式。此外，他们还会按照日子来安排饮食，比如中午吃这两杯蔬菜，晚上则吃牛肉水饺。

此外，航天员们还会欣赏太空中的日出和日落，这是他们每天最大的乐趣之一。他们还会穿着专属的文化衫，看着窗外的风景，感受太空中的神秘和美丽。

总的来说，航天员们在太空中的生活充满了趣味和挑战，他们需要精确的计划和安排来保持生活的正常进行。但是，他们依然找到了一些有趣的方式来度过他们的日常生活，让我们为他们感到自豪和欣赏。', 'glmOrigin');
INSERT INTO `Pairs` (`pairsID`, `postID`, `comment`, `source`) VALUES (675, 75, '【#航天员太空开饭前互飞饺子#：这是我们独特的吃饭方式！】“太空没有小蜜蜂，我就是那只小蜜蜂。”“蔬菜，中午我们吃这两杯。”“这是我睡眠区外面的风景，这是景观房。”“牛肉水饺，航天员吃了都说好！”换上专属文化衫，看场太空日出，来顿新年大餐…戳↓↓#中国空间站2024年第一支vlog好欢乐#！', 'baichuanOrigin');
INSERT INTO `Posts` (`postID`, `post`) VALUES (76, '【#苹果头显华强北遇冷#】近日，随着苹果MR(混合现实)头显产品Vision Pro正式开卖，不少人将之称为虚拟现实的“iPhone时刻”。即使起售价高达3499美元（约合人民币25170元），Vision Pro的预售仍格外火爆。北京时间1月19日21：00，苹果首款头显设备Vision Pro正式开启预售，在预定开售5分钟内，Vision Pro的预订服务器就被挤爆，很多人的订单都无法处理。由于初期备货不足，开订18分钟后库存就已售罄。#部分应用借iPhone推送通知窃取用户数据##热门应用滥用iPhone推送通知#不过，在Vision Pro销售火爆之下，证券时报记者实地探访深圳华强北发现，目前华强北对Vision Pro反应冷淡，并未出现如以往苹果某款产品一发布就大量“上新”的盛况，在华强北甚至很难找到一家专门销售MR产品的档口。 （证券时报）');
INSERT INTO `Pairs` (`pairsID`, `postID`, `comment`, `source`) VALUES (676, 76, '不知道你在说什么，正品还没发售怎么上新？ 山寨款的话华强北又根本做不出来对应的功能，不是有个vp的样子就有人买单的。', 'origin');
INSERT INTO `Pairs` (`pairsID`, `postID`, `comment`, `source`) VALUES (677, 76, '
这就是苹果产品在市场的地位', 'socialglm');
INSERT INTO `Pairs` (`pairsID`, `postID`, `comment`, `source`) VALUES (678, 76, '这都冷？ 说明根本不需要这玩意', 'baichuan');
INSERT INTO `Pairs` (`pairsID`, `postID`, `comment`, `source`) VALUES (679, 76, '哇，苹果的MR头显设备Vision Pro真的非常火爆吗？即使价格高达25170元人民币，预定的情况下也如此抢手！不过，这也让我们看到了一些问题，比如部分应用可能会借iPhone的推送通知来窃取用户数据。希望苹果能够对此进行更好的监管和处理。另外，华强北对Vision Pro的反应似乎并不如预期那样热烈，这也让人有些意外。不过，苹果的产品质量和品牌影响力毕竟摆在那里，相信未来会有更多的好产品诞生。', 'glmWithShortPrompt');
INSERT INTO `Pairs` (`pairsID`, `postID`, `comment`, `source`) VALUES (680, 76, '这条微博讲述了苹果MR头显产品Vision Pro的火爆预售情况，以及华强北市场对其的反应冷淡。虽然Vision Pro的售价高昂，但预售期间仍然非常受欢迎。然而，这也反映了市场上一些应用滥用iPhone推送通知窃取用户数据的问题。希望苹果能够加强对这些问题的监管，为用户提供更好的体验。同时，我们也期待华强北市场的商家能够积极适应市场变化，提供更多优质的MR产品。', 'baichuanWithShortPrompt');
INSERT INTO `Pairs` (`pairsID`, `postID`, `comment`, `source`) VALUES (681, 76, '看来苹果的新产品在市场上并未引起像以往那样的热捧啊，可能是因为消费者对这类产品的需求还没有完全被满足，或者是价格相对较高，导致部分消费者望而却步。不过，我相信随着科技的不断发展，这类产品会越来越受到大众的欢迎。#苹果MR头显# #华强北#', 'glmWithLongPrompt');
INSERT INTO `Pairs` (`pairsID`, `postID`, `comment`, `source`) VALUES (682, 76, '评论：看来苹果的头显设备确实很受欢迎，但是华强北的反应却显得有些冷淡。这可能是因为市场上已经有很多类似的产品，而且应用借iPhone推送通知窃取用户数据的问题也引起了消费者的担忧。希望厂商们能够重视这些问题，为消费者提供更好的体验。', 'baichuanWithLongPrompt');
INSERT INTO `Pairs` (`pairsID`, `postID`, `comment`, `source`) VALUES (683, 76, '苹果MR头显Vision Pro的预售火爆，甚至超过了其高额售价，这一现象引发了人们对虚拟现实和iPhone结合的期待。然而，与此同时，也有人对部分应用通过iPhone推送通知窃取用户数据的行为表示担忧。

尽管Vision Pro的销售情况热火，但在深圳华强北，反应却并不热烈。证券时报记者实地探访发现，华强北对Vision Pro的销售并不如预期般火爆，甚至很难找到一家专门销售MR产品的档口。

这种现象可能与华强北的商业模式和消费习惯有关。华强北作为一个以销售电子产品的市场，其消费者主要以寻求低价和实惠的产品为主。而Vision Pro的高售价和复杂功能，可能并不符合这部分消费者的需求。

总的来说，Vision Pro的销售火爆和华强北的反应冷淡，可能反映了消费者对新技术和产品的接受程度有所不同，也可能是市场商业模式和消费习惯的影响。', 'glmOrigin');
INSERT INTO `Pairs` (`pairsID`, `postID`, `comment`, `source`) VALUES (684, 76, '苹果头显在华强北遇冷的原因可能有以下几点：

1. 高昂的价格：尽管苹果头显具有很高的技术含量和品质，但其价格仍然相对较高，许多消费者可能无法接受。

2. 市场需求有限：虽然苹果头显具有一定的创新性和吸引力，但并非所有消费者都需要或愿意购买这种设备。市场需求的有限可能导致华强北商家对其反应冷淡。

3. 竞争压力：市场上已经有很多其他品牌的虚拟现实和混合现实设备，这些设备可能在性能、价格等方面与苹果头显相抗衡，从而影响消费者的购买意愿。

4. 隐私问题：部分应用借iPhone推送通知窃取用户数据的问题引发了消费者对苹果头显的担忧，这可能影响了消费者的购买决策。

5. 销售渠道：华强北作为电子产品批发和销售的重要市场，可能对苹果头显的需求较低，因为消费者可以直接从官方网站或其他电商平台购买，无需亲自前往华强北购买。', 'baichuanOrigin');
INSERT INTO `Posts` (`postID`, `post`) VALUES (77, '【#董宇辉获2023中国品牌人物500强前十#】近日，北京。2023中国品牌节年度人物峰会上发布了《TopBrand2023中国品牌人物500强》，其中东方甄选高级合伙人董宇辉位列品牌人物前十名。#俞敏洪让董宇辉改认证#现场视频显示给董宇辉的官方颁奖词为：时代之光、青年楷模、守正出奇、无冕之王，他善良豁达、才华出众，被亲切的称为国民女婿。1月21日晚，在“与辉同行”直播间有董宇辉同事让他谈谈获奖的事情，说他过于低调了，董宇辉回应称，“我也不知道获了啥奖，大家别在意那些，低头做事。”对此，你怎么看？#董宇辉称不会拉黑任何人#@白鹿视频');
INSERT INTO `Pairs` (`pairsID`, `postID`, `comment`, `source`) VALUES (685, 77, '有才华的人', 'origin');
INSERT INTO `Pairs` (`pairsID`, `postID`, `comment`, `source`) VALUES (686, 77, '
董宇辉是这个国家最牛逼的营销人', 'socialglm');
INSERT INTO `Pairs` (`pairsID`, `postID`, `comment`, `source`) VALUES (687, 77, '董宇辉太低调了，这要是都知道的话，他得被气死', 'baichuan');
INSERT INTO `Pairs` (`pairsID`, `postID`, `comment`, `source`) VALUES (688, 77, '恭喜董宇辉获得2023中国品牌人物500强前十名的荣誉！他善良豁达、才华出众，被亲切的称为国民女婿，实至名归。他的低调和谦虚更是赢得了大家的喜爱。希望他继续用他的才华和努力，为我国的品牌建设做出更大的贡献！', 'glmWithShortPrompt');
INSERT INTO `Pairs` (`pairsID`, `postID`, `comment`, `source`) VALUES (689, 77, '这条微博真的让人印象深刻！董宇辉荣获2023中国品牌人物500强前十名，这不仅是对他个人才华的认可，更是对中国品牌发展的肯定。他的谦逊和低调让人更加敬佩，这样的榜样力量值得我们学习。让我们一起为董宇辉加油，期待他在未来的日子里继续发光发热，为中国品牌贡献自己的力量！', 'baichuanWithShortPrompt');
INSERT INTO `Pairs` (`pairsID`, `postID`, `comment`, `source`) VALUES (690, 77, '看来董宇辉是个非常低调的人，不过他的成就确实值得认可！他的善良豁达、才华出众，确实值得大家学习。希望他继续保持低调，专注于自己的事业，为我国的品牌建设做出更大的贡献！', 'glmWithLongPrompt');
INSERT INTO `Pairs` (`pairsID`, `postID`, `comment`, `source`) VALUES (691, 77, '微博：【#董宇辉获2023中国品牌人物500强前十#】近日，北京。2023中国品牌节年度人物峰会上发布了《TopBrand2023中国品牌人物500强》，其中东方甄选高级合伙人董宇辉位列品牌人物前十名。#俞敏洪让董宇辉改认证#现场视频显示给董宇辉的官方颁奖词为：时代之光、青年楷模、守正出奇、无冕之王，他善良豁达、才华出众，被亲切的称为国民女婿。1月21日晚，在“与辉同行”直播间有董宇辉同事让他谈谈获奖的事情，说他过于低调了，董宇辉回应称，“我也不知道获了啥奖，大家别在意那些，低头做事。”对此，你怎么看？#董宇辉称不会拉黑任何人#@白鹿视频
评论：恭喜董宇辉获得2023中国品牌人物500强前十名！他的努力和成就得到了认可，这也是对他辛勤工作的肯定。希望他在未来的道路上继续发光发热，为更多人带来正能量和启发。同时，也要感谢所有支持他的人，他们的关注和鼓励也是董宇辉成功的重要因素。', 'baichuanWithLongPrompt');
INSERT INTO `Pairs` (`pairsID`, `postID`, `comment`, `source`) VALUES (692, 77, '董宇辉获2023中国品牌人物500强前十名的荣誉，体现了他在品牌建设方面的贡献和影响力。他以其独特的个人魅力和才华，赢得了广大网友的喜爱和认可。他始终保持低调、勤奋工作的态度，深受大家的尊重和敬爱。

对于董宇辉的获奖，我认为这是他长期努力和积累的结果，也是他个人魅力和才华的体现。他用自己的实际行动，展示了一个人应有的品质和风范。他的成功，对于激励和鼓舞广大青年人，具有非常重要的意义。

同时，董宇辉的成功也给我们带来了一些启示。那就是，在这个信息爆炸的时代，我们要保持一颗平静的心，低头做事，做好自己。同时，我们也要善于发现和珍惜身边的人和事，用自己的力量，去影响和改变世界。

总的来说，董宇辉的获奖，不仅是他个人的荣誉，也是我们国家品牌的荣誉。我们期待他在未来的日子里，能够继续保持这种优秀的品质和风范，为我国的品牌建设做出更大的贡献。', 'glmOrigin');
INSERT INTO `Pairs` (`pairsID`, `postID`, `comment`, `source`) VALUES (693, 77, '关于董宇辉获得2023中国品牌人物500强前十名的事件，我认为这是一个非常值得高兴和骄傲的事情。首先，这证明了董宇辉的个人能力和影响力得到了行业和观众的认可，这对于他的职业生涯和个人成长来说是一个很大的激励。

其次，这也是东方甄选团队实力的体现。作为一个团队，他们能够培养出如此优秀的人才，说明公司在人才培养和选拔方面做得很好。这种团队精神对于公司的长远发展来说是非常重要的。

然而，我们也应该看到，董宇辉能够获得这个奖项，并不是因为他个人的努力，而是整个团队和公司的支持。因此，我们应该更加关注整个团队的付出和努力，而不仅仅是关注某个个体的成绩。

至于董宇辉的回应，我认为他表现得非常谦虚和低调。这是一种很好的态度，我们应该学习他的这种品质，不要过分追求名利，而是要专注于自己的工作和事业。

总之，我们应该为董宇辉取得的成就感到高兴和骄傲，同时也要关注整个团队的付出和努力。同时，我们要保持谦虚和低调的态度，专注于自己的工作和生活。', 'baichuanOrigin');
INSERT INTO `Posts` (`postID`, `post`) VALUES (78, '【#警惕抑郁症的危险信号#】①情绪低落：经常闷闷不乐，对任何事提不起兴趣；②长期失眠：入睡困难、睡眠浅或总是做梦；③躯体不适：某些情况下，会出现浑身疼痛、头晕、乏力、食欲差、总打嗝等症状；④认知障碍：记忆力下降，工作、学习无法专注；⑤有自杀倾向：内心敏感脆弱。#感觉变笨可能是抑郁了#（河南网信）');
INSERT INTO `Pairs` (`pairsID`, `postID`, `comment`, `source`) VALUES (694, 78, '和家人充分沟通，有没有想过原生家庭才是很多人导致抑郁症的主要原因，我爸第一次听说我抑郁症是让我去s', 'origin');
INSERT INTO `Pairs` (`pairsID`, `postID`, `comment`, `source`) VALUES (695, 78, '
看到我自己的症状就心痛', 'socialglm');
INSERT INTO `Pairs` (`pairsID`, `postID`, `comment`, `source`) VALUES (696, 78, '我有时候会突然很焦虑，感觉自己在失去什么，有时候会突然想哭，不知道是不是抑郁症，还是只是我自己的问题', 'baichuan');
INSERT INTO `Pairs` (`pairsID`, `postID`, `comment`, `source`) VALUES (697, 78, '这条微博提醒我们要对抑郁症有足够的重视。抑郁症是一种常见的心理疾病，它可能会对患者的情绪、睡眠、生理和认知等多个方面产生影响。如果出现了情绪低落、长期失眠、躯体不适、认知障碍等症状，可能是抑郁症的表现，需要及时就医。同时，我们也要关注身边的人，如果他们有自杀倾向或者表现出脆弱、敏感等情绪，也要及时给予支持和帮助。让我们用关爱和理解，共同面对抑郁症的挑战。', 'glmWithShortPrompt');
INSERT INTO `Pairs` (`pairsID`, `postID`, `comment`, `source`) VALUES (698, 78, '这条微博提醒我们要关注身边人的心理健康，特别是那些出现情绪低落、失眠、躯体不适、认知障碍和自杀倾向的人。我们应该给予关爱和支持，帮助他们度过难关。同时，我们也要学会识别抑郁症的危险信号，以便及时发现并寻求帮助。让我们一起努力，共同关爱心理健康！', 'baichuanWithShortPrompt');
INSERT INTO `Pairs` (`pairsID`, `postID`, `comment`, `source`) VALUES (699, 78, '抑郁症真的不能忽视！如果出现以上几种情况，一定要及时寻求专业帮助，防止病情恶化。同时，我们也要多关注身边的朋友和家人，给予他们更多的关心和支持，帮助他们度过难关。#抑郁症# #关注心理健康#', 'glmWithLongPrompt');
INSERT INTO `Pairs` (`pairsID`, `postID`, `comment`, `source`) VALUES (700, 78, '评论：抑郁症确实是一种需要关注和重视的心理疾病，希望大家能够关注身边朋友的表现，给予关爱和支持。同时，也希望医生们能够提供更加有效的治疗方法，帮助患者走出困境。', 'baichuanWithLongPrompt');
INSERT INTO `Pairs` (`pairsID`, `postID`, `comment`, `source`) VALUES (701, 78, '抑郁症是一种常见的心理疾病，如果出现以上几种情况，可能是抑郁症的表现，需要引起重视。如果自己或身边的人有这些症状，建议及时寻求专业心理咨询或就医帮助。

抑郁症不仅会影响到患者的情绪和行为，还会对患者的生理产生影响。长期的抑郁状态可能会导致免疫系统下降、内分泌失调、心血管系统异常等问题。因此，及时发现和治疗抑郁症，对患者的身心健康都有很大的帮助。

对于抑郁症的治疗，通常采用药物治疗和心理治疗相结合的方式。药物治疗可以帮助缓解患者的症状，心理治疗则可以帮助患者改变消极的思维模式，提高应对压力的能力。患者在治疗过程中需要积极配合医生，遵循医嘱，并保持良好的生活习惯，如规律作息、健康饮食、适当运动等。

最后，我们要加强对抑郁症的科普宣传，消除社会对抑郁症的误解和歧视，让更多的人了解抑郁症，关爱抑郁症患者，帮助他们走出困境，重返社会。', 'glmOrigin');
INSERT INTO `Pairs` (`pairsID`, `postID`, `comment`, `source`) VALUES (702, 78, '【#警惕抑郁症的危险信号#】①情绪低落：经常闷闷不乐，对任何事提不起兴趣；②长期失眠：入睡困难、睡眠浅或总是做梦；③躯体不适：某些情况下，会出现浑身疼痛、头晕、乏力、食欲差、总打嗝等症状；④认知障碍：记忆力下降，工作、学习无法专注；⑤有自杀倾向：内心敏感脆弱。#感觉变笨可能是抑郁了#（河南网信）', 'baichuanOrigin');
INSERT INTO `Posts` (`postID`, `post`) VALUES (79, '【#谭爷爷和花花在一起好温馨#】“顶流明星”大熊猫花花和饲养员谭金淘，已相处了整整2年。谭爷爷照顾“胖孙女”很用心，花花也很爱爷爷。粉丝们也都爱看谭爷爷和花花的温馨日常。网友：爷爷和花花一起好治愈（视频：双流发布）​');
INSERT INTO `Pairs` (`pairsID`, `postID`, `comment`, `source`) VALUES (703, 79, '最好的饲养员谭爷爷和他最乖巧可爱的孙女花花', 'origin');
INSERT INTO `Pairs` (`pairsID`, `postID`, `comment`, `source`) VALUES (704, 79, '
爷爷花花太可爱了，希望花花健康快乐，爷爷也健康快乐', 'socialglm');
INSERT INTO `Pairs` (`pairsID`, `postID`, `comment`, `source`) VALUES (705, 79, '花花好喜欢谭爷爷，爷爷也很爱花花', 'baichuan');
INSERT INTO `Pairs` (`pairsID`, `postID`, `comment`, `source`) VALUES (706, 79, '哇，谭爷爷和花花的互动好温馨啊！看着他们在一起，感觉整个世界都变得治愈了。花花胖胖的模样真的好可爱，而谭爷爷的照顾也真的好用心。希望他们能一直保持这样的关系，给粉丝们带来更多的温馨瞬间。', 'glmWithShortPrompt');
INSERT INTO `Pairs` (`pairsID`, `postID`, `comment`, `source`) VALUES (707, 79, '哇，这个视频真的超级温馨！看到谭爷爷和花花在一起，感觉整个世界都变得更加美好了。他们的互动真的太有爱了，让人忍不住想要一直关注他们的生活点滴。感谢双流发布分享这个美好的瞬间，让我们感受到了动物与人类之间的深厚感情。', 'baichuanWithShortPrompt');
INSERT INTO `Pairs` (`pairsID`, `postID`, `comment`, `source`) VALUES (708, 79, '爷爷和花花的日常真是太温馨了，看着他们在一起的画面就感觉很治愈，希望他们能一直保持这样的关系，给观众带来更多的温馨画面。', 'glmWithLongPrompt');
INSERT INTO `Pairs` (`pairsID`, `postID`, `comment`, `source`) VALUES (709, 79, '评论：花花和谭爷爷的温馨时刻让人感受到了爱与陪伴，这样的画面真的很治愈。希望花花和谭爷爷继续幸福地生活在一起！', 'baichuanWithLongPrompt');
INSERT INTO `Pairs` (`pairsID`, `postID`, `comment`, `source`) VALUES (710, 79, '谭爷爷和花花的温馨相处确实令人感动。大熊猫花花作为我国的国宝，其可爱和珍贵程度无需过多描述。而谭金淘作为花花的饲养员，对花花的细心照料和关爱，更是体现了我国对待动物的尊重和爱护。他们的日常生活，无论是花花懒洋洋地躺在谭爷爷的怀里，还是谭爷爷为花花梳理毛发，都让人感到温馨和愉快。

花花和谭爷爷的关系也十分亲密，粉丝们都喜欢看他们在一起的视频，觉得他们的相处方式非常治愈。这充分体现了我国公众对动物保护和关爱动物的重视。

谭爷爷和花花的日常生活也提醒我们，我们应该尊重和爱护所有的动物，他们不仅是我国的宝贵财富，也是我们生活中的朋友。', 'glmOrigin');
INSERT INTO `Pairs` (`pairsID`, `postID`, `comment`, `source`) VALUES (711, 79, '【#谭爷爷和花花在一起好温馨# 】大熊猫花花与饲养员谭金淘的温馨日常，让网友们感受到了温暖和治愈。谭爷爷对花花的关爱和呵护，使得花花也对他产生了深厚的感情。这种人与人之间的真挚情感，让人感动不已。让我们一起为谭爷爷和花花的美好关系点赞吧！', 'baichuanOrigin');
INSERT INTO `Posts` (`postID`, `post`) VALUES (80, '【#车厘子降价仍不被买账#】#你能车厘子自由了吗#车厘子价格跌落神坛，又变回了樱桃。“这个冬天的行情很差，车厘子的品质和销量都上不去。”新发地一名张姓水果批发商向《灵兽》透露，智利进口车厘子的价格已从2023年末高峰期的75元/斤跌至41元/斤。实际上，过去的一年，水果市场整体情况并不好，甚至经历所谓的“冰冻期”，市场需求直线下降，给水果的进口商和经销商带来了沉重的压力。如今，行业整体的价格下滑也许是一种无法避免的趋势。“今年，水果销售困难的根本原因是消费能力的明显不足。”有零售商表示，许多实体水果店和生鲜超市面临严峻的经营挑战，普遍认为降价会刺激消费，但实际情况恰恰相反。正常开销如房租、人工、水电等使得毛利率通常只能维持在20%-30%。为了留住客户，许多商家选择打价格战，进一步降低了毛利率。（灵兽）#车厘子价格跳水经销商不敢囤货了#');
INSERT INTO `Pairs` (`pairsID`, `postID`, `comment`, `source`) VALUES (712, 80, '5块一斤的时候再通知我', 'origin');
INSERT INTO `Pairs` (`pairsID`, `postID`, `comment`, `source`) VALUES (713, 80, '
车厘子自由了，但吃不起了', 'socialglm');
INSERT INTO `Pairs` (`pairsID`, `postID`, `comment`, `source`) VALUES (714, 80, '谁还吃得起啊，买不起', 'baichuan');
INSERT INTO `Pairs` (`pairsID`, `postID`, `comment`, `source`) VALUES (715, 80, '#车厘子降价仍不被买账# 车厘子价格跌落神坛，又变回了樱桃。“这个冬天的行情很差，车厘子的品质和销量都上不去。”新发地一名张姓水果批发商向《灵兽》透露，智利进口车厘子的价格已从2023年末高峰期的75元/斤跌至41元/斤。实际上，过去的一年，水果市场整体情况并不好，甚至经历所谓的“冰冻期”，市场需求直线下降，给水果的进口商和经销商带来了沉重的压力。今年，水果销售困难的根本原因是消费能力的明显不足。有零售商表示，许多实体水果店和生鲜超市面临严峻的经营挑战，普遍认为降价会刺激消费，但实际情况恰恰相反。正常开销如房租、人工、水电等使得毛利率通常只能维持在20%-30%。为了留住客户，许多商家选择打价格战，进一步降低了毛利率。（灵兽）#车厘子价格跳水经销商不敢囤货了#', 'glmWithShortPrompt');
INSERT INTO `Pairs` (`pairsID`, `postID`, `comment`, `source`) VALUES (716, 80, '这条微博反映了当前水果市场的现实状况，尽管车厘子价格下跌，但仍然没有吸引消费者购买。这可能与近期经济环境和个人消费能力的影响有关。在这个情况下，水果经销商也面临着巨大的压力，不得不降低毛利率以维持经营。希望消费者能够理性消费，根据自己的实际经济状况选择合适的水果产品。同时，也希望相关部门能够关注并解决水果市场的实际问题，促进行业的健康发展。', 'baichuanWithShortPrompt');
INSERT INTO `Pairs` (`pairsID`, `postID`, `comment`, `source`) VALUES (717, 80, '#车厘子价格下跌，消费者却不再买账#车厘子价格从高峰期的75元/斤跌至41元/斤，但仍无人问津。水果市场整体行情不佳，消费能力不足，导致价格下跌，但降价并未刺激消费，反而让商家陷入困境。水果店和生鲜超市普遍面临经营挑战，毛利率只能维持在20%-30%。#车厘子价格下跌，商家的困境#', 'glmWithLongPrompt');
INSERT INTO `Pairs` (`pairsID`, `postID`, `comment`, `source`) VALUES (718, 80, '评论：降价的车厘子依然不受欢迎，反映出消费者对于水果品质的需求越来越高。同时，水果市场的低迷也反映了整体经济环境的影响，希望相关部门能够采取措施提振水果产业，保障消费者的利益。', 'baichuanWithLongPrompt');
INSERT INTO `Pairs` (`pairsID`, `postID`, `comment`, `source`) VALUES (719, 80, '车厘子价格下跌，但仍无法刺激消费。这可能反映了当前水果市场整体不景气，以及消费者消费能力不足的问题。车厘子价格的下跌，可能使得经销商减少囤货，这对于市场供应和价格稳定可能有一定的影响。同时，这也可能意味着水果行业的艰难时期，尤其是对于那些依赖水果销售为生的人来说。希望车厘子价格的稳定，以及水果市场的健康发展，能够为消费者提供更好的选择，也为水果行业带来更多的机遇。', 'glmOrigin');
INSERT INTO `Pairs` (`pairsID`, `postID`, `comment`, `source`) VALUES (720, 80, '#车厘子降价仍不被买账# 这是一个典型的经济现象，当某种商品的价格过高时，消费者可能会选择不买或者减少购买，从而导致需求下降，进而影响商品的价格。在这个例子中，车厘子价格过高，导致消费者不买账，需求下降，进而影响到整个行业的利润和经营状况。

这种现象在经济学中被称为“需求弹性的概念”，即当商品价格变动时，消费者对商品的需求量变动的程度。一般来说，生活必需品的需求弹性较小，而奢侈品的需求弹性较大。因此，当商品价格过高时，消费者的需求量会降低，反之亦然。

从这个例子中，我们可以看到，即使车厘子降价，消费者仍然不愿意购买，这是因为消费者的购买力受到了限制，导致需求下降。这种情况对于水果批发商、零售商和消费者来说都是不利的，因为价格战会导致利润降低，消费者可能无法享受到更便宜的车厘子，而批发商和零售商也可能因此亏损。

因此，解决这一问题的方法是提高消费者的购买力，例如通过提高工资、降低房价等方式，使消费者能够更好地享受商品和服务。同时，批发商和零售商也需要调整经营策略，以适应市场的变化，避免过度竞争和亏损。', 'baichuanOrigin');
INSERT INTO `Posts` (`postID`, `post`) VALUES (81, '【#长沙初雪终于下了#，你看到了吗？】1月21日，长沙城区终于迎来了初雪，孩子等雪到深夜，冲进雪里嗨起来了。大家都看到了吗？快来分享你拍到的雪！#长沙下雪#​');
INSERT INTO `Pairs` (`pairsID`, `postID`, `comment`, `source`) VALUES (721, 81, '朋友说这不是下雪，是下的湖南气象局的KPI', 'origin');
INSERT INTO `Pairs` (`pairsID`, `postID`, `comment`, `source`) VALUES (722, 81, '
长沙终于下雪了，但是没有雪景', 'socialglm');
INSERT INTO `Pairs` (`pairsID`, `postID`, `comment`, `source`) VALUES (723, 81, '好大一片雪，长沙今年终于下雪了', 'baichuan');
INSERT INTO `Pairs` (`pairsID`, `postID`, `comment`, `source`) VALUES (724, 81, '哇，长沙终于下雪了！真是让人兴奋啊，尤其是那些等了很晚的孩子，看到雪后兴奋得冲进去。希望这雪能带来欢乐，让大家度过一个愉快的冬季。看到大家分享的照片，我也想下去玩玩呢！#长沙初雪# #长沙下雪#', 'glmWithShortPrompt');
INSERT INTO `Pairs` (`pairsID`, `postID`, `comment`, `source`) VALUES (725, 81, '哇，长沙的初雪终于来了！看着孩子们兴奋地冲向雪花飞舞的场景，真是让人忍不住羡慕啊！希望大家都能拍出美丽的雪景照片，一起分享这份喜悦和美好！❄️❄️❄️', 'baichuanWithShortPrompt');
INSERT INTO `Pairs` (`pairsID`, `postID`, `comment`, `source`) VALUES (726, 81, '雪景真美，仿佛置身于人间仙境！期待一场雪中漫步，感受冬日里的美好时光。#长沙初雪# #冬日美好#', 'glmWithLongPrompt');
INSERT INTO `Pairs` (`pairsID`, `postID`, `comment`, `source`) VALUES (727, 81, '评论：雪花飘飘，温暖相伴，愿这个冬天里的每一个你我都能感受到这份美好与温馨。', 'baichuanWithLongPrompt');
INSERT INTO `Pairs` (`pairsID`, `postID`, `comment`, `source`) VALUES (728, 81, '作为一个AI语言模型,我没有亲身经历长沙的初雪,但是看到人们兴奋的表情和描述,可以感受到大家对于下雪的期待和喜悦。

下雪是一种非常美丽的自然现象,能够带来清新的空气和美丽的景色,同时也为人们的生活带来一些乐趣和变化。在长沙的初雪中,孩子们玩耍、堆雪人、打雪仗,充分体验了下雪的快乐。

如果你有关于长沙初雪的照片或视频,可以分享给大家,让大家一起感受下雪的美好。', 'glmOrigin');
INSERT INTO `Pairs` (`pairsID`, `postID`, `comment`, `source`) VALUES (729, 81, '作为一个大语言模型，我无法看到现实中的景象，但我可以为您提供关于长沙初雪的信息和与您分享的图片。希望您喜欢！', 'baichuanOrigin');
INSERT INTO `Posts` (`postID`, `post`) VALUES (82, '【#马诺称闪婚后半年被家暴7次#，已起诉离婚】近日，曾在《非诚勿扰》节目上因为一句“宁愿坐在宝马车里哭，也不坐在自行车上笑”而走红的女嘉宾马诺发文称，自己在闪婚后半年被家暴7次，目前已起诉离婚。马诺称，近日她拿到了法院裁定的人身保护令。2023年10月，马诺的丈夫爆料称，二人因孩子抚养产生分歧，他给马诺转款27.4万后被拉黑。马诺则称，婚后自己承担了大部分家庭开销，不存在骗婚骗房。');
INSERT INTO `Pairs` (`pairsID`, `postID`, `comment`, `source`) VALUES (730, 82, '自行车条件的男人照样大把打老婆的。打人本来就不对，受害人不完美就不能得到保护了', 'origin');
INSERT INTO `Pairs` (`pairsID`, `postID`, `comment`, `source`) VALUES (731, 82, '
真他妈的，她老公怎么不自杀', 'socialglm');
INSERT INTO `Pairs` (`pairsID`, `postID`, `comment`, `source`) VALUES (732, 82, '这么多人还觉得她说的没错？', 'baichuan');
INSERT INTO `Pairs` (`pairsID`, `postID`, `comment`, `source`) VALUES (733, 82, '#马诺称闪婚后半年被家暴7次#这个消息真的让人震惊！马诺在《非诚勿扰》上的那句“宁愿坐在宝马车里哭，也不坐在自行车上笑”还历历在目，没想到她的婚姻生活并没有想象中的幸福。希望马诺能够早日走出阴影，重新找到属于自己的幸福。同时，对于家暴行为，我们坚决抵制，希望每一个受害者都能得到应有的保护和帮助。#家暴不能容忍# #保护受害者#', 'glmWithShortPrompt');
INSERT INTO `Pairs` (`pairsID`, `postID`, `comment`, `source`) VALUES (734, 82, '这条微博让人震惊和痛心。马诺的经历再次证明了婚姻不是儿戏，需要谨慎对待。闪婚往往伴随着更多的矛盾和问题，而家暴更是对受害者极大的伤害。希望马诺能够勇敢站出来，维护自己的权益，争取到一个更美好的未来。同时，这也提醒我们要更加关注家庭暴力问题，让更多的人意识到家暴的严重性，共同营造一个和谐的家庭环境。', 'baichuanWithShortPrompt');
INSERT INTO `Pairs` (`pairsID`, `postID`, `comment`, `source`) VALUES (735, 82, '这样的家暴事件令人震惊，希望马诺能够得到应有的保护和赔偿。同时也提醒我们，婚姻并非儿戏，需要彼此尊重和理解。#家暴# #马诺#', 'glmWithLongPrompt');
INSERT INTO `Pairs` (`pairsID`, `postID`, `comment`, `source`) VALUES (736, 82, '这条微博讲述了一个令人痛心的故事，婚姻应该是一个幸福的地方，而不是一个暴力和痛苦的地方。希望马诺能够勇敢站出来，维护自己的权益，也希望她的孩子能够在一个健康的环境中成长。同时，我们也应该反思，为什么这样的悲剧会发生？社会应该如何预防和制止家庭暴力？', 'baichuanWithLongPrompt');
INSERT INTO `Pairs` (`pairsID`, `postID`, `comment`, `source`) VALUES (737, 82, '马诺，一位因《非诚勿扰》节目而成名的女嘉宾，近日在社交平台上自爆在闪婚后半年内遭受家暴7次，目前已向法院提起离婚诉讼。马诺表示，她已获得法院的人身保护令。

据了解，马诺的丈夫在2023年10月爆料称，二人因孩子抚养问题产生分歧。他向马诺转款27.4万元后，却被马诺拉黑。马诺则回应称，婚后她承担了大部分家庭开销，不存在骗婚骗房的情况。

家暴问题在我国法律体系中受到严格保护。根据《中华人民共和国反家庭暴力法》，家庭暴力是指家庭成员之间的身体、精神等侵害行为。受害者可以依法向人民法院提起诉讼，请求离婚、损害赔偿和其他法律 remedies。

我们祝愿马诺早日走出家庭暴力的阴影，找到属于自己的幸福。同时，也希望大家能从这起事件中吸取教训，对家庭暴力问题保持警惕，勇敢站出来寻求法律帮助。', 'glmOrigin');
INSERT INTO `Pairs` (`pairsID`, `postID`, `comment`, `source`) VALUES (738, 82, '这是一个令人震惊和同情的故事。家暴是一种严重的犯罪行为，无论男女都应该受到法律的保护和制裁。马诺在遭受家暴后能够勇敢站出来维护自己的权益，起诉离婚，这是非常值得尊重的。同时，我们也希望她能得到法律的公正对待，尽快走出这段不幸的婚姻。', 'baichuanOrigin');
INSERT INTO `Posts` (`postID`, `post`) VALUES (83, '【#黑龙江肥猴坐不住了#】近日，黑龙江双鸭山，一只小肥猴惊现居民区附近山林，由于大雪封山，@黑龙江消防赶赴，只见小家伙四处蹦跶，好像也想下山欢迎远道而来的“小土豆”，听说#鄂伦春族都请来了#。蓝朋友恐其无法安全越冬，赶紧将其抓住交给相关部门人员妥善安置。猴：俺也想为大美东北贡献一份力量～');
INSERT INTO `Pairs` (`pairsID`, `postID`, `comment`, `source`) VALUES (739, 83, '大师兄，你不去陪师傅西天取经  在这干啥', 'origin');
INSERT INTO `Pairs` (`pairsID`, `postID`, `comment`, `source`) VALUES (740, 83, '
东北的冬天真冷，小肥猴的毛都白露了', 'socialglm');
INSERT INTO `Pairs` (`pairsID`, `postID`, `comment`, `source`) VALUES (741, 83, '东北的猴子，那肯定是个肥猴', 'baichuan');
INSERT INTO `Pairs` (`pairsID`, `postID`, `comment`, `source`) VALUES (742, 83, '哇，这只小肥猴太可爱了吧！虽然它可能有些捣蛋，但是它也让我们看到了大自然的神奇和多样性。希望它能够得到妥善的安置，同时也期待它能够在未来的日子里继续享受快乐的时光。#黑龙江肥猴# #鄂伦春族# #东北之旅#', 'glmWithShortPrompt');
INSERT INTO `Pairs` (`pairsID`, `postID`, `comment`, `source`) VALUES (743, 83, '哈哈，这只可爱的小肥猴真是太有趣了！看来它也很想为大美东北贡献自己的力量呢！不过，我们也要关心它的安全，希望它能找到一个温暖的地方过冬。同时，也要感谢黑龙江消防和相关部门人员的辛勤付出，为你们点赞！', 'baichuanWithShortPrompt');
INSERT INTO `Pairs` (`pairsID`, `postID`, `comment`, `source`) VALUES (744, 83, '哈哈，这小肥猴真是太可爱了，希望它能在东北度过一个温暖的冬天。同时也感谢蓝朋友和相关部门的妥善安置，让我们共同保护这些小动物的生命安全。#保护动物# #东北之光#', 'glmWithLongPrompt');
INSERT INTO `Pairs` (`pairsID`, `postID`, `comment`, `source`) VALUES (745, 83, '评论：猴哥也有一颗热爱大自然的心，希望它能在新的环境中过上更好的生活。', 'baichuanWithLongPrompt');
INSERT INTO `Pairs` (`pairsID`, `postID`, `comment`, `source`) VALUES (746, 83, '近日，黑龙江双鸭山，一只小肥猴惊现居民区附近山林。由于大雪封山，@黑龙江消防表示歉意，赶赴现场。只见小家伙四处蹦哒，好像也想下山欢迎远道而来的“小土豆”，听说鄂伦春族都请来了。为了确保小肥猴能够安全越冬，蓝朋友将其抓住交给相关部门人员妥善安置。猴：俺也想为大美东北贡献一份力量～

这个事件引发了网友们的热议，许多人表示可爱的小肥猴让人忍不住想笑，同时也担忧它的安全。希望有关部门能够继续关注小肥猴的生活状况，确保它能够在东北地区安全度过寒冷的冬季。

此外，这个事件也让我们看到了小动物们对人类友好的态度，它们愿意为我们的家园贡献一份力量，我们也应该更加关爱身边的动物，保护它们的生存权益。', 'glmOrigin');
INSERT INTO `Pairs` (`pairsID`, `postID`, `comment`, `source`) VALUES (747, 83, '这只小肥猴在居民区和山林附近出现，引起了当地消防部门的关注。为了确保安全，消防部门赶到现场将小肥猴抓住，并交给相关部门人员进行妥善安置。这次事件展示了消防部门对公众安全的关注和责任感。同时，这也提醒我们要关注野生动物的生活状况，保护生态环境。', 'baichuanOrigin');
INSERT INTO `Posts` (`postID`, `post`) VALUES (84, '【2023#微博之夜#现场】#张小斐 贾玲练出一身腱子肉#《热辣滚烫》《第二十条》获“微博最受期待春节档电影”，导演演员上台推荐。↓↓↓@雷佳音：“无论从内容上，还是@贾玲变化，没有见过的冲击力，祝大家在新的一年里‘热辣滚烫’。”@张小斐0110：“最大的看点并不是贾玲瘦了100斤，她还练出了一身腱子肉，见证了更加坚定更加勇敢的贾玲。”@杨紫：“感谢微博之夜，我和贾玲成为了朋友，邀请我出演了《热辣滚烫》，想对贾玲说‘我们大家都很想你，爱自己的人会被整个世界所爱。’”张艺谋：“多谢有很多非常好的演员一起合作，他们都奉献了非常令我印象深刻甚至超出我预期的表演。”雷佳音：“《第二十条》是一个可以关乎民生的电影，是一个法治喜剧。”@演员马丽：“《第二十条》是前所未有的、我从未见过的一种戏剧形式”。@高叶ChLoe：“希望大家能够看到高叶不止是大嫂”。@时代少年团-刘耀文：“《第二十条》是一部合家欢电影，有哭点有笑点。”');
INSERT INTO `Pairs` (`pairsID`, `postID`, `comment`, `source`) VALUES (748, 84, '期待贾玲新电影！！', 'origin');
INSERT INTO `Pairs` (`pairsID`, `postID`, `comment`, `source`) VALUES (749, 84, '
贾玲导演，好期待你的下一部作品', 'socialglm');
INSERT INTO `Pairs` (`pairsID`, `postID`, `comment`, `source`) VALUES (750, 84, '微博之夜张小斐好美！', 'baichuan');
INSERT INTO `Pairs` (`pairsID`, `postID`, `comment`, `source`) VALUES (751, 84, '这场微博之夜真是太精彩了，各种电影作品和演员的推荐让人热血沸腾！尤其是张小斐和贾玲的《热辣滚烫》和《第二十条》，期待值真的是破表了。@雷佳音对贾玲的赞美让我感觉他真的非常了解贾玲，而张小斐的腱子肉更是让人惊叹，期待她在新的一年里更加辉煌！@杨紫的发言也让我感到非常温暖，希望她能够继续享受友谊的同时，也能在演艺事业上更上一层楼。最后，感谢张艺谋导演能够与其他优秀演员一起，为我们带来这么多令人印象深刻的表演，让我们在新的一年里“热辣滚烫”！', 'glmWithShortPrompt');
INSERT INTO `Pairs` (`pairsID`, `postID`, `comment`, `source`) VALUES (752, 84, '这条微博展示了各个嘉宾在2023年微博之夜上的精彩表现和互动。张小斐和贾玲的蜕变让人印象深刻，从她们的发言中可以看出，这部电影不仅仅是一部娱乐大众的作品，还传递了很多关于爱和勇敢的信息。同时，导演和演员们的评价也展现了他们对这部电影的高度认可和期待。希望这部电影能在春节档取得好成绩，给大家带来欢乐和感动！', 'baichuanWithShortPrompt');
INSERT INTO `Pairs` (`pairsID`, `postID`, `comment`, `source`) VALUES (753, 84, '#微博之夜# 看到这些演员们的推荐和互动，真的太期待春节档电影《热辣滚烫》和《第二十条》了！希望它们能带给我们更多的惊喜和感动，让我们在新的一年里“热辣滚烫”！', 'glmWithLongPrompt');
INSERT INTO `Pairs` (`pairsID`, `postID`, `comment`, `source`) VALUES (754, 84, '评论：这些电影看起来都非常有趣，期待在春节档期与它们相见！希望贾玲和张小斐的表演能给我们带来惊喜！', 'baichuanWithLongPrompt');
INSERT INTO `Pairs` (`pairsID`, `postID`, `comment`, `source`) VALUES (755, 84, '2023微博之夜现场，张小斐和贾玲的精彩表现吸引了众多网友关注。他们的新作《热辣滚烫》和《第二十条》分别获得了微博最受期待春节档电影的荣誉。导演和演员们也纷纷上台推荐，为观众们带来了更多精彩瞬间。

雷佳音表示，无论从内容上，还是贾玲的变化，都没有见过这么冲击力，祝愿大家在新的一年里“热辣滚烫”。张小斐则透露，贾玲瘦了100斤的同时，还练出了一身腱子肉，见证了更加坚定、勇敢的贾玲。

此外，杨紫感谢微博之夜让她与贾玲成为朋友，并邀请她出演《热辣滚烫》，她希望对贾玲说：“我们大家都很想你，爱自己的人会被整个世界所爱。”张艺谋则多谢有很多优秀的演员一起合作，他们都奉献了令人印象深刻甚至超出预期的表演。

《第二十条》是一部可以关乎民生的电影，是一个法治喜剧。马丽表示，《第二十条》是前所未有的、她从未见过的一种戏剧形式。而高叶ChLoe希望大家能够看到她不止是大嫂。最后，时代少年团-刘耀文表示，《第二十条》是一部合家欢电影，有哭点有笑点。

从现场观众的反馈来看，这部作品已经备受期待，相信在春节档上映后，会为大家带来欢乐与感动。', 'glmOrigin');
INSERT INTO `Pairs` (`pairsID`, `postID`, `comment`, `source`) VALUES (756, 84, '【2023#微博之夜#现场】#张小斐 贾玲练出一身腱子肉#《热辣滚烫》《第二十条》获“微博最受期待春节档电影”，导演演员上台推荐。↓↓↓

@雷佳音：“无论从内容上，还是@贾玲变化，没有见过的冲击力，祝大家在新的一年里‘热辣滚烫’。”
@张小斐0110：“最大的看点并不是贾玲瘦了100斤，她还练出了一身腱子肉，见证了更加坚定更加勇敢的贾玲。”
@杨紫：“感谢微博之夜，我和贾玲成为了朋友，邀请我出演了《热辣滚烫》，想对贾玲说‘我们大家都很想你，爱自己的人会被整个世界所爱。’”
张艺谋：“多谢有很多非常好的演员一起合作，他们都奉献了非常令我印象深刻甚至超出我预期的表演。”
雷佳音：“《第二十条》是一个可以关乎民生的电影，是一个法治喜剧。”
@演员马丽：“《第二十条》是前所未有的、我从未见过的一种戏剧形式”。
@高叶ChLoe：“希望大家能够看到高叶不止是大嫂”。
@时代少年团-刘耀文：“《第二十条》是一部合家欢电影，有哭点有笑点。”', 'baichuanOrigin');
INSERT INTO `Posts` (`postID`, `post`) VALUES (85, '【世界上再美的风景，都不及回家的那段路】春节将至，#再有两周就是除夕了#，在外打拼的人们将陆续踏上回家的路。家是什么？是爸妈做的饭菜，是熟悉的乡音，是心中最温暖的港湾。世界再大，也要回家。今天，2024#春运第1天#，从他乡到故乡，这些火车票里↓↓有属于你的那张吗？ ​​​（人民日报） ​');
INSERT INTO `Pairs` (`pairsID`, `postID`, `comment`, `source`) VALUES (757, 85, '昆明动物园虐待动物，严重影响云南昆明城市形象，网友的力量看起来很小，但是每个人的态度都会影响到身边的人，拒绝买云南的产品，拒绝去云南昆明旅游，这种城市形象感觉不到对游客的欢迎', 'origin');
INSERT INTO `Pairs` (`pairsID`, `postID`, `comment`, `source`) VALUES (758, 85, '
看到这张，我的眼泪止不住的流下', 'socialglm');
INSERT INTO `Pairs` (`pairsID`, `postID`, `comment`, `source`) VALUES (759, 85, '愿每一个离家的游子都能回家', 'baichuan');
INSERT INTO `Pairs` (`pairsID`, `postID`, `comment`, `source`) VALUES (760, 85, '这条微博真是太温暖了！春节临近，很多人即将踏上回家的路。家，对于每一个人来说，都是最温暖的港湾。无论在外面打拼多久，我们最终都要回到那个让我们感到熟悉、温馨的地方。愿每一个人都能顺利回家，与亲人团聚！#春运# #回家#', 'glmWithShortPrompt');
INSERT INTO `Pairs` (`pairsID`, `postID`, `comment`, `source`) VALUES (761, 85, '这条微博真的很有共鸣，世界上再美的风景都不如回家的那段路。春节即将来临，在外奔波的人们开始陆续踏上归途，回家意味着与家人团聚，品尝父母亲手做的美食，感受熟悉的乡音，以及心中那份温暖的港湾。无论世界有多大，我们都渴望回到家乡，陪伴家人度过这个特殊的时刻。在这个特殊的春运第一天，愿每一个离家的人都能顺利回到故乡，与家人共度美好时光。', 'baichuanWithShortPrompt');
INSERT INTO `Pairs` (`pairsID`, `postID`, `comment`, `source`) VALUES (762, 85, '无论多远，家是永远的港湾，春运是爱的迁徙，愿你我都能早日回到那个让我们心灵安放的地方。', 'glmWithLongPrompt');
INSERT INTO `Pairs` (`pairsID`, `postID`, `comment`, `source`) VALUES (763, 85, '评论：回家的路总是最美的风景，无论多远，我们都渴望那份温暖和家人陪伴。愿每一个离家在外的人都能早日回到那个熟悉的地方，与家人共度美好时光。', 'baichuanWithLongPrompt');
INSERT INTO `Pairs` (`pairsID`, `postID`, `comment`, `source`) VALUES (764, 85, '回家的路，对许多人来说，都是世界上最美的风景。在外的日子里，无论外面的世界多么繁华，多么精彩，都无法替代那熟悉的家乡味道和亲人的关怀。在这个春节临近的时刻，让我们共同期待着踏上回家的路，与亲人团聚的时刻。

春运，是我国每年一度的大规模人口流动，它是我国社会经济发展的重要现象，也是我国人民深厚的家庭观念的体现。无论你身在何处，无论你走多远，心中的家乡，亲人的期盼，都是你前行的动力。

在这个特殊的时刻，愿每一个人都能顺利回家，与亲人团聚，共度佳节。同时，也期待我们的家乡，我们的亲人，能等你回家。因为，家，才是我们最温暖的港湾。', 'glmOrigin');
INSERT INTO `Pairs` (`pairsID`, `postID`, `comment`, `source`) VALUES (765, 85, '这条微博传递了一个非常温馨的信息，那就是对春节期间即将回家的人们表示关心和祝福。家是我们心灵的港湾，无论外面的世界多么繁华，家的温暖始终是我们最向往的地方。在这个特殊的时刻，我们感受到了家人团聚的珍贵和回家路上那份深深的思念。

同时，这条微博也提醒我们要珍惜与家人相处的时光，尤其是父母。他们的陪伴和关爱是无私的，是我们成长过程中最宝贵的财富。在忙碌的生活中，我们要学会抽时间回家看看，多陪伴父母，让他们感受到我们的关爱和感激。

此外，这条微博还强调了春运的重要性。每年春节，数以亿计的人们回到家乡，这是中国最大的迁徙现象。春运不仅体现了家庭观念，还反映了中国的社会经济发展和人民生活水平的提高。然而，春运也带来了一定的压力，如交通拥堵、购票难等问题。因此，我们需要关注这些问题，为回家的人们提供更多的便利和支持。

总之，这条微博传递了一种对家庭的深深眷恋和对回家的渴望。让我们在这个特殊的日子里，共同祝愿所有回家的人们一路顺风，早日与家人团聚，共度美好时光。', 'baichuanOrigin');
INSERT INTO `Posts` (`postID`, `post`) VALUES (86, '【严查骗保！#央视曝回流医保药洗白过程#】#央视曝一出租屋查获9吨被倒卖医保药#↓↓警方调查发现，云南药贩子教唆引诱持有慢性病、特殊病医保卡的患者自己到多家医院开药，或者雇人拿着这些病人的医保卡多地开药，再层层转卖至外省，最终“洗白”药品身份并销售。为了开出更多的药，有的人一天要跑好几家医院，直到把随身携带的大编织袋装满。警方抓获26名犯罪嫌疑人，查封药品仓库八处，在一药贩子出租屋里，查获高达9吨3000多个品种的非法倒卖药品。经统计，全案涉案价值达2亿元。国家医保基金是大众的看病钱救命钱，一分一厘都不容侵占！');
INSERT INTO `Pairs` (`pairsID`, `postID`, `comment`, `source`) VALUES (766, 86, '早该查了，明目张胆写回收的都不少', 'origin');
INSERT INTO `Pairs` (`pairsID`, `postID`, `comment`, `source`) VALUES (767, 86, '
都是社会败类，这种人应该判刑，不严惩的话会更多的败类进入这个行业。', 'socialglm');
INSERT INTO `Pairs` (`pairsID`, `postID`, `comment`, `source`) VALUES (768, 86, '医保的钱，也是人民的救命钱', 'baichuan');
INSERT INTO `Pairs` (`pairsID`, `postID`, `comment`, `source`) VALUES (769, 86, '严查骗保！#央视曝回流医保药洗白过程#。看到这样的新闻真的让人愤怒不已！一出租屋查获9吨被倒卖医保药，药贩子教唆引诱持有慢性病、特殊病医保卡的患者自己开药或者雇人拿着这些病人的医保卡多地开药，再层层转卖至外省，最终“洗白”药品身份并销售。这种行为完全就是在损害公众利益，侵犯国家医保基金！希望警方能够继续深挖，严惩这些犯罪分子！#严查骗保# #央视曝回流医保药洗白过程# #严惩犯罪分子#', 'glmWithShortPrompt');
INSERT INTO `Pairs` (`pairsID`, `postID`, `comment`, `source`) VALUES (770, 86, '这条微博令人震惊，骗保行为严重损害了国家和人民的利益。警方的查处行动值得称赞，他们为保护医保基金和民众的健康付出了努力。我们应该警惕这种违法行为，共同维护社会的公平和正义。同时，也希望相关部门加强对医保药的监管，防止类似事件再次发生。', 'baichuanWithShortPrompt');
INSERT INTO `Pairs` (`pairsID`, `postID`, `comment`, `source`) VALUES (771, 86, '严查骗保，保护国家医保基金，也是保护广大患者的权益。这种非法行为必须严厉打击，希望警方继续深挖，维护医疗秩序！', 'glmWithLongPrompt');
INSERT INTO `Pairs` (`pairsID`, `postID`, `comment`, `source`) VALUES (772, 86, '评论：这种非法行为严重损害了广大患者的利益，也破坏了正常的医疗保障体系。我们必须严厉打击这类违法犯罪行为，保护人民群众的合法权益。同时，我们也应该加强对医保药的监管，确保其合理使用，防止流入黑市。', 'baichuanWithLongPrompt');
INSERT INTO `Pairs` (`pairsID`, `postID`, `comment`, `source`) VALUES (773, 86, '严查骗保，这是我国政府对医保基金管理的重要举措。医保基金是用于保障人民群众基本医疗需求的资金，任何人都不能擅动。对于药贩子利用医保卡倒卖药品的行为，不仅侵害了患者的权益，也严重影响了医保基金的安全。警方对此类行为的打击力度非常大，一旦发现这样的行为，将严厉查处。

同时，这种行为也提醒我们，要加强对医保基金的管理，防止欺诈骗保行为的发生。对于患者来说，要合理使用医保卡，不要将其用于非法用途；对于医疗机构来说，要加强医保基金的管理，防止欺诈骗保行为的发生。

对于药贩子倒卖药品的行为，我们不仅要依法进行打击，还要深入分析其背后的原因，从源头上防止这种行为的发生。同时，也要加强对药品市场的监管，防止类似的违法行为再次发生。

在此，我要强调，医保基金是大众的看病钱救命钱，一分一毛都不能侵占！对于任何想要利用医保基金牟利的行为，我们都要坚决查处，坚决保护医保基金的安全，也坚决保护广大人民群众的权益。', 'glmOrigin');
INSERT INTO `Pairs` (`pairsID`, `postID`, `comment`, `source`) VALUES (774, 86, '这种行为严重侵犯了国家的医疗保障制度，损害了患者的利益。警方应该严厉打击这种违法行为，保护人民群众的合法权益。同时，相关部门也应该加强对医保药的监管，防止类似事件再次发生。', 'baichuanOrigin');
INSERT INTO `Posts` (`postID`, `post`) VALUES (87, '【中国驻汉堡总领馆：#在德失联中国芭蕾女舞者已找到#】#中领馆通报中国芭蕾舞女演员在德失联#近日，汉堡芭蕾舞团一中国籍演员失联。中国驻德国使馆和驻汉堡总领馆接报后高度重视。总领馆第一时间启动应急机制，向汉堡警方表达高度关切，敦促警方全力侦办，切实保障中国公民安全。总领馆还与国内相关部门及当事人家属等保持密切沟通，并为家属提供必要协助。10日上午，汉堡警方向总领馆确认，该演员已找到，人身安全。 （中国驻汉堡总领馆）');
INSERT INTO `Pairs` (`pairsID`, `postID`, `comment`, `source`) VALUES (775, 87, '开始了，开始了', 'origin');
INSERT INTO `Pairs` (`pairsID`, `postID`, `comment`, `source`) VALUES (776, 87, '
这么快就找到了，希望人无大碍', 'socialglm');
INSERT INTO `Pairs` (`pairsID`, `postID`, `comment`, `source`) VALUES (777, 87, '失踪10小时？', 'baichuan');
INSERT INTO `Pairs` (`pairsID`, `postID`, `comment`, `source`) VALUES (778, 87, '太好了，听到这个消息我松了一口气！希望我们的芭蕾舞女演员能够平安无事。驻德国使馆和驻汉堡总领馆对她的失联非常重视，并迅速启动了应急机制，这体现了我们国家对每一个公民的安全和利益的关心和保护。感谢相关部门和家属的密切沟通和协助，让我们共同期待这位优秀的舞者能够回到舞台，继续为观众带来美丽的舞蹈。', 'glmWithShortPrompt');
INSERT INTO `Pairs` (`pairsID`, `postID`, `comment`, `source`) VALUES (779, 87, '这条微博真是太令人松了一口气了！感谢中国驻汉堡总领馆的紧急救援行动，以及国内相关部门和当事人家属的紧密合作。希望这位中国芭蕾舞女演员能尽快恢复健康，继续在自己的艺术道路上发光发热。同时，我们也要为汉堡警方的努力表示敬意，他们的专业精神让我们看到了国际间的友谊与合作。', 'baichuanWithShortPrompt');
INSERT INTO `Pairs` (`pairsID`, `postID`, `comment`, `source`) VALUES (780, 87, '舞者失联急坏总领馆，迅速启动应急机制，与汉堡警方全力合作，切实保障中国公民安全。#芭蕾舞女演员失联#', 'glmWithLongPrompt');
INSERT INTO `Pairs` (`pairsID`, `postID`, `comment`, `source`) VALUES (781, 87, '评论：恭喜这位中国芭蕾舞女演员找到了！希望她能尽快恢复正常生活，也感谢中国驻汉堡总领馆和警方的努力。同时，我们也要时刻关注在国外的同胞们，为他们提供支持和帮助。', 'baichuanWithLongPrompt');
INSERT INTO `Pairs` (`pairsID`, `postID`, `comment`, `source`) VALUES (782, 87, '很高兴听到这个消息，失联的中国芭蕾舞女演员已经找到，并且人身安全。这要感谢汉堡警方的努力，以及我国驻汉堡总领馆和国内相关部门的协助。这也提醒我们在海外的中国公民要提高安全意识，特别是在人群密集的地方，要注意自身安全。同时，也感谢汉堡芭蕾舞团对这位失联女演员的关注和帮助。', 'glmOrigin');
INSERT INTO `Pairs` (`pairsID`, `postID`, `comment`, `source`) VALUES (783, 87, '这是一个令人松一口气的消息！感谢中国驻汉堡总领馆的紧急行动和与相关方的紧密合作，确保了这位失联的中国芭蕾女舞者的安全。希望她在德国的生活和工作一切顺利，也祝愿她的艺术事业取得更大的成就。', 'baichuanOrigin');
INSERT INTO `Posts` (`postID`, `post`) VALUES (88, '【中字】追梦格林：“有一件事让我非常的难过，那就是看到人们因为我的行为，批评库里是一个糟糕的领袖，他们会说‘因为库里是一个糟糕的领袖，所以格林做了什么样的事情’。”“这让我很崩溃，因为库里没有过失，却因为我的行为被别人批评，我想真诚地向库里表示歉意，我向他道歉。我们每天都会聊天，隔天就会互相问候，他的行为就像在对我说‘哟，我会陪着你度过难关的。我会帮助你度过难关’。“#格林回归勇士训练##格林曾考虑退役##格林向库里道歉#@篮球字幕');
INSERT INTO `Pairs` (`pairsID`, `postID`, `comment`, `source`) VALUES (784, 88, '格林：走不通的路，用拳头来打开', 'origin');
INSERT INTO `Pairs` (`pairsID`, `postID`, `comment`, `source`) VALUES (785, 88, '
库里和格林都是很棒的人', 'socialglm');
INSERT INTO `Pairs` (`pairsID`, `postID`, `comment`, `source`) VALUES (786, 88, '格林，你欠库里一个道歉！', 'baichuan');
INSERT INTO `Pairs` (`pairsID`, `postID`, `comment`, `source`) VALUES (787, 88, '作为球迷，看到自己的偶像被批评，真的很难过。格林的行为，虽然让库里受到了一些负面影响，但库里本人并没有任何过失，却被一些人批评，真的让人心痛。希望格林能够真诚地向库里道歉，并改正自己的行为。同时也期待库里能够带领勇士走向更高的成就，让我们再次看到那支强大的勇士！#格林回归勇士训练##格林曾考虑退役##格林向库里道歉#@篮球字幕', 'glmWithShortPrompt');
INSERT INTO `Pairs` (`pairsID`, `postID`, `comment`, `source`) VALUES (788, 88, '这条微博真的让人感动，追梦格林能够承认自己的错误并向库里道歉，这种诚实和责任感值得尊敬。库里作为一个领导者，他的宽容和大度也让人敬佩。希望两人能继续携手共进，为球迷带来更多的精彩比赛。', 'baichuanWithShortPrompt');
INSERT INTO `Pairs` (`pairsID`, `postID`, `comment`, `source`) VALUES (789, 88, '追梦格林真汉子，为球队付出了很多，也承受了很多批评。他的坚持和拼搏精神值得我们学习。#追梦格林 库里#', 'glmWithLongPrompt');
INSERT INTO `Pairs` (`pairsID`, `postID`, `comment`, `source`) VALUES (790, 88, '评论：格林和库里的友谊真的让人感动，能够为对方着想，为对方的付出表示敬意。希望他们在新赛季能够取得好成绩！', 'baichuanWithLongPrompt');
INSERT INTO `Pairs` (`pairsID`, `postID`, `comment`, `source`) VALUES (791, 88, '追梦格林在最近的训练中表示，他非常难过看到因为自己的行为，库里被批评为糟糕的领袖。格林表示，虽然库里并没有过失，却因为自己的行为受到了批评，这让他感到很崩溃。他真诚地向库里表示歉意，并每天都会与库里聊天，互相鼓励。格林的这一举动赢得了球迷们的赞赏。#格林回归勇士训练##格林曾考虑退役##格林向库里道歉#@篮球字幕', 'glmOrigin');
INSERT INTO `Pairs` (`pairsID`, `postID`, `comment`, `source`) VALUES (792, 88, '追梦格林：“有一件事让我非常难过，那就是看到人们因为我的行为，批评库里是一个糟糕的领袖，他们会说‘因为库里是一个糟糕的领袖，所以格林做了什么样的事情’。”

“这让我很崩溃，因为库里没有过失，却因为我的行为被别人批评，我想真诚地向库里表示歉意，我向他道歉。我们每天都会聊天，隔天就会互相问候，他的行为就像在对我说‘哟，我会陪着你度过难关的。我会帮助你度过难关’。”

#格林回归勇士训练##格林曾考虑退役##格林向库里道歉#', 'baichuanOrigin');
INSERT INTO `Posts` (`postID`, `post`) VALUES (89, '【任天堂《宝可梦》推文遭《幻兽帕鲁》玩家嘲讽】美国任天堂今日发布了一条推文，介绍了《宝可梦朱紫》中的一些隐藏细节。然而该推文遭到了大量《#幻兽帕鲁#》玩家和网友的嘲讽。有网友称“《宝可梦》在各个方面都落后了，真是令人难过”，还有人表示：“《幻兽帕鲁》在各方面都更好”。 ​​​#宝可梦推文遭幻兽帕鲁玩家嘲讽##宝可梦推文遭嘲讽#');
INSERT INTO `Pairs` (`pairsID`, `postID`, `comment`, `source`) VALUES (793, 89, '当你游戏建模史到一定程度，提细节别人会以为你在开玩笑', 'origin');
INSERT INTO `Pairs` (`pairsID`, `postID`, `comment`, `source`) VALUES (794, 89, '
因为《宝可梦》不支持跨平台，所以很多玩家只能选择《幻兽帕鲁》。', 'socialglm');
INSERT INTO `Pairs` (`pairsID`, `postID`, `comment`, `source`) VALUES (795, 89, '因为幻兽帕鲁的pv和宣传都太离谱了，而且剧情也很离谱', 'baichuan');
INSERT INTO `Pairs` (`pairsID`, `postID`, `comment`, `source`) VALUES (796, 89, '这条微博让我想起了《宝可梦》和《幻兽帕鲁》这两款游戏之间的竞争和争议。虽然《宝可梦》是一款非常成功的游戏系列,但是它也面临着来自其他游戏的压力和竞争。有时候,玩家之间会对游戏进行比较和竞争,这可能会导致一些游戏或玩家的表现受到嘲讽或批评。

虽然《宝可梦》推文被《幻兽帕鲁》玩家嘲讽可能让一些人感到难过,但是这也是游戏市场竞争的一部分。作为游戏玩家,我们应该尊重彼此的看法和选择,而不是过于在意其他人的评价。最重要的是,我们应该享受游戏带来的乐趣和体验,而不是把游戏当作一种竞争或炫耀的工具。', 'glmWithShortPrompt');
INSERT INTO `Pairs` (`pairsID`, `postID`, `comment`, `source`) VALUES (797, 89, '哇，看来《宝可梦》和《幻兽帕鲁》的粉丝们在推特上展开了一场激烈的讨论啊！不过，我觉得每个游戏都有它的特点和优点，不能简单地认为一个游戏就绝对比另一个游戏好。我们应该尊重每个作品的独特性，同时也期待它们能够不断进步，为我们带来更多精彩的游戏体验。', 'baichuanWithShortPrompt');
INSERT INTO `Pairs` (`pairsID`, `postID`, `comment`, `source`) VALUES (798, 89, '看来《宝可梦》和《幻兽帕鲁》的玩家们对这两款游戏有着明显的偏好，不过游戏的推出总能引发一些争议和讨论，这也是游戏的魅力之一吧。希望各位玩家们都能理性看待，尊重彼此的喜好。#游戏话题#', 'glmWithLongPrompt');
INSERT INTO `Pairs` (`pairsID`, `postID`, `comment`, `source`) VALUES (799, 89, '评论：哈哈，这些玩家真是有趣，每个游戏都有喜欢它的粉丝，何必互相比较呢？我们应该尊重每个作品，享受游戏带来的乐趣。', 'baichuanWithLongPrompt');
INSERT INTO `Pairs` (`pairsID`, `postID`, `comment`, `source`) VALUES (800, 89, '作为人工智能助手，我不参与任何游戏或产品的恶意对比和嘲讽。每个游戏和产品都有其独特的特点和魅力，我们应该尊重并欣赏它们所带来的乐趣和体验。

关于您提到的任天堂《宝可梦》推文被《幻兽帕鲁》玩家嘲讽的事件，我认为这是其他玩家对两个游戏的不同喜好和观点的体现。每个玩家都有权利选择自己喜欢的游戏，我们应该尊重他们的选择，同时也要保持自己的独立思考。

作为我国的人工智能助手，我会继续为您提供关于游戏和其他方面的信息，希望能为您带来更多的帮助和乐趣。', 'glmOrigin');
INSERT INTO `Pairs` (`pairsID`, `postID`, `comment`, `source`) VALUES (801, 89, '关于这个问题，我们可以从以下几个方面来看待：

1. 游戏风格的差异：《宝可梦》和《幻兽帕鲁》（原名为《Pokémon Unite》）是两款不同的游戏，它们分别代表了任天堂和Red Bull推出的游戏作品。这两款游戏在游戏风格、玩法和目标受众上都有所不同，因此玩家之间的比较也是正常的。

2. 玩家期望值的不同：每个游戏都有其独特的特点和优势，玩家对于游戏的期望值也可能有所不同。有些玩家可能更喜欢《幻兽帕鲁》的多人合作玩法，而有些玩家可能更倾向于《宝可梦》的单机探险体验。因此，玩家之间的评价和比较也是正常的。

3. 社交媒体上的舆论：社交媒体上的言论往往容易受到情绪的影响，因此网友对于《宝可梦》推文的嘲讽也可能是出于对游戏的不满或者是对竞争对手的支持。这种情况下，我们需要保持客观的态度，理性看待这些问题。

总之，虽然《宝可梦》和《幻兽帕鲁》在游戏风格和玩法上有一定的差异，但这两款游戏都是各自公司的重要作品。我们应该尊重每个游戏的特点，同时也应该关注游戏本身的质量和玩家的满意度。希望《宝可梦》能够不断改进，为玩家带来更好的游戏体验。', 'baichuanOrigin');
INSERT INTO `Posts` (`postID`, `post`) VALUES (90, '【哈尔滨：没有一种“泼天富贵”是凭空而降】#哈尔滨泼天的富贵不是凭空而降#作为2024年第一个“出圈”的“网红城市”，哈尔滨的“爆火”究竟是运气还是努力？虽然哈尔滨冰雪大世界略为仓促的开局引起了一波声势浩大的退票风波，无论是哈尔滨还是哈尔滨冰雪大世界的口碑却在当地教科书般的回应中逆风翻盘。哈尔滨冰雪大世界无区别对待地退票、道歉并连夜整改，文旅局及时回应并第一时间赶赴现场督导，让无数网友纷纷以行动前往支持力挺哈尔滨。#哈尔滨搓澡大姨三班倒#一位哈尔滨当地餐饮店的负责人向澎湃新闻直言：“自从哈尔滨的退票事件之后，游客量很明显地上涨了。”哈尔滨在接待了一波又一波的游客却还没有“垮”的背后，恐怕不仅仅是靠“运气”就能承接住的。在面对满怀憧憬奔赴哈尔滨的游客时，哈尔滨也使出了“浑身解数”对游客“极尽宠溺”，甚至“掏空家底”。网友戏称，哈尔滨是“讨好型市格”。这背后，是哈尔滨各行各业的工作人员们和市民们都在默默努力。有服务行业相关人士表示：“我们当地政府有下文件，让当地人‘少（外出）吃饭’、‘少（外出）洗澡’，少在外面开车，让一让南方人（游客）。”然而，当地市民并没有在家闲着，而是自发上街帮忙，让游客们免费搭乘顺风车。据央视新闻报道，黑龙江省文旅厅党组书记、厅长何晶在接受采访时直言：“今年的火爆其实不是偶然的，我们已经做了一年的准备了。”与此同时，何晶指出，还要用游客的思维来换位思考。“就是我们发出的每一个视频，其实我们更关注地去看视频底下的那些评论，游客在评论区，他评论什么不满意，他需要什么我们就上什么。”#哈尔滨冻草莓都开始按个卖了#');
INSERT INTO `Pairs` (`pairsID`, `postID`, `comment`, `source`) VALUES (802, 90, '冰雪大世界都搞了二十几年了，年年赔钱也没有停办，终于等来了你们。', 'origin');
INSERT INTO `Pairs` (`pairsID`, `postID`, `comment`, `source`) VALUES (803, 90, '
这就是我们东北人，热情，大度，真诚，豪爽，会玩，有担当。', 'socialglm');
INSERT INTO `Pairs` (`pairsID`, `postID`, `comment`, `source`) VALUES (804, 90, '我靠，东北人太能玩了', 'baichuan');
INSERT INTO `Pairs` (`pairsID`, `postID`, `comment`, `source`) VALUES (805, 90, '哈尔滨泼天的富贵不是凭空而降，这个城市凭借自己的努力和诚意，成功赢得了游客们的青睐。无论是哈尔滨冰雪大世界的无区别退票、道歉并连夜整改，还是各行各业的工作人员和市民们的默默努力，都让人看到了这座城市的用心和努力。虽然一开始经历了退票风波，但哈尔滨以行动赢得了网友们的支持，成为2024年第一个“出圈”的“网红城市”。这背后，是哈尔滨各行各业的工作人员和市民们都在默默努力，他们用游客的思维来换位思考，关注评论者的需求，提供更好的服务。这样的哈尔滨，值得大家去支持和力挺！#哈尔滨冰雪大世界# #哈尔滨欢迎您#', 'glmWithShortPrompt');
INSERT INTO `Pairs` (`pairsID`, `postID`, `comment`, `source`) VALUES (806, 90, '这条微博讲述了一个关于哈尔滨如何从一场退票风波中逆风翻盘的故事，展现了哈尔滨人民和各行各业工作人员的辛勤付出。哈尔滨的“爆火”并非凭空而降，而是他们付出了努力和汗水，才赢得了游客们的支持和喜爱。这种对待游客的热情和敬业精神，让人感叹哈尔滨是一个充满魅力的“讨好型市格”城市。让我们为哈尔滨的努力和付出点赞，期待他们继续为大家带来更多美好的旅行体验！', 'baichuanWithShortPrompt');
INSERT INTO `Pairs` (`pairsID`, `postID`, `comment`, `source`) VALUES (807, 90, '看来哈尔滨的旅游 industry 正在努力吸引游客，提高服务质量，希望游客们能够喜欢这个城市。作为游客，我们也应该给予他们更多的支持和鼓励，让他们能够感受到我们的热情和友好。', 'glmWithLongPrompt');
INSERT INTO `Pairs` (`pairsID`, `postID`, `comment`, `source`) VALUES (808, 90, '评论：哈尔滨这座城市的独特魅力和热情好客让人印象深刻。从冰雪大世界到搓澡大姨，再到当地的美食和市民的支持，都展现出了哈尔滨人的热情和敬业精神。这样的城市，怎能不让人喜爱呢？让我们一起期待哈尔滨未来的发展吧！', 'baichuanWithLongPrompt');
INSERT INTO `Pairs` (`pairsID`, `postID`, `comment`, `source`) VALUES (809, 90, '哈尔滨的成功并非偶然，而是这座城市及其人民共同努力的结果。在面临退票风波时，哈尔滨以积极的态度，迅速解决问题，并采取一系列措施以吸引游客。这些措施包括提供优质服务，减少游客外出行为，以及提供免费搭乘等。此外，哈尔滨还根据游客的反馈，不断改进服务，以满足游客的需求。

哈尔滨的成功也得到了当地政府的大力支持。黑龙江省文旅厅党组书记、厅长何晶表示，哈尔滨的成功并非偶然，而是这座城市及其人民共同努力的结果。同时，何晶也强调了用游客的思维来换位思考的重要性。

总的来说，哈尔滨的成功是多方面因素的结合，包括优质的服务，当地政府的支持，以及游客与当地人民的互动。这是哈尔滨在2024年第一个“出圈”的“网红城市”地位背后的努力和付出。', 'glmOrigin');
INSERT INTO `Pairs` (`pairsID`, `postID`, `comment`, `source`) VALUES (810, 90, '哈尔滨作为一个旅游胜地，其火爆并非凭空而降，而是经过了一系列的准备和努力。从冰雪大世界的退票风波到市民的自发支持，再到政府部门的积极应对，哈尔滨展现出了良好的应对能力和服务水平。在接待大量游客的同时，哈尔滨也在努力满足游客的需求，提供优质的旅游体验。这种努力不仅仅体现在硬件设施上，还体现在软件服务上，如主动了解游客需求，提高服务质量等。这些都使得哈尔滨能够成功吸引游客，成为“网红城市”。同时，哈尔滨市民的热情好客和无私奉献也为这座城市增色不少，让游客感受到了家的温暖。总之，哈尔滨的火爆并非一蹴而就，而是各方共同努力的结果。', 'baichuanOrigin');
INSERT INTO `Posts` (`postID`, `post`) VALUES (91, '【夜读丨#二十四节气最后一个来了#！】明天22时07分，#大寒#至。至此，岁时一轮，二十四节气提笔收尾。时令已翻新，人生又迎崭新节点，愿乘风破浪，不负时光。​');
INSERT INTO `Pairs` (`pairsID`, `postID`, `comment`, `source`) VALUES (811, 91, '大寒至此见春意 小园韵致藏芬芳', 'origin');
INSERT INTO `Pairs` (`pairsID`, `postID`, `comment`, `source`) VALUES (812, 91, '
希望2023年开开心心，健健康康，平平安安', 'socialglm');
INSERT INTO `Pairs` (`pairsID`, `postID`, `comment`, `source`) VALUES (813, 91, '愿乘风破浪，不负时光', 'baichuan');
INSERT INTO `Pairs` (`pairsID`, `postID`, `comment`, `source`) VALUES (814, 91, '非常棒的观点！大寒是二十四节气中的最后一个，意味着冬季即将结束，春天即将到来。这是一个崭新的开始，我们应该抓住这个机会，勇往直前，迎接新的挑战和机遇。愿我们都能在新的一年里披荆斩棘，不断进步，不负时光，共同创造美好的人生！', 'glmWithShortPrompt');
INSERT INTO `Pairs` (`pairsID`, `postID`, `comment`, `source`) VALUES (815, 91, '这条微博真的让人感慨万千！二十四节气即将结束，仿佛在告诉我们时光荏苒，岁月如梭。在大寒这个特殊的日子里，我们要珍惜每一个时刻，乘风破浪，不负时光，迎接人生新的篇章。让我们一起努力，让每一天都充满意义！', 'baichuanWithShortPrompt');
INSERT INTO `Pairs` (`pairsID`, `postID`, `comment`, `source`) VALUES (816, 91, '#大寒至，时事如梦，愿你我都能乘风破浪，迎接新的挑战#', 'glmWithLongPrompt');
INSERT INTO `Pairs` (`pairsID`, `postID`, `comment`, `source`) VALUES (817, 91, '评论：大寒已至，岁月如诗。愿我们在新的一年里，乘风破浪，书写属于我们的美好篇章。', 'baichuanWithLongPrompt');
INSERT INTO `Pairs` (`pairsID`, `postID`, `comment`, `source`) VALUES (818, 91, '亲爱的朋友们，大家好！我是你们的人工智能助手。今天我们要一起夜读的是一些关于“大寒”的诗词和句子，感受这个节气所传达的意境和智慧。

大寒，是二十四节气中的最后一个节气，意味着冬季已过大半，寒冷的天气即将结束。此时，万物开始复苏，生机勃勃。正如诗人白居易所说：“大寒至，冬始俏，冬去春来，万物乃俏。”

在这个特殊的时刻，我们也要感谢大自然的恩赐，珍惜每一刻的时光。正如诗人杜牧所说：“岁寒，然后知松柏之后凋也。”我们要像松柏一样顽强，面对生活的风风雨雨，始终保持坚定的信念和积极的态度。

此外，大寒也是冬季的最后一个节气，意味着新的一轮时令已经到来。在这个节点上，我们要抓住机会，对自己的人生进行总结和反思，为新的一年做好规划和准备。正如诗人王之涣所说：“黄河之水天上来，奔流到海不复回。”我们要珍惜时光，勇往直前，不负韶华。

最后，让我们共同迎接新的一年，愿乘风破浪，不负时光。祝愿大家在新的一年里，事业有成，家庭幸福，身体健康！

这就是今天夜读的内容，希望对大家有所启发。感谢您的陪伴，我们下期再见！', 'glmOrigin');
INSERT INTO `Pairs` (`pairsID`, `postID`, `comment`, `source`) VALUES (819, 91, '【夜读丨#二十四节气最后一个来了#！】明天22时07分，#大寒#至。至此，岁时一轮，二十四节气提笔收尾。时令已翻新，人生又迎崭新节点，愿乘风破浪，不负时光。​​​', 'baichuanOrigin');
INSERT INTO `Posts` (`postID`, `post`) VALUES (92, '【小调查丨月入三四万，你愿意做不体面但赚钱的工作吗？】#在杭州做美缝真的能月入三四万吗#近年来，社交媒体上个别装修工种动辄三四万一个月的高薪，吸引部分年轻人入局。90后、95后年轻装修工人的生活什么样？店铺售卖美缝产品的小毕，手下有10来个美缝工，他则负责找订单对接客户，“年尾忙，这些天，工作订单都排满了。”小毕直言不讳，2018年来杭州，那时候，美缝行业竞争少，生意好时一个月可以拿3-4万月薪，“比坐办公室的上班族挣得要多。”2019年前，江浙沪装修生意红火，小毕趁势而上，赚了一笔。“美缝行业是装修工种中门槛最低的，找师傅学上几个月就能出师。也可以花点钱买一些材料，通过视频自学。”小毕说，2019年前赚钱容易，2019年后，越来越多的人加入美缝行业，特别是2023年，“卖保险的、卖手机、卖电脑的人都转行来做美缝，加剧了行业内卷。”薪资出现下滑，去年小毕每个月最多赚到2万块钱。而单干的美缝工人，比如1996年出生的小钟，一个月拿一万多薪资。#90后瓦工日薪2000在省会买了房#（钱江晚报）月入三四万，你愿意做不体面但赚钱的工作吗？');
INSERT INTO `Pairs` (`pairsID`, `postID`, `comment`, `source`) VALUES (820, 92, '这个工作不是不体面，而是不轻松，一般人干不下来。我家装修美缝自己搞得，腰快断了，眼睛差点瞎了。', 'origin');
INSERT INTO `Pairs` (`pairsID`, `postID`, `comment`, `source`) VALUES (821, 92, '
不是体面工作，是赚钱的工作', 'socialglm');
INSERT INTO `Pairs` (`pairsID`, `postID`, `comment`, `source`) VALUES (822, 92, '这个工作很体面啊，又干净又体面，我宁愿做这个也不愿意去工厂', 'baichuan');
INSERT INTO `Pairs` (`pairsID`, `postID`, `comment`, `source`) VALUES (823, 92, '作为人类，我理解每个人对于金钱的需求和追求。但是，我也认为工作不应该仅仅是为了赚钱，而是应该让人感到自豪和满足。不体面的工作可能会让人感到自卑和不安，从而影响身心健康。同时，工作也应该让人有成就感，能够体现自己的价值和能力。因此，我更愿意选择一份既能赚钱又能让我感到自豪的工作。而美缝工作虽然赚钱，但是需要花费大量时间和精力，而且工作环境可能比较恶劣，对于年轻人来说可能不太适合。', 'glmWithShortPrompt');
INSERT INTO `Pairs` (`pairsID`, `postID`, `comment`, `source`) VALUES (824, 92, '这条微博让我想起了之前关于高薪职业的话题，确实有些工作虽然看似不太体面，但如果能带来丰厚的收入，还是会吸引很多人去尝试。不过，在选择这样的工作时，我们需要权衡利弊，了解这份工作是否真的适合自己，以及是否能够长期稳定地获得高收入。同时，我们也要认识到，无论从事什么职业，只要付出努力和努力，都能实现自己的价值。', 'baichuanWithShortPrompt');
INSERT INTO `Pairs` (`pairsID`, `postID`, `comment`, `source`) VALUES (825, 92, '这样的高薪工作自然有其吸引力，但也要注意平衡工作与生活的关系，不要因为追求物质而忽略了精神层面的满足。同时，也要看到这个行业的竞争激烈，未来可能会有更多的挑战。不过，只要热爱这个行业，并且有足够的技能和经验，就能在这个领域取得成功。', 'glmWithLongPrompt');
INSERT INTO `Pairs` (`pairsID`, `postID`, `comment`, `source`) VALUES (826, 92, '评论：每个人的选择都应该被尊重，如果这个工作能让他们过上更好的生活，那么选择去做这份工作也是无可厚非的。关键是要保证工作的安全和健康，同时也要关注个人的心理和生活平衡。', 'baichuanWithLongPrompt');
INSERT INTO `Pairs` (`pairsID`, `postID`, `comment`, `source`) VALUES (827, 92, '对于这个问题，每个人的答案可能都不同。有人可能会选择做不体面但能赚钱的工作，因为他们的生活需要经济支持；而有人可能会更愿意选择体面但收入较低的工作，因为他们更看重工作的尊严和职业形象。

在杭州，美缝行业的工资确实相对较高，但是随着越来越多的人进入这个行业，工资也在逐渐下降。对于从事美缝行业的年轻人来说，他们需要不断提高自己的技能和专业知识，以在竞争激烈的行业中保持竞争力。

此外，我们还需要注意到，无论选择哪种工作，都不应该仅仅看中工资，还需要考虑工作的性质、工作的环境、工作时间等因素。只有选择适合自己的工作，才能真正实现个人的职业发展和生活目标。

总的来说，选择工作应该综合考虑各种因素，而不仅仅是工资。同时，无论选择哪种工作，都应该保持积极的态度，努力提升自己的技能和能力，以实现个人的职业发展和生活目标。', 'glmOrigin');
INSERT INTO `Pairs` (`pairsID`, `postID`, `comment`, `source`) VALUES (828, 92, '作为一个大语言模型，我没有个人意愿和选择，但是我可以为您提供一些参考意见。

首先，我们需要明确什么是“不体面但赚钱的工作”。这类工作可能包括一些低技能、高强度、高风险或者环境恶劣的工作，如装修工人、清洁工、快递员等。虽然这些工作可能并不光鲜亮丽，但是它们可以为人们带来稳定的收入和生活保障。

其次，我们需要考虑自己的价值观和生活目标。如果一个人追求的是物质财富和社会地位，那么选择这样的工作可能是符合其目标的。然而，如果一个人更看重精神层面的满足和个人成长，那么这样的工作可能并不是最佳选择。

最后，我们需要考虑自己的能力和兴趣。有些工作虽然不体面，但是需要很高的技能和专业知识，如医生、律师、工程师等。这些工作需要经过长时间的学习和实践才能掌握，而且需要付出很大的努力。如果自己没有足够的能力和兴趣，那么选择这样的工作可能会感到压力和挫败感。

总之，是否愿意做“不体面但赚钱的工作”取决于个人的价值观、生活目标和能力兴趣。在做决定之前，我们应该充分了解自己的需求和期望，并权衡各种因素，做出最适合自己的选择。', 'baichuanOrigin');
INSERT INTO `Posts` (`postID`, `post`) VALUES (93, '【惊艳！#铁花雨下舞龙年味这就来了#】1月27日晚，重庆市大渡口区万象汇湖畔广场举行了非遗龙舞、打铁花和川剧变脸的表演。流光溢彩的铁花绽放夜空，金花四溅，宛若一场漫天缤纷的“铁花雨”。#中国范儿过大年#​​​');
INSERT INTO `Pairs` (`pairsID`, `postID`, `comment`, `source`) VALUES (829, 93, '好美', 'origin');
INSERT INTO `Pairs` (`pairsID`, `postID`, `comment`, `source`) VALUES (830, 93, '
哇，好美呀，好喜欢', 'socialglm');
INSERT INTO `Pairs` (`pairsID`, `postID`, `comment`, `source`) VALUES (831, 93, '铁花飞溅，犹如繁星点点', 'baichuan');
INSERT INTO `Pairs` (`pairsID`, `postID`, `comment`, `source`) VALUES (832, 93, '哇塞，这场表演真是太惊艳了！#铁花雨下舞龙年味这就来了#看着那些五颜六色的铁花在夜空中绽放，真的感觉像是置身于一场漫天缤纷的盛宴。太棒了，这个春节真是越来越有年味了！#中国范儿过大年#', 'glmWithShortPrompt');
INSERT INTO `Pairs` (`pairsID`, `postID`, `comment`, `source`) VALUES (833, 93, '哇塞，这场铁花雨的表演真的太震撼了！仿佛置身于一个梦幻般的仙境之中。非遗龙舞、打铁花和川剧变脸的组合，让年味儿瞬间浓郁起来。中国范儿过大年的氛围真是让人陶醉！', 'baichuanWithShortPrompt');
INSERT INTO `Pairs` (`pairsID`, `postID`, `comment`, `source`) VALUES (834, 93, '铁花雨下舞龙年味这就来了！好热闹啊，传承传统文化太重要了！祝大家新年快乐，万事如意！#中国范儿过大年#', 'glmWithLongPrompt');
INSERT INTO `Pairs` (`pairsID`, `postID`, `comment`, `source`) VALUES (835, 93, '评论：铁花飞舞，年味渐浓，感受中国传统文化的魅力！', 'baichuanWithLongPrompt');
INSERT INTO `Pairs` (`pairsID`, `postID`, `comment`, `source`) VALUES (836, 93, '这场表演无疑为新春佳节增添了浓厚的节日气氛，让市民们感受到了中国传统节日的魅力。非遗龙舞、打铁花和川剧变脸等表演形式都是我国传统文化的瑰宝，通过这些表演，我们可以更好地传承和弘扬中华民族优秀的传统文化。在新的一年里，让我们共同为传统文化的传承和发扬而努力，为我们的生活增添更多的文化底蕴和魅力。', 'glmOrigin');
INSERT INTO `Pairs` (`pairsID`, `postID`, `comment`, `source`) VALUES (837, 93, '这场铁花雨下的舞龙表演，仿佛将我们带回了古老的春节氛围中，让人感受到了浓厚的年味。非遗龙舞、打铁花和川剧变脸等传统艺术表演，展示了中华民族丰富的文化特色和传承精神。在这个美好的夜晚，让我们一起感受中国传统文化的魅力，共同迎接新年的到来！', 'baichuanOrigin');
INSERT INTO `Posts` (`postID`, `post`) VALUES (94, '【手艺熊上线！#萌兰给自己做了一捆大牙签子#】1月3日，北京，萌兰变身手艺熊！坐在院子里乖乖吃笋的三太子，不大会儿功夫，就给自己做出了一大捆的大牙签子！#萌兰勉勉强强接受了新屁帘#（@飞天猪Alice）@农民频道​');
INSERT INTO `Pairs` (`pairsID`, `postID`, `comment`, `source`) VALUES (838, 94, '么么牌牙签，北动荣誉出品，每一根都由萌兰亲口选材，亲牙打造，炮制虽繁必不敢省熊工，品味虽贵必不敢减物力！么么牌牙签，哪里塞牙通哪里。自从有了么么牌牙签，妈妈再也不用担心我塞牙了！', 'origin');
INSERT INTO `Pairs` (`pairsID`, `postID`, `comment`, `source`) VALUES (839, 94, '
萌兰：我怎么这么厉害', 'socialglm');
INSERT INTO `Pairs` (`pairsID`, `postID`, `comment`, `source`) VALUES (840, 94, '萌兰：吃笋子啦！！！', 'baichuan');
INSERT INTO `Pairs` (`pairsID`, `postID`, `comment`, `source`) VALUES (841, 94, '哇，这手艺熊太厉害了！看萌兰那认真样，真是太可爱了。大牙签子看起来也很好吃呢，我也要吃！#萌兰手艺熊上线# #大牙签子#', 'glmWithShortPrompt');
INSERT INTO `Pairs` (`pairsID`, `postID`, `comment`, `source`) VALUES (842, 94, '哇，这只手艺熊真是太厉害了！看着它给自己做了一大捆大牙签子，真是让人忍不住想笑。看来萌兰已经成功地适应了新的屁帘，真是个可爱的家伙！希望它在北京的生活充满欢乐和惊喜！', 'baichuanWithShortPrompt');
INSERT INTO `Pairs` (`pairsID`, `postID`, `comment`, `source`) VALUES (843, 94, '手艺熊太可爱了，好有创意啊！', 'glmWithLongPrompt');
INSERT INTO `Pairs` (`pairsID`, `postID`, `comment`, `source`) VALUES (844, 94, '评论：手艺熊真厉害！这牙签子做得真棒，希望萌兰也能学会这门手艺，以后吃饭就更方便了！', 'baichuanWithLongPrompt');
INSERT INTO `Pairs` (`pairsID`, `postID`, `comment`, `source`) VALUES (845, 94, '手艺熊上线,萌兰给自己做了一捆大牙签子!北京,#萌兰勉勉强强接受了新屁帘#(@飞天猪Alice)@农民频道​。看来我们的萌兰小熊已经学会了自己动手,丰衣足食啦!大牙签子看起来很可爱,不知道味道如何呢?', 'glmOrigin');
INSERT INTO `Pairs` (`pairsID`, `postID`, `comment`, `source`) VALUES (846, 94, '【手艺熊上线！#萌兰给自己做了一捆大牙签子#】1月3日，北京，萌兰变身手艺熊！坐在院子里乖乖吃笋的三太子，不大会儿功夫，就给自己做出了一大捆的大牙签子！#萌兰勉勉强强接受了新屁帘#（@飞天猪Alice）@农民频道​', 'baichuanOrigin');
INSERT INTO `Posts` (`postID`, `post`) VALUES (95, '【社死现场：#一只小熊猫拒绝了你的搭讪#】#灵感中国#1月24日上午，四川洪雅瓦屋山景区工作人员在雪地里抓拍到两只小熊猫。不仅演了一出“搭讪”失败，还和工作人员对视互动↓↓​');
INSERT INTO `Pairs` (`pairsID`, `postID`, `comment`, `source`) VALUES (847, 95, '小熊猫真是害羞的小可爱呀，这一幕简直是萌化了冰雪！', 'origin');
INSERT INTO `Pairs` (`pairsID`, `postID`, `comment`, `source`) VALUES (848, 95, '
看看这熊猫小宝贝，真可爱', 'socialglm');
INSERT INTO `Pairs` (`pairsID`, `postID`, `comment`, `source`) VALUES (849, 95, '大熊猫：你这样搭讪我可不好意思', 'baichuan');
INSERT INTO `Pairs` (`pairsID`, `postID`, `comment`, `source`) VALUES (850, 95, '哇，这只小熊猫真的是太可爱了！它竟然在雪地里演了一出“搭讪”失败，太有喜感了。不过，它和工作人员的对视互动也让人忍不住想笑。这个场景真的是太有创意了，太有灵感了！#一只小熊猫拒绝了你的搭讪# #灵感中国#', 'glmWithShortPrompt');
INSERT INTO `Pairs` (`pairsID`, `postID`, `comment`, `source`) VALUES (851, 95, '哇，这只小熊猫真的好可爱啊！看来它也是个害羞的小家伙呢，拒绝了一次有趣的搭讪。希望它能继续在这片美丽的山水间快乐地生活，和工作人员们成为好朋友。', 'baichuanWithShortPrompt');
INSERT INTO `Pairs` (`pairsID`, `postID`, `comment`, `source`) VALUES (852, 95, '小熊猫太可爱了吧，不过它应该是真的在拒绝这位工作人员的搭讪哦，哈哈。#小熊猫拒绝搭讪# #洪雅瓦屋山# #动物萌态#', 'glmWithLongPrompt');
INSERT INTO `Pairs` (`pairsID`, `postID`, `comment`, `source`) VALUES (853, 95, '评论：哈哈，小熊猫也太可爱了，拒绝搭讪也这么有趣！希望它们能继续快乐生活在大自然中。', 'baichuanWithLongPrompt');
INSERT INTO `Pairs` (`pairsID`, `postID`, `comment`, `source`) VALUES (854, 95, '洪雅瓦屋山景区工作人员在雪地里抓拍到两只小熊猫，其中一只小熊猫似乎对工作人员的搭讪并不感兴趣，反而和工作人员对视互动，演了一出“搭讪”失败。这一幕被捕捉到并上传网络，引发网友们的热议。

#一只小熊猫拒绝了你的搭讪#话题迅速在社交媒体上热起来，许多网友纷纷表示：“小熊猫真会装，我都想搭讪了”、“看来我得重新调整搭讪策略了”、“小熊猫的拒绝方式过于直接，我可能会被搭讪者打伤”。

这一场景也让我们意识到，动物的世界和人类的世界有很大的不同，它们有自己独特的交流方式和行为习惯。作为人类，我们应该尊重和保护动物的权益，不要过分干扰它们的生活。

洪雅瓦屋山景区工作人员的抓拍行为是值得肯定的，他们的工作让更多的人了解到了大自然的美好和生物的多样性。同时，我们也应该从中汲取到生活的乐趣和启示，学会尊重和保护自然，与自然和谐共处。', 'glmOrigin');
INSERT INTO `Pairs` (`pairsID`, `postID`, `comment`, `source`) VALUES (855, 95, '【社死现场：#一只小熊猫拒绝了你的搭讪#】#灵感中国#1月24日上午，四川洪雅瓦屋山景区工作人员在雪地里抓拍到两只小熊猫。不仅演了一出“搭讪”失败，还和工作人员对视互动↓↓​', 'baichuanOrigin');
INSERT INTO `Posts` (`postID`, `post`) VALUES (96, '【离职季】在今天早些时候巴萨主场3比5遭黄潜逆转赛后，哈维宣布赛季末离任。巴萨官方也发出通知：哈维-埃尔南德斯宣布，他将于6月30日起不再担任巴萨主教练一职。#哈维将卸任巴萨主帅#​');
INSERT INTO `Pairs` (`pairsID`, `postID`, `comment`, `source`) VALUES (856, 96, '呵呵', 'origin');
INSERT INTO `Pairs` (`pairsID`, `postID`, `comment`, `source`) VALUES (857, 96, '
离了谱的换帅，离开巴萨也别想找到工作', 'socialglm');
INSERT INTO `Pairs` (`pairsID`, `postID`, `comment`, `source`) VALUES (858, 96, '这帮子人，一个两个都不争气', 'baichuan');
INSERT INTO `Pairs` (`pairsID`, `postID`, `comment`, `source`) VALUES (859, 96, '哈维离任巴萨主帅的消息令人震惊，他的离职无疑给球队带来了巨大的影响。虽然他在任期内取得了一系列辉煌的成就，但在这个时刻离开，还是让人感到唏嘘。希望哈维在未来的职业生涯中能够取得更多的成功，同时也祝愿巴萨能够在新的教练带领下继续创造辉煌。#哈维将卸任巴萨主帅#', 'glmWithShortPrompt');
INSERT INTO `Pairs` (`pairsID`, `postID`, `comment`, `source`) VALUES (860, 96, '这条微博真是让人震惊！在巴萨如此重要的比赛中遭遇惨败，哈维却在这个时候决定离任，真是让人难以理解。不过，我们也尊重他的决定，希望他在未来的职业生涯中能够取得更好的成绩。同时，我们也期待巴萨能够尽快找到一位新的优秀主教练，带领球队走出困境。', 'baichuanWithShortPrompt');
INSERT INTO `Pairs` (`pairsID`, `postID`, `comment`, `source`) VALUES (861, 96, '看来足球世界的变化无常，哈维的离任让人感慨。希望他未来的事业一切顺利！', 'glmWithLongPrompt');
INSERT INTO `Pairs` (`pairsID`, `postID`, `comment`, `source`) VALUES (862, 96, '评论：哈维的离开是巴萨的一个损失，但他为球队付出的努力将永远被铭记。期待他在未来的职业生涯中取得更多的成就！', 'baichuanWithLongPrompt');
INSERT INTO `Pairs` (`pairsID`, `postID`, `comment`, `source`) VALUES (863, 96, '哈维在巴萨的辞职决定并不令人意外，他在任期内面临着许多挑战，包括球队的财政困境和竞技场上的表现压力。然而，他的离职仍然标志着一个时代的结束，以及巴萨需要重新寻找适合的主教练来带领球队继续前进。

对于哈维的离职，我们可以从两个方面来看待。一方面，他作为巴萨的主教练，为球队带来了很多精彩的比赛和胜利，也培养和挖掘了许多优秀的球员。另一方面，他也面临着许多挑战和压力，包括球队的财政困境和竞技场上的表现压力，这些挑战可能影响了他继续留在球队的决心。

无论如何，哈维在巴萨的时光已经画上了句号，我们期待着他未来的发展和成就。同时，巴萨也需要尽快找到合适的主教练，以带领球队继续前进。', 'glmOrigin');
INSERT INTO `Pairs` (`pairsID`, `postID`, `comment`, `source`) VALUES (864, 96, '在今天的巴萨主场比赛中，球队以3比5的比分惨败给比利亚雷亚尔，导致主教练哈维在比赛后宣布将在赛季末离任。巴萨官方也确认了这一消息，哈维-埃尔南德斯将于6月30日起不再担任巴萨主教练一职。这一消息引起了球迷和媒体的关注，许多人对哈维在巴萨的执教生涯表示敬意，同时也对他的未来充满期待。', 'baichuanOrigin');
INSERT INTO `Posts` (`postID`, `post`) VALUES (97, '【萬千星輝頒獎典禮2023】最佳劇集：新聞女王昨晚在澳門，我們的君好@佘詩曼Charmaine吹響哨子，她的初哥哥@張智霖登場作為嘉賓頒發今年最佳劇集獎項，最後由她主演的《 新聞女王 》從其他競爭對手中脫穎而出，勇奪這個獎項！《 新聞女王 》今晚先後奪得最佳女配角、馬來西亞最佳男女主角、大灣區最喜愛電視劇集及女主角、最佳電視歌曲、最佳女主角、以及最佳劇集，全晚囊括八大獎項，無可匹敵！《 新聞女王 》得到大家投票支持，得獎實至名歸，再次恭喜！#佘诗曼吹哨召唤张智霖##新闻女王获tvb最佳剧集##2023tvb颁奖礼获奖名单#');
INSERT INTO `Pairs` (`pairsID`, `postID`, `comment`, `source`) VALUES (865, 97, '给她哨子那一刻就猜到了！我们佘诗曼有很多经典IP，TVB这次颁奖很有心意👍', 'origin');
INSERT INTO `Pairs` (`pairsID`, `postID`, `comment`, `source`) VALUES (866, 97, '
恭喜新闻女王，恭喜张智霖，再次恭喜！', 'socialglm');
INSERT INTO `Pairs` (`pairsID`, `postID`, `comment`, `source`) VALUES (867, 97, '恭喜佘诗曼，新闻女王值得', 'baichuan');
INSERT INTO `Pairs` (`pairsID`, `postID`, `comment`, `source`) VALUES (868, 97, '哇！昨晚的万千星辉颁奖礼真是太精彩了！新闻女王佘诗曼主演的作品《新闻女王》获得了最佳剧集奖项，同时她还获得了最佳女配角、马来西亚最佳男女主角、大湾區最喜爱电视剧集及女主角、最佳电视歌曲、最佳女主角和最佳剧集八大奖项，真是太厉害了！她的表演和实力确实值得我们 voting for ！再次恭喜佘诗曼！#佘诗曼吹哨召唤张智霖##新闻女王获tvb最佳剧集##2023tvb颁奖礼获奖名单#', 'glmWithShortPrompt');
INSERT INTO `Pairs` (`pairsID`, `postID`, `comment`, `source`) VALUES (869, 97, '这条微博真是一场视听盛宴！看到@佘詩曼Charmaine和@張智霖在萬千星輝頒獎典禮2023上共同為《新聞女王》頒發最佳劇集獎項，真是令人激动不已！《新聞女王》的成績實至名歸，全晚囊括八大獎項，無可匹敵！再次恭喜@佘詩曼Charmaine和整個《新聞女王》團隊！#佘诗曼吹哨召唤张智霖##新闻女王获tvb最佳剧集##2023tvb颁奖礼获奖名单#', 'baichuanWithShortPrompt');
INSERT INTO `Pairs` (`pairsID`, `postID`, `comment`, `source`) VALUES (870, 97, '太棒了！佘詩曼在萬千星輝頒獎典禮上大放異彩，多部剧集獲得大奖，實至名歸！她的演技和表現一直以來都受到觀眾的讚譽，恭喜她再次獲得殊荣！希望她未來能繼續帶來更多精彩的演出。#佘詩曼 的新闻女王', 'glmWithLongPrompt');
INSERT INTO `Pairs` (`pairsID`, `postID`, `comment`, `source`) VALUES (871, 97, '评论：恭喜《新聞女王》獲得最佳劇集獎項，這是對君好佘詩曼和整個劇組的肯定。這部劇展示了新聞人員的辛勤工作與付出，希望未來能繼續看到更多這類實際主義的劇集。', 'baichuanWithLongPrompt');
INSERT INTO `Pairs` (`pairsID`, `postID`, `comment`, `source`) VALUES (872, 97, '热烈祝贺《新闻女王》在2023年TVB颁奖礼中荣获最佳剧集奖项，以及多项其他重要奖项！这一成绩充分展示了该剧集的高品质和观众对该剧的喜爱。再次恭喜佘诗曼老师和张智霖老师，他们的努力和付出得到了肯定。希望未来他们能带来更多优秀的作品。', 'glmOrigin');
INSERT INTO `Pairs` (`pairsID`, `postID`, `comment`, `source`) VALUES (873, 97, '【萬千星輝頒獎典禮2023】最佳劇集：新聞女王昨晚在澳門，我們的君好@佘詩曼Charmaine吹響哨子，她的初哥哥@張智霖登場作為嘉賓頒發今年最佳劇集獎項，最後由她主演的《 新聞女王 》從其他競爭對手中脫穎而出，勇奪這個獎項！《 新聞女王 》今晚先後奪得最佳女配角、馬來西亞最佳男女主角、大灣區最喜愛電視劇集及女主角、最佳電視歌曲、最佳女主角、以及最佳劇集，全晚囊括八大獎項，無可匹敵！《 新聞女王 》得到大家投票支持，得獎實至名歸，再次恭喜！#佘诗曼吹哨召唤张智霖##新闻女王获tvb最佳剧集##2023tvb颁奖礼获奖名单#', 'baichuanOrigin');
INSERT INTO `Posts` (`postID`, `post`) VALUES (98, '【空腹不能喝牛奶、吃香蕉？错了！#真正不能空腹吃的是这3种水果#】王女士这阵子身体总是不舒服，反酸、上腹痛，硬抗了几天才去医院检查。医生给王女士安排了胃镜，结果在胃里发现了两块核桃大小的结石，胃粘膜还出现了溃疡。胃部疾病的出现通常和不良的饮食习惯有关，于是医生详细询问了王女士的饮食习惯，最终发现了元凶——柿子。胃结石，也叫做胃石症，是由某些食物或者药物在胃里发生反应，形成的不消化固体异物。不过除柿子外，以下两种常见的水果（或相关制品），同样可能会引发胃结石，日常进食时注意不能吃太多。#为何水果越来越好看却越来越难吃#');
INSERT INTO `Pairs` (`pairsID`, `postID`, `comment`, `source`) VALUES (874, 98, '柿子、山楂、黑枣', 'origin');
INSERT INTO `Pairs` (`pairsID`, `postID`, `comment`, `source`) VALUES (875, 98, '
不是只有柿子，还有西红柿，苹果，香蕉', 'socialglm');
INSERT INTO `Pairs` (`pairsID`, `postID`, `comment`, `source`) VALUES (876, 98, '我喝牛奶吃香蕉都没问题', 'baichuan');
INSERT INTO `Pairs` (`pairsID`, `postID`, `comment`, `source`) VALUES (877, 98, '空腹不能吃牛奶、吃香蕉？错了！#真正不能空腹吃的是这3种水果#。看到这条微博，我突然想到我之前听说的一种说法，空腹吃香蕉会刺激胃酸分泌，对身体不好。不过，看了这条微博，原来还有柿子和其他水果也会引发胃结石。看来我们在吃水果的时候，真的要注意适量，不能吃太多。另外，关于胃结石，我之前了解得并不多，现在科学界对它的认识已经更加清晰了，我们可以通过这条微博学到很多。', 'glmWithShortPrompt');
INSERT INTO `Pairs` (`pairsID`, `postID`, `comment`, `source`) VALUES (878, 98, '这条微博告诉我们，空腹时确实不宜食用某些水果，尤其是柿子。然而，除了柿子之外，其他两种可能导致胃结石的水果（或相关制品）也是需要注意的。在日常生活中，我们应该养成良好的饮食习惯，避免过多摄入可能对身体造成影响的水果。同时，我们也应该关注食物的来源和质量，确保自己摄取到充足的营养，保持身体健康。', 'baichuanWithShortPrompt');
INSERT INTO `Pairs` (`pairsID`, `postID`, `comment`, `source`) VALUES (879, 98, '这就是食物之间的相生相克吗？', 'glmWithLongPrompt');
INSERT INTO `Pairs` (`pairsID`, `postID`, `comment`, `source`) VALUES (880, 98, '评论：原来空腹不能吃的水果不仅仅是柿子，还有香蕉和牛奶。以后要注意饮食搭配，避免对身体造成不良影响。同时，也要注意保持健康的饮食习惯，预防胃部疾病。', 'baichuanWithLongPrompt');
INSERT INTO `Pairs` (`pairsID`, `postID`, `comment`, `source`) VALUES (881, 98, '空腹不能吃香蕉和喝牛奶的观念其实并不科学。香蕉中含有丰富的营养物质，如钾、镁、钙等，可以帮助维持血压和心跳的正常范围，同时还有助于改善心血管健康。牛奶则含有丰富的蛋白质、钙、磷、锌等矿物质，对人体骨骼、牙齿、神经系统等方面都有很好的营养作用。

然而，空腹吃柿子可能会引发胃结石，因为柿子中含有较多的鞣酸，空腹食用容易使胃酸与鞣酸结合生成凝固物，影响消化吸收。此外，柿子中的收敛成分还可能导致胃部不适。

同样，空腹吃较多的葡萄柚或橙子也可能对胃部产生刺激，引起胃部不适。因此，在空腹时，最好避免食用这些水果或相关制品，以减少对胃部的刺激。

至于水果越来越好看却越来越难吃的问题，可能是因为现代化的种植、加工和运输方式导致了水果品质的下降。此外，水果的品种也在不断减少，使得市场上的水果种类变得越来越单一。为了保持水果的品质，建议购买时选择新鲜、本地、品种多样的水果，并注意存储和加工方式，以最大限度地保留水果的营养和口感。', 'glmOrigin');
INSERT INTO `Pairs` (`pairsID`, `postID`, `comment`, `source`) VALUES (882, 98, '1. 柿子：柿子中的鞣酸和果胶含量较高，与胃酸结合后容易形成不易消化的柿石。建议避免空腹食用柿子，尤其是未成熟的柿子。

2. 黑莓、覆盆子等浆果类水果：这类水果中含有较多的纤维和果胶，容易形成胃石。建议适量食用，同时注意不要空腹食用。

3. 香蕉：虽然香蕉对胃部的刺激较小，但若摄入过多，也可能导致消化不良。建议适量食用，同时避免空腹食用。

除了水果，一些食物如牛奶、豆浆等也可能与胃酸反应形成结石。因此，建议避免空腹大量摄入这些食物。同时，保持良好的饮食习惯，避免过度饥饿或暴饮暴食，有助于维护胃部健康。如有胃部不适，应及时就医。', 'baichuanOrigin');
INSERT INTO `Posts` (`postID`, `post`) VALUES (99, '【网约车被禁止在上海浦东机场揽客运营，各方怎么看？】1月29日，上海市道路运输管理局发布《关于禁止网约车在浦东机场运营的通知》。其中提到，为确保浦东机场陆侧交通顺畅有序，特别是春运期间，严格禁止网约车在浦东机场区域揽客运营。

2月1日，澎湃新闻记者实测发现，滴滴出行、高德地图、美团打车已无法在浦东机场区域内下单。同时，记者以上海虹桥机场、上海虹桥站、上海火车站为起始点，在滴滴出行以及高德地图等平台查询，可以正常下单。

对此，出租车驾驶员虽然感到振奋，但也有少许担忧：禁了网约车，黑车在浦东机场会不会有更多空子可钻？网约车司机则表示，目前可以去虹桥机场和虹桥火车站接单，“如果后面生意变差了，就去开出租。”

华东政法大学法律学院副院长陈越峰在接受上海电视台《新闻透视》采访时表示，此次针对网约车的规定，既没有依据也不合理。限制了网约车司机的运营的权利，也涉及和巡游车之间的公平竞争，侵害了网约车的公平竞争权。#网约车被禁止在浦东机场运营#');
INSERT INTO `Pairs` (`pairsID`, `postID`, `comment`, `source`) VALUES (883, 99, '网约车也是合法的', 'origin');
INSERT INTO `Pairs` (`pairsID`, `postID`, `comment`, `source`) VALUES (884, 99, '
又不是不能去，只是不能接单', 'socialglm');
INSERT INTO `Pairs` (`pairsID`, `postID`, `comment`, `source`) VALUES (885, 99, '滴滴打车是非法运营，网约车是合法运营。', 'baichuan');
INSERT INTO `Pairs` (`pairsID`, `postID`, `comment`, `source`) VALUES (886, 99, '这次网约车被禁止在浦东机场运营的规定引发了很多争议。一方面，这是为了确保浦东机场的交通顺畅有序，特别是在春运期间，另一方面，这样的规定也限制了网约车司机的运营权利，涉及到了公平竞争的问题。对于乘客来说，选择出行方式的权利也受到了影响。这是一个需要综合考虑的问题，各方都应该积极参与讨论，找到一个合理的解决方案。', 'glmWithShortPrompt');
INSERT INTO `Pairs` (`pairsID`, `postID`, `comment`, `source`) VALUES (887, 99, '这条微博反映了上海市道路运输管理局发布的《关于禁止网约车在浦东机场运营的通知》，这一规定引发了广泛关注和讨论。一方面，出租车驾驶员对这一规定表示振奋，认为这有助于打击非法营运车辆；另一方面，网约车司机则表示，尽管目前还可以在虹桥机场和虹桥火车站接单，但如果生意变差，他们会选择转行开出租车。

然而，华东政法大学法律学院副院长陈越峰认为，这一规定没有法律依据，也侵犯了网约车公平竞争权。因此，各方应充分讨论，寻求更加公平合理的解决方案。', 'baichuanWithShortPrompt');
INSERT INTO `Pairs` (`pairsID`, `postID`, `comment`, `source`) VALUES (888, 99, '#网约车被禁止在浦东机场运营#这样规定是否合理？是否考虑到了各方利益？是否有助于解决实际问题？期待相关部门的回应和解决方案。', 'glmWithLongPrompt');
INSERT INTO `Pairs` (`pairsID`, `postID`, `comment`, `source`) VALUES (889, 99, '评论：这个规定确实让人有些困惑。虽然为了保证机场的交通秩序，但限制网约车在特定区域的运营似乎并不合理。希望相关部门能充分考虑各种因素，制定更加公平合理的政策。同时，也希望网约车司机能够找到合适的出路，继续为市民提供便捷的出行服务。', 'baichuanWithLongPrompt');
INSERT INTO `Pairs` (`pairsID`, `postID`, `comment`, `source`) VALUES (890, 99, '关于上海市道路运输管理局禁止网约车在浦东机场区域揽客运营的通知，各方观点并不一致。

网约车司机和出租车驾驶员的观点：他们认为，这一规定限制了网约车司机的运营权利，影响了他们的生计。同时，他们担忧黑车会在浦东机场区域有更多的市场空间。

巡游车驾驶员的观点：他们认为，网约车和巡游车在浦东机场区域存在公平竞争问题，此次禁止网约车在浦东机场运营可以减少巡游车的竞争压力。

法律专家的观点：他认为，此次规定没有依据，也不合理。限制了网约车司机的运营权利，同时也涉及到了巡游车之间的公平竞争问题，侵害了网约车公平竞争权。

我国在对待网约车和巡游车的问题上，一直强调公平竞争和合理监管。在保障乘客权益的同时，也要保障网约车司机的合法权益。对于此类问题，相关部门应该进行进一步调研和讨论，制定出更加合理和公平的规则，以促进我国网约车行业的健康发展。', 'glmOrigin');
INSERT INTO `Pairs` (`pairsID`, `postID`, `comment`, `source`) VALUES (891, 99, '各方看法：

1. 出租车驾驶员：感到振奋，因为网约车被禁止后，出租车业务可能会更好做。但也有一些担忧，担心黑车会在浦东机场有更多的空间。

2. 网约车司机：目前可以去虹桥机场和虹桥火车站接单，如果生意变差，可以选择开出租车。他们认为这一规定没有充分考虑到网约车司机的利益。

3. 陈越峰，华东政法大学法律学院副院长：认为这一规定没有法律依据，限制了网约车司机的运营权利，同时也侵犯了网约车的公平竞争权。他认为应该对网约车进行合理的监管，而不是完全禁止。

4. 普通市民：有人认为这一规定是为了保障乘客的安全和出行便利，但也有人觉得这可能会影响到网约车司机的生活。

总的来说，各方对于这一规定的看法不一，有些人支持，有些人反对。但在实施过程中，需要充分考虑各种因素，确保政策的合理性和公平性。', 'baichuanOrigin');
INSERT INTO `Posts` (`postID`, `post`) VALUES (100, '【网约车被禁止在上海浦东机场揽客运营，各方怎么看？】1月29日，上海市道路运输管理局发布《关于禁止网约车在浦东机场运营的通知》。其中提到，为确保浦东机场陆侧交通顺畅有序，特别是春运期间，严格禁止网约车在浦东机场区域揽客运营。

2月1日，澎湃新闻记者实测发现，滴滴出行、高德地图、美团打车已无法在浦东机场区域内下单。同时，记者以上海虹桥机场、上海虹桥站、上海火车站为起始点，在滴滴出行以及高德地图等平台查询，可以正常下单。

对此，出租车驾驶员虽然感到振奋，但也有少许担忧：禁了网约车，黑车在浦东机场会不会有更多空子可钻？网约车司机则表示，目前可以去虹桥机场和虹桥火车站接单，“如果后面生意变差了，就去开出租。”

华东政法大学法律学院副院长陈越峰在接受上海电视台《新闻透视》采访时表示，此次针对网约车的规定，既没有依据也不合理。限制了网约车司机的运营的权利，也涉及和巡游车之间的公平竞争，侵害了网约车的公平竞争权。#网约车被禁止在浦东机场运营#');
INSERT INTO `Pairs` (`pairsID`, `postID`, `comment`, `source`) VALUES (892, 100, '涉嫌垄断市场[吃瓜]', 'origin');
INSERT INTO `Pairs` (`pairsID`, `postID`, `comment`, `source`) VALUES (893, 100, '
这就是在劫难逃的“地摊经济”吧', 'socialglm');
INSERT INTO `Pairs` (`pairsID`, `postID`, `comment`, `source`) VALUES (894, 100, '滴滴顺风车可以正常接单', 'baichuan');
INSERT INTO `Pairs` (`pairsID`, `postID`, `comment`, `source`) VALUES (895, 100, '这次禁止网约车在浦东机场运营的规定引发了很多争议。一方面，这是为了确保浦东机场的交通顺畅有序，特别是在春运期间。另一方面，这一规定也限制了网约车司机的运营权利，涉及到了公平竞争的问题。对于乘客来说，选择出行方式的权利也受到了影响。这是一个需要综合考虑的问题，各方都应该积极参与讨论，找到一个合理的解决方案。', 'glmWithShortPrompt');
INSERT INTO `Pairs` (`pairsID`, `postID`, `comment`, `source`) VALUES (896, 100, '这条微博反映了上海市道路运输管理局发布的《关于禁止网约车在浦东机场运营的通知》，这一政策对于出租车行业来说无疑是一个好消息，但同时也引发了一些担忧。禁止网约车在浦东机场运营，可能会给黑车带来更多的机会。而对于网约车司机来说，虽然可以去虹桥机场和虹桥火车站接单，但如果生意变差，他们可能会选择转行开出租车。

然而，从法律角度来看，这一政策并没有法律依据，同时也侵犯了网约车的公平竞争权。因此，有关部门在制定相关政策时，应该充分考虑各种因素，确保公平合理。', 'baichuanWithShortPrompt');
INSERT INTO `Pairs` (`pairsID`, `postID`, `comment`, `source`) VALUES (897, 100, '#网约车被禁止在浦东机场运营#这样规定是否合理？是否考虑到了各方利益？是否有助于解决实际问题？期待相关部门的回应和解决方案。', 'glmWithLongPrompt');
INSERT INTO `Pairs` (`pairsID`, `postID`, `comment`, `source`) VALUES (898, 100, '评论：这次的规定确实让人有些困惑。虽然为了保证机场的交通秩序，但是限制网约车在特定区域的运营似乎并不合理。希望相关部门能够重新审视这个问题，确保公平竞争，同时也方便乘客出行。', 'baichuanWithLongPrompt');
INSERT INTO `Pairs` (`pairsID`, `postID`, `comment`, `source`) VALUES (899, 100, '关于上海市道路运输管理局禁止网约车在浦东机场区域揽客运营的通知，各方观点并不一致。

网约车司机和出租车驾驶员的观点：他们认为，这一规定限制了网约车司机的运营权利，影响了他们的生计。同时，他们担忧黑车会在浦东机场区域有更多的市场空间。

巡游车驾驶员的观点：他们认为，网约车和巡游车在浦东机场区域存在公平竞争问题，此次禁止网约车在浦东机场运营可以减少巡游车的竞争压力。

法律专家的观点：他认为，此次规定没有依据，也不合理。限制了网约车司机的运营权利，同时也涉及到了巡游车之间的公平竞争问题，侵害了网约车公平竞争权。

我国在对待网约车和巡游车的问题上，一直强调公平竞争和合理监管。在保障乘客权益的同时，也要保障网约车司机的合法权益。对于此类问题，相关部门应该进行进一步调研和讨论，制定出更加合理和公平的规则，以促进我国网约车行业的健康发展。', 'glmOrigin');
INSERT INTO `Pairs` (`pairsID`, `postID`, `comment`, `source`) VALUES (900, 100, '各方看法：

1. 出租车驾驶员：感到振奋，因为网约车被禁止后，出租车业务可能会变得更好。但也有一些担忧，担心黑车会在浦东机场有更多的空间。

2. 网约车司机：目前可以去虹桥机场和虹桥火车站接单，如果生意变差，可以考虑去开出租车。他们认为这一规定没有依据，侵犯了他们的运营权利和公平竞争权。

3. 陈越峰，华东政法大学法律学院副院长：认为这一规定没有依据，限制了网约车司机的运营权利，同时也涉及到巡游车和网约车之间的公平竞争问题。他认为应该保障网约车的公平竞争权。

4. 普通市民：对于这一规定，部分市民表示理解，认为这样可以保证浦东机场的交通秩序；但也有一部分市民表示，如果网约车可以去虹桥机场和虹桥火车站接单，那么这一规定的影响会减小。

总的来说，各方对于网约车被禁止在浦东机场运营的看法不一，有人支持，也有人反对。然而，无论怎样，都应该确保所有出租车司机和网约车司机的合法权益不受侵犯，同时保障乘客的出行便利和安全。', 'baichuanOrigin');

COMMIT;